"","HALLMARK_TNFA_SIGNALING_VIA_NFKB","HALLMARK_HYPOXIA","HALLMARK_G2M_CHECKPOINT","HALLMARK_ADIPOGENESIS","HALLMARK_ESTROGEN_RESPONSE_EARLY","HALLMARK_ESTROGEN_RESPONSE_LATE","HALLMARK_MYOGENESIS","HALLMARK_INTERFERON_GAMMA_RESPONSE","HALLMARK_APICAL_JUNCTION","HALLMARK_COMPLEMENT","HALLMARK_MTORC1_SIGNALING","HALLMARK_E2F_TARGETS","HALLMARK_MYC_TARGETS_V1","HALLMARK_EPITHELIAL_MESENCHYMAL_TRANSITION","HALLMARK_INFLAMMATORY_RESPONSE","HALLMARK_XENOBIOTIC_METABOLISM","HALLMARK_OXIDATIVE_PHOSPHORYLATION","HALLMARK_GLYCOLYSIS","HALLMARK_P53_PATHWAY","HALLMARK_HEME_METABOLISM","HALLMARK_ALLOGRAFT_REJECTION","HALLMARK_KRAS_SIGNALING_UP","HALLMARK_KRAS_SIGNALING_DN","HALLMARK_MITOTIC_SPINDLE","HALLMARK_IL2_STAT5_SIGNALING","HALLMARK_APOPTOSIS","HALLMARK_FATTY_ACID_METABOLISM","HALLMARK_UV_RESPONSE_UP","HALLMARK_DNA_REPAIR","HALLMARK_UV_RESPONSE_DN","HALLMARK_COAGULATION","HALLMARK_SPERMATOGENESIS","HALLMARK_UNFOLDED_PROTEIN_RESPONSE","HALLMARK_BILE_ACID_METABOLISM","HALLMARK_PI3K_AKT_MTOR_SIGNALING","HALLMARK_PEROXISOME","HALLMARK_ANDROGEN_RESPONSE","HALLMARK_INTERFERON_ALPHA_RESPONSE","HALLMARK_PROTEIN_SECRETION","HALLMARK_IL6_JAK_STAT3_SIGNALING","HALLMARK_CHOLESTEROL_HOMEOSTASIS","HALLMARK_MYC_TARGETS_V2","HALLMARK_TGF_BETA_SIGNALING","HALLMARK_REACTIVE_OXYGEN_SPECIES_PATHWAY","HALLMARK_APICAL_SURFACE","HALLMARK_WNT_BETA_CATENIN_SIGNALING","HALLMARK_PANCREAS_BETA_CELLS","HALLMARK_HEDGEHOG_SIGNALING","HALLMARK_ANGIOGENESIS","HALLMARK_NOTCH_SIGNALING"
"SNP-1_1",0.7936031984008,0.221389305347326,0.391304347826087,0.247876061969015,0.51424287856072,0.638680659670165,0.209895052473763,0.746626686656672,0.257371314342829,0.121939030484758,0.549225387306347,0.454272863568216,0.488255872063968,0.840579710144927,0.865567216391804,0.631684157921039,0.224887556221889,0.230884557721139,0.740129935032484,0.262868565717141,0.776111944027986,0.252373813093453,0.0935814602372788,0.407796101949025,0.374812593703148,0.709145427286357,0.608695652173913,0.225387306346827,0.580709645177411,0.664167916041979,0.0884969874685298,0.605697151424288,0.284357821089455,0.586706646676662,0.440779610194903,0.542228885557221,0.462268865567216,0.756621689155422,0.414792603698151,0.654172913543228,0.0795789523027473,0.303848075962019,0.193403298350825,0.844577711144428,0.772113943028486,0.12143928035982,0.0963538876428242,0.378810594702649,0.431784107946027,0.568715642178911
"SNP-1_2",0.542228885557221,0.086696469312346,0.235382308845577,0.137931034482759,0.32183908045977,0.403298350824588,0.23688155922039,0.139930034982509,0.470764617691154,0.239380309845077,0.189405297351324,0.0830624422429743,0.678660669665167,0.132433783108446,0.417291354322839,0.269365317341329,0.305347326336832,0.11944027986007,0.468265867066467,0.271864067966017,0.591704147926037,0.36631684157921,0.489255372313843,0.312843578210895,0.484257871064468,0.0964719238840411,0.264867566216892,0.129435282358821,0.192903548225887,0.0870608787569122,0.31584207896052,0.784607696151924,0.0900087078418287,0.254372813593203,0.0757941942746515,0.16391804097951,0.516741629185407,0.0854796960062058,0.102948525737131,0.388305847076462,0.657171414292854,0.223388305847076,0.424787606196902,0.556221889055472,0.780609695152424,0.825587206396802,0.384807596201899,0.156921539230385,0.235882058970515,0.466266866566717
"SNP-2_1",0.331334332833583,0.497251374312844,0.549725137431284,0.241379310344828,0.71464267866067,0.543228385807096,0.252873563218391,0.16391804097951,0.0887052837951563,0.0735490169915566,0.149425287356322,0.511744127936032,0.43328335832084,0.0730795224214892,0.197401299350325,0.868565717141429,0.453773113443278,0.257371314342829,0.167416291854073,0.282358820589705,0.197901049475262,0.105447276361819,0.67416291854073,0.307346326836582,0.533233383308346,0.303848075962019,0.371314342828586,0.0724710289438088,0.278360819590205,0.868565717141429,0.249375312343828,0.24487756121939,0.832583708145927,0.295352323838081,0.481259370314843,0.278360819590205,0.245377311344328,0.335332333833083,0.111444277861069,0.0712813758588977,0.40679660169915,0.0825592654205839,0.465767116441779,0.268865567216392,0.950524737631184,0.297351324337831,0.175912043978011,0.882058970514743,0.145427286356822,0.237881059470265
"SNP-2_2",0.328835582208896,0.330334832583708,0.460769615192404,0.226886556721639,0.694152923538231,0.438280859570215,0.72463768115942,0.212893553223388,0.408295852073963,0.307846076961519,0.240379810094953,0.484257871064468,0.646676661669165,0.520739630184908,0.387806096951524,0.896551724137931,0.144927536231884,0.487756121939031,0.411294352823588,0.557221389305347,0.458770614692654,0.177911044477761,0.0745673526161439,0.523238380809595,0.645177411294353,0.708145927036482,0.633183408295852,0.373813093453273,0.180409795102449,0.713143428285857,0.705647176411794,0.606196901549225,0.307846076961519,0.950024987506247,0.910544727636182,0.460769615192404,0.822588705647176,0.0937218368712486,0.102948525737131,0.533233383308346,0.912043978010994,0.582208895552224,0.176911544227886,0.622188905547226,0.247376311844078,0.195902048975512,0.211394302848576,0.321339330334833,0.458270864567716,0.417291354322839
"SNP-3_1",0.593703148425787,0.0842387533363974,0.31984007996002,0.138430784607696,0.60119940029985,0.616691654172913,0.653673163418291,0.732633683158421,0.283858070964518,0.319340329835082,0.144427786106947,0.205397301349325,0.305847076461769,0.691654172913543,0.55872063968016,0.847576211894053,0.261369315342329,0.0644185041871102,0.410794602698651,0.661169415292354,0.318340829585207,0.903548225887057,0.338830584707646,0.199900049975012,0.193903048475762,0.577211394302849,0.47576211894053,0.198900549725137,0.333833083458271,0.67216391804098,0.737631184407796,0.627186406796602,0.605697151424288,0.422788605697151,0.517741129435282,0.280859570214893,0.48575712143928,0.809095452273863,0.353823088455772,0.708645677161419,0.468265867066467,0.0835253415177236,0.710644677661169,0.486256871564218,0.413793103448276,0.446276861569215,0.682658670664668,0.703148425787106,0.316841579210395,0.559720139930035
"SNP-3_2",0.72063968015992,0.4007996001999,0.336831584207896,0.236381809095452,0.146926536731634,0.68815592203898,0.695152423788106,0.359820089955023,0.137431284357821,0.668165917041479,0.35632183908046,0.239380309845077,0.281859070464768,0.167416291854073,0.281859070464768,0.405297351324338,0.223388305847076,0.2063968015992,0.823088455772114,0.513743128435782,0.148925537231384,0.109445277361319,0.390804597701149,0.56671664167916,0.297351324337831,0.305847076461769,0.336831584207896,0.422288855572214,0.0884952208630856,0.715142428785607,0.622688655672164,0.175412293853073,0.278360819590205,0.23888055972014,0.527736131934033,0.152423788105947,0.598700649675162,0.284857571214393,0.120939530234883,0.413793103448276,0.19640179910045,0.251374312843578,0.805097451274363,0.453773113443278,0.228885557221389,0.0936008650436876,0.689155422288856,0.999500249875062,0.175912043978011,0.513243378310845
"SNP-4_1",0.653173413293353,0.235882058970515,0.220889555222389,0.123938030984508,0.223388305847076,0.338330834582709,0.135432283858071,0.626186906546727,0.372313843078461,0.382808595702149,0.410794602698651,0.12343828085957,0.174412793603198,0.839080459770115,0.667166416791604,0.316341829085457,0.269865067466267,0.278860569715142,0.747126436781609,0.218890554722639,0.197901049475262,0.362818590704648,0.0729493256046819,0.144927536231884,0.174412793603198,0.508245877061469,0.311844077961019,0.0816024506196684,0.387306346826587,0.655672163918041,0.320339830084958,0.360819590204898,0.315342328835582,0.587706146926537,0.597701149425287,0.374812593703148,0.454272863568216,0.444777611194403,0.291354322838581,0.275862068965517,0.11944027986007,0.332833583208396,0.364817591204398,0.4007996001999,0.263868065967017,0.0789130599496996,0.569215392303848,0.840579710144927,0.243378310844578,0.260869565217391
"SNP-4_2",0.508245877061469,0.263868065967017,0.0835544768715137,0.130434782608696,0.32783608195902,0.331334332833583,0.381309345327336,0.175912043978011,0.0741406438566328,0.0882065352921521,0.130934532733633,0.082046247585174,0.195402298850575,0.173913043478261,0.135932033983008,0.773613193403298,0.0920276010413518,0.340329835082459,0.216391804097951,0.226386806596702,0.110944527736132,0.205897051474263,0.0715206701968843,0.116941529235382,0.0931453578296161,0.278860569715142,0.368315842078961,0.0605202905393636,0.429785107446277,0.333833083458271,0.101949025487256,0.304347826086957,0.158920539730135,0.588705647176412,0.343328335832084,0.550224887556222,0.198900549725137,0.0877684415751258,0.103448275862069,0.839080459770115,0.0778552717934254,0.307846076961519,0.0941337065307663,0.743128435782109,0.301349325337331,0.186906546726637,0.751624187906047,0.944527736131934,0.116441779110445,0.55672163918041
"SNP-5_1",0.611194402798601,0.602198900549725,0.510744627686157,0.282358820589705,0.351824087956022,0.0858777704720022,0.681659170414793,0.76111944027986,0.399300349825087,0.689655172413793,0.326836581709145,0.459770114942529,0.252873563218391,0.48175912043978,0.726136931534233,0.460269865067466,0.419790104947526,0.438280859570215,0.616691654172913,0.393303348325837,0.432283858070965,0.822088955522239,0.131434282858571,0.403298350824588,0.659670164917541,0.80359820089955,0.737631184407796,0.0908477273467044,0.274862568715642,0.599700149925038,0.575712143928036,0.611694152923538,0.408295852073963,0.757621189405297,0.468765617191404,0.497251374312844,0.715642178910545,0.516741629185407,0.465767116441779,0.979010494752624,0.105947026486757,0.367316341829085,0.264867566216892,0.897051474262869,0.428285857071464,0.44327836081959,0.0944281080037267,0.916541729135432,0.315342328835582,0.657171414292854
"SNP-5_2",0.102448775612194,0.0733626191600569,0.320839580209895,0.0817326906425684,0.434782608695652,0.215892053973014,0.250374812593703,0.0878196805486572,0.0758388059470732,0.0761815371376143,0.0648338625715744,0.235882058970515,0.101449275362319,0.386806596701649,0.368815592203898,0.449775112443778,0.157421289355322,0.0632247874765383,0.31984007996002,0.15392303848076,0.135432283858071,0.333333333333333,0.330834582708646,0.0849209976204362,0.0906397627816265,0.451274362818591,0.0845307459355661,0.392303848075962,0.229885057471264,0.200899550224888,0.502248875562219,0.286856571714143,0.446276861569215,0.075385339434368,0.128435782108946,0.0692837007723903,0.310844577711144,0.131934032983508,0.401799100449775,0.0753350166483759,0.186906546726637,0.0715447724599886,0.1944027986007,0.467766116941529,0.687656171914043,0.659670164917541,0.269865067466267,0.233883058470765,0.146426786606697,0.316841579210395
"SNP-6_1",0.0665629656132979,0.0650536026014528,0.0685833644757155,0.0673647717567291,0.0721314255462904,0.0627980605846492,0.0603466920929903,0.0679557103325281,0.0619380978860791,0.0652201971086228,0.0589408562226929,0.0657886664409323,0.058658567985363,0.206896551724138,0.0733338141674016,0.0689834216309934,0.0629087704655934,0.0593734933088945,0.0695944876940145,0.0913345530012058,0.0676998684682469,0.0797535873207529,0.154922538730635,0.060883791846468,0.0776540332077522,0.0663080759011215,0.143928035982009,0.0601676347319912,0.082385914993639,0.0738499013862296,0.0693222546111138,0.15992003998001,0.0576740878565783,0.0675811150260951,0.0622730068497692,0.0603549428131236,0.061115416284467,0.226886556721639,0.0598636562919789,0.892553723138431,0.0720660897184059,0.065654664378409,0.0706543741187208,0.0803402138073525,0.67816091954023,0.0896476304517073,0.381809095452274,0.736131934032983,0.0698851486091706,0.0731944654245884
"SNP-6_2",0.48575712143928,0.613693153423288,0.610694652673663,0.411294352823588,0.515742128935532,0.665667166416792,0.846576711644178,0.776611694152924,0.473263368315842,0.792603698150925,0.640179910044978,0.457771114442779,0.3928035982009,0.619690154922539,0.592203898050975,0.581209395302349,0.286356821589205,0.318840579710145,0.48175912043978,0.418290854572714,0.399300349825087,0.563218390804598,0.129435282358821,0.654672663668166,0.579210394802599,0.514742628685657,0.671664167916042,0.789105447276362,0.357321339330335,0.569215392303848,0.317341329335332,0.414292853573213,0.56271864067966,0.262868565717141,0.815092453773113,0.495252373813093,0.689655172413793,0.840579710144927,0.868065967016492,0.829585207396302,0.347326336831584,0.616191904047976,0.72263868065967,0.177911044477761,0.575212393803098,0.209895052473763,0.103448275862069,0.888555722138931,0.230884557721139,0.52623688155922
"SNP-7_1",0.198900549725137,0.517741129435282,0.400299850074962,0.474262868565717,0.636181909045477,0.704647676161919,0.186906546726637,0.132933533233383,0.341829085457271,0.587706146926537,0.295352323838081,0.568715642178911,0.434282858570715,0.0800707480405061,0.111444277861069,0.451774112943528,0.573713143428286,0.648675662168916,0.307846076961519,0.552223888055972,0.243878060969515,0.400299850074962,0.389805097451274,0.632683658170915,0.563718140929535,0.491754122938531,0.233383308345827,0.547726136931534,0.485257371314343,0.742628685657171,0.267866066966517,0.389805097451274,0.789105447276362,0.363318340829585,0.545227386306847,0.3928035982009,0.381809095452274,0.503248375812094,0.632683658170915,0.306346826586707,0.628685657171414,0.401299350324838,0.376811594202899,0.286356821589205,0.877061469265367,0.626186906546727,0.380809595202399,0.417791104447776,0.195902048975512,0.35232383808096
"SNP-7_2",0.711644177911045,0.76111944027986,0.320339830084958,0.297351324337831,0.622188905547226,0.523238380809595,0.525237381309345,0.466266866566717,0.533233383308346,0.497751124437781,0.460269865067466,0.48575712143928,0.270864567716142,0.437781109445277,0.462768615692154,0.610194902548726,0.259870064967516,0.429285357321339,0.59720139930035,0.107446276861569,0.407296351824088,0.764617691154423,0.247376311844078,0.401799100449775,0.329335332333833,0.649175412293853,0.683158420789605,0.607696151924038,0.546726636681659,0.737131434282859,0.517741129435282,0.767616191904048,0.834582708645677,0.607696151924038,0.463268365817091,0.503248375812094,0.550724637681159,0.659170414792604,0.142928535732134,0.320839580209895,0.890554722638681,0.753623188405797,0.869065467266367,0.100674943406373,0.989005497251374,0.222388805597201,0.500749625187406,0.851074462768616,0.427786106946527,0.652673663168416
"SNP-8_1",0.622188905547226,0.646176911544228,0.316841579210395,0.747126436781609,0.559220389805097,0.431784107946027,0.0830707552386207,0.744627686156922,0.211394302848576,0.365817091454273,0.463268365817091,0.379810094952524,0.442278860569715,0.568215892053973,0.470264867566217,0.340329835082459,0.508745627186407,0.422288855572214,0.0972175649969259,0.389805097451274,0.446776611694153,0.235382308845577,0.254872563718141,0.440779610194903,0.677161419290355,0.708145927036482,0.395802098950525,0.484257871064468,0.254872563718141,0.660669665167416,0.478260869565217,0.640179910044978,0.497751124437781,0.377811094452774,0.193403298350825,0.0925728900699765,0.754622688655672,0.559220389805097,0.561719140429785,0.370814592703648,0.728135932033983,0.589705147426287,0.229385307346327,0.0849372680197846,0.781109445277361,0.413293353323338,0.407796101949025,0.71264367816092,0.399300349825087,0.149425287356322
"SNP-8_2",0.72663668165917,0.407296351824088,0.187906046976512,0.458270864567716,0.6031984007996,0.0750521750906574,0.0679366780951708,0.681159420289855,0.856571714142929,0.286856571714143,0.231884057971014,0.858070964517741,0.0752959181924099,0.0536381826321784,0.0821610192770135,0.736131934032983,0.584207896051974,0.225387306346827,0.532233883058471,0.660669665167416,0.358820589705147,0.611694152923538,0.0757541826589082,0.971514242878561,0.588705647176412,0.820589705147426,0.690154922538731,0.0756389299703055,0.685157421289355,0.843578210894553,0.701149425287356,0.127936031984008,0.383808095952024,0.324337831084458,0.0824886175193031,0.462268865567216,0.146926536731634,0.626686656671664,0.471264367816092,0.869565217391304,0.880059970014992,0.824087956021989,0.915542228885557,0.35432283858071,0.0686431155901518,0.3968015992004,0.915542228885557,0.559720139930035,0.0774047641176367,0.185907046476762
"SNP-9_1",0.494252873563218,0.288855572213893,0.642678660669665,0.469265367316342,0.534232883558221,0.185407296351824,0.218390804597701,0.379810094952524,0.235882058970515,0.514742628685657,0.237881059470265,0.592203898050975,0.654172913543228,0.200899550224888,0.502748625687156,0.875062468765617,0.371314342828586,0.237881059470265,0.310844577711144,0.233883058470765,0.315342328835582,0.189405297351324,0.426786606696652,0.405797101449275,0.411294352823588,0.459270364817591,0.591704147926037,0.201399300349825,0.298850574712644,0.808095952023988,0.51424287856072,0.376811594202899,0.297851074462769,0.369815092453773,0.238380809595202,0.450274862568716,0.620689655172414,0.482758620689655,0.47576211894053,0.63968015992004,0.39480259870065,0.174912543728136,0.551224387806097,0.857571214392804,0.100119815034302,0.44527736131934,0.541729135432284,0.60119940029985,0.605697151424288,0.679160419790105
"SNP-9_2",0.464267866066967,0.227386306846577,0.086808885250817,0.0858232387515241,0.12543728135932,0.0862650494965063,0.483258370814593,0.92303848075962,0.218890554722639,0.212393803098451,0.286356821589205,0.0693889826686909,0.0672896985952689,0.472263868065967,0.747626186906547,0.3968015992004,0.082437287735168,0.463268365817091,0.159420289855072,0.35232383808096,0.151424287856072,0.135432283858071,0.248875562218891,0.440279860069965,0.689655172413793,0.116941529235382,0.23888055972014,0.146926536731634,0.260869565217391,0.172913543228386,0.253373313343328,0.0940887616631361,0.259870064967516,0.296351824087956,0.161419290354823,0.371314342828586,0.79560219890055,0.681659170414793,0.213393303348326,0.0746556012854959,0.43928035982009,0.865067466266867,0.303848075962019,0.0689435664122118,0.351824087956022,0.628685657171414,0.472763618190905,0.226386806596702,0.332333833083458,0.0829045757178313
"SNP-10_1",0.139930034982509,0.265867066466767,0.501249375312344,0.47376311844078,0.760619690154923,0.661169415292354,0.584707646176912,0.213393303348326,0.365817091454273,0.498750624687656,0.293353323338331,0.268865567216392,0.251374312843578,0.543728135932034,0.160419790104948,0.493753123438281,0.347826086956522,0.378810594702649,0.2063968015992,0.570214892553723,0.311344327836082,0.305847076461769,0.515242378810595,0.499750124937531,0.154922538730635,0.715142428785607,0.378310844577711,0.636681659170415,0.299850074962519,0.697151424287856,0.550224887556222,0.620189905047476,0.688655672163918,0.778110944527736,0.761619190404798,0.457271364317841,0.361319340329835,0.638180909545227,0.321339330334833,0.172913543228386,0.628685657171414,0.197401299350325,0.113943028485757,0.532733633183408,0.205397301349325,0.692653673163418,0.709645177411294,0.355822088955522,0.582708645677161,0.205397301349325
"SNP-10_2",0.735132433783108,0.451274362818591,0.540729635182409,0.133933033483258,0.522738630684658,0.451274362818591,0.466266866566717,0.534232883558221,0.421789105447276,0.769115442278861,0.686656671664168,0.464767616191904,0.295852073963018,0.690154922538731,0.68015992003998,0.853073463268366,0.0904928814442655,0.268865567216392,0.352823588205897,0.348325837081459,0.581709145427286,0.873563218390805,0.532233883058471,0.566216891554223,0.741629185407296,0.751624187906047,0.318840579710145,0.666666666666667,0.365817091454273,0.734132933533233,0.884057971014493,0.649675162418791,0.483258370814593,0.546726636681659,0.586706646676662,0.589705147426287,0.754622688655672,0.549225387306347,0.646176911544228,0.136431784107946,0.298850574712644,0.739130434782609,0.509245377311344,0.226386806596702,0.667166416791604,0.942528735632184,0.232383808095952,0.591204397801099,0.185907046476762,0.993003498250875
"SNP-11_1",0.730634682658671,0.433783108445777,0.452773613193403,0.56271864067966,0.607696151924038,0.515742128935532,0.480259870064968,0.619190404797601,0.594202898550725,0.318340829585207,0.506246876561719,0.340829585207396,0.0729321849389862,0.263368315842079,0.623188405797101,0.300349825087456,0.509745127436282,0.478760619690155,0.675662168915542,0.717641179410295,0.334832583708146,0.725637181409295,0.28335832083958,0.411294352823588,0.700649675162419,0.620189905047476,0.451774112943528,0.662168915542229,0.403798100949525,0.44127936031984,0.199900049975012,0.867566216891554,0.692653673163418,0.258370814592704,0.541229385307346,0.256871564217891,0.420289855072464,0.686656671664168,0.194902548725637,0.445777111444278,0.305347326336832,0.0716466571146523,0.385807096451774,0.379310344827586,0.223388305847076,0.815092453773113,0.326336831584208,0.985507246376812,0.189405297351324,0.539230384807596
"SNP-11_2",0.309345327336332,0.568215892053973,0.627686156921539,0.452773613193403,0.622188905547226,0.422288855572214,0.326336831584208,0.583208395802099,0.501749125437281,0.580209895052474,0.408295852073963,0.44727636181909,0.253373313343328,0.614192903548226,0.298350824587706,0.403298350824588,0.576211894052973,0.587706146926537,0.88255872063968,0.440779610194903,0.611694152923538,0.31384307846077,0.951024487756122,0.255372313843078,0.154922538730635,0.525737131434283,0.536731634182909,0.615192403798101,0.302848575712144,0.143928035982009,0.124437781109445,0.455772113943028,0.423288355822089,0.398300849575212,0.47576211894053,0.361319340329835,0.0834001401751534,0.784607696151924,0.737631184407796,0.823088455772114,0.264867566216892,0.638180909545227,0.764617691154423,0.47976011994003,0.671164417791104,0.36631684157921,0.599700149925038,0.154422788605697,0.284357821089455,0.0814746986295589
"SNP-12_1",0.0801047630010753,0.306846576711644,0.23288355822089,0.353323338330835,0.0710349647717514,0.183408295852074,0.530734632683658,0.220389805097451,0.377811094452774,0.170414792603698,0.381809095452274,0.124437781109445,0.266866566716642,0.353823088455772,0.0726513987473551,0.386306846576712,0.0885542824803866,0.337831084457771,0.602698650674663,0.496751624187906,0.246376811594203,0.67616191904048,0.36231884057971,0.402298850574713,0.195902048975512,0.571714142928536,0.0760206016619033,0.136431784107946,0.0883189040852195,0.1944027986007,0.310844577711144,0.731634182908546,0.402298850574713,0.744627686156922,0.526736631684158,0.648175912043978,0.0737513413536924,0.174912543728136,0.0636872004857964,0.482258870564718,0.0797995564637694,0.0734466777813616,0.15592203898051,0.390804597701149,0.855072463768116,0.152423788105947,0.0697915256740903,0.783608195902049,0.0703938644702374,0.51624187906047
"SNP-12_2",0.456271864067966,0.131434282858571,0.177411294352824,0.493753123438281,0.630684657671164,0.600199900049975,0.667666166916542,0.638680659670165,0.330334832583708,0.0728991542563095,0.311344327836082,0.390304847576212,0.24287856071964,0.146426786606697,0.374312843578211,0.764617691154423,0.524737631184408,0.319340329835082,0.443778110944528,0.464767616191904,0.330334832583708,0.141929035482259,0.52423788105947,0.527236381809095,0.147426286856572,0.264867566216892,0.545727136431784,0.561719140429785,0.393803098450775,0.745127436281859,0.0836276726509459,0.257371314342829,0.623688155922039,0.726136931534233,0.52623688155922,0.60519740129935,0.559720139930035,0.621689155422289,0.474762618690655,0.972513743128436,0.424787606196902,0.118440779610195,0.0969087891008646,0.446776611694153,0.343328335832084,0.409795102448776,0.130434782608696,0.927536231884058,0.233883058470765,0.372813593203398
"SNP-13_1",0.466766616691654,0.733633183408296,0.500749625187406,0.211894052973513,0.306346826586707,0.227386306846577,0.0710991458974829,0.788605697151424,0.0703326926581561,0.233383308345827,0.422288855572214,0.462768615692154,0.329835082458771,0.0706715142553129,0.738130934532734,0.268365817091454,0.373813093453273,0.35432283858071,0.453273363318341,0.295852073963018,0.812093953023488,0.236381809095452,0.455272363818091,0.324837581209395,0.230384807596202,0.689155422288856,0.716141929035482,0.286856571714143,0.587206396801599,0.179410294852574,0.0897044710773397,0.111444277861069,0.452773613193403,0.424787606196902,0.508745627186407,0.328335832083958,0.150424787606197,0.734132933533233,0.349825087456272,0.558220889555222,0.532233883058471,0.452273863068466,0.694152923538231,0.456771614192904,0.325337331334333,0.621189405297351,0.147426286856572,0.189405297351324,0.52223888055972,0.388305847076462
"SNP-13_2",0.52623688155922,0.296351824087956,0.374312843578211,0.159420289855072,0.481259370314843,0.367816091954023,0.59720139930035,0.779110444777611,0.16191904047976,0.175912043978011,0.402298850574713,0.322838580709645,0.411794102948526,0.451274362818591,0.304847576211894,0.187406296851574,0.207396301849075,0.271364317841079,0.650174912543728,0.176911544227886,0.542228885557221,0.399800099950025,0.0939784615646903,0.227886056971514,0.507246376811594,0.392303848075962,0.361319340329835,0.109945027486257,0.233383308345827,0.287856071964018,0.212393803098451,0.507246376811594,0.372813593203398,0.736631684157921,0.280859570214893,0.406296851574213,0.40679660169915,0.627686156921539,0.577211394302849,0.685657171414293,0.666166916541729,0.731134432783608,0.215892053973014,0.139430284857571,0.147426286856572,0.8055972013993,0.429785107446277,0.338830584707646,0.0721026402615408,0.298350824587706
"SNP-14_1",0.23288355822089,0.502748625687156,0.260869565217391,0.508245877061469,0.336831584207896,0.101449275362319,0.0883464944795027,0.544727636181909,0.401299350324838,0.274362818590705,0.814092953523238,0.463268365817091,0.266366816591704,0.271864067966017,0.55672163918041,0.677161419290355,0.738130934532734,0.398300849575212,0.442778610694653,0.172913543228386,0.0979107371766679,0.591204397801099,0.307346326836582,0.159420289855072,0.157421289355322,0.56671664167916,0.588205897051474,0.292353823088456,0.0807819252316718,0.466766616691654,0.290354822588706,0.652673663168416,0.651174412793603,0.506746626686657,0.64767616191904,0.301349325337331,0.130934532733633,0.561219390304848,0.730134932533733,0.812093953023488,0.699150424787606,0.578710644677661,0.567216391804098,0.0743673441239439,0.15792103948026,0.5992003998001,0.965017491254373,0.0716183010308891,0.139930034982509,0.788605697151424
"SNP-14_2",0.95552223888056,0.545227386306847,0.813593203398301,0.0749124432718332,0.218390804597701,0.0767417817932453,0.36231884057971,0.466266866566717,0.498750624687656,0.816091954022989,0.0781533082376752,0.669165417291354,0.133933033483258,0.702148925537231,0.71664167916042,0.777611194402799,0.554222888555722,0.274862568715642,0.782608695652174,0.689655172413793,0.569215392303848,0.667666166916542,0.583708145927036,0.592203898050975,0.700149925037481,0.856571714142929,0.289855072463768,0.942528735632184,0.773613193403298,0.0835505549363162,0.687156421789105,0.926036981509245,0.0890130500275144,0.618190904547726,0.615192403798101,0.625687156421789,0.802098950524738,0.702648675662169,0.580209895052474,0.749625187406297,0.671664167916042,0.699650174912544,0.12743628185907,0.642678660669665,0.432283858070965,0.865067466266867,0.0598660901586404,0.181909045477261,0.655172413793103,0.905547226386807
"SNP-15_1",0.339830084957521,0.106446776611694,0.433783108445777,0.145927036481759,0.232383808095952,0.520739630184908,0.0863194975211524,0.203398300849575,0.242378810594703,0.0933137038960999,0.0734343443133401,0.177911044477761,0.0831108009598062,0.0715200533323509,0.190904547726137,0.714142928535732,0.145427286356822,0.0741243987923361,0.177411294352824,0.384307846076962,0.307846076961519,0.757621189405297,0.0744188131040765,0.127936031984008,0.0773572467988651,0.0830831031818484,0.0927923497132464,0.189905047476262,0.267866066966517,0.459270364817591,0.114442778610695,0.172413793103448,0.0887533448396862,0.632683658170915,0.0637888057939491,0.449775112443778,0.0682577419881498,0.491254372813593,0.301849075462269,0.7936031984008,0.093555872604778,0.0703559412309376,0.510244877561219,0.567716141929036,0.427286356821589,0.340329835082459,0.188405797101449,0.317341329335332,0.425287356321839,0.442778610694653
"SNP-15_2",0.32783608195902,0.255872063968016,0.463768115942029,0.307846076961519,0.15992003998001,0.35432283858071,0.51624187906047,0.189905047476262,0.39480259870065,0.184407796101949,0.251374312843578,0.294352823588206,0.336331834082959,0.31784107946027,0.128435782108946,0.533733133433283,0.195402298850575,0.135432283858071,0.666666666666667,0.169415292353823,0.547726136931534,0.827586206896552,0.337831084457771,0.320839580209895,0.379310344827586,0.830084957521239,0.0687030822864901,0.359820089955023,0.360819590204898,0.583708145927036,0.281859070464768,0.706146926536732,0.470264867566217,0.518740629685157,0.253873063468266,0.52623688155922,0.15592203898051,0.128935532233883,0.187406296851574,0.892553723138431,0.224887556221889,0.20039980009995,0.434282858570715,0.297851074462769,0.0891318233277633,0.624187906046976,0.391804097951024,0.0859755627713464,0.559720139930035,0.51424287856072
"SNP-16_1",0.375812093953024,0.501249375312344,0.368315842078961,0.525737131434283,0.419790104947526,0.557721139430285,0.754622688655672,0.590204897551224,0.250374812593703,0.447776111944028,0.632183908045977,0.279860069965017,0.463268365817091,0.594202898550725,0.150424787606197,0.523738130934533,0.15792103948026,0.163418290854573,0.411294352823588,0.369815092453773,0.274362818590705,0.332333833083458,0.418790604697651,0.555722138930535,0.359820089955023,0.550724637681159,0.346326836581709,0.426286856571714,0.179910044977511,0.653173413293353,0.7976011994003,0.43928035982009,0.497751124437781,0.762618690654673,0.388805597201399,0.580709645177411,0.629185407296352,0.713643178410795,0.505247376311844,0.233383308345827,0.261869065467266,0.367316341829085,0.646176911544228,0.467766116941529,0.391304347826087,0.866566716641679,0.79160419790105,0.179910044977511,0.901049475262369,0.127936031984008
"SNP-16_2",0.220889555222389,0.101949025487256,0.210394802598701,0.318840579710145,0.235882058970515,0.177911044477761,0.0678911492108532,0.331334332833583,0.0810774926809663,0.173913043478261,0.157421289355322,0.180409795102449,0.225387306346827,0.0790043417758129,0.284857571214393,0.392303848075962,0.182908545727136,0.0754751861826134,0.109945027486257,0.07568122375436,0.0799689574600727,0.0890036658428511,0.0786389733003519,0.066206542792739,0.0749788202928864,0.16391804097951,0.428785607196402,0.185907046476762,0.264867566216892,0.289855072463768,0.308845577211394,0.181909045477261,0.217891054472764,0.694152923538231,0.253873063468266,0.254372813593203,0.201399300349825,0.272863568215892,0.614692653673163,0.0695216104410773,0.417291354322839,0.0772873704575095,0.138430784607696,0.0788224247927416,0.774612693653173,0.0883379551673242,0.401799100449775,0.448775612193903,0.479260369815092,0.405297351324338
"SNP-17_1",0.434282858570715,0.418790604697651,0.619190404797601,0.486756621689155,0.310844577711144,0.520739630184908,0.326336831584208,0.449275362318841,0.289855072463768,0.500749625187406,0.417791104447776,0.621189405297351,0.593703148425787,0.170414792603698,0.0879664858555969,0.558220889555222,0.358820589705147,0.498750624687656,0.449775112443778,0.572213893053473,0.359820089955023,0.818090954522739,0.79160419790105,0.259870064967516,0.32783608195902,0.172913543228386,0.397301349325337,0.502748625687156,0.326836581709145,0.557221389305347,0.484257871064468,0.235382308845577,0.591704147926037,0.708645677161419,0.44727636181909,0.751624187906047,0.411794102948526,0.876061969015492,0.190904547726137,0.772613693153423,0.416291854072964,0.118940529735132,0.381809095452274,0.31984007996002,0.460769615192404,0.199400299850075,0.353823088455772,0.831084457771114,0.44127936031984,0.581709145427286
"SNP-17_2",0.418290854572714,0.134432783608196,0.687156421789105,0.296351824087956,0.527736131934033,0.240379810094953,0.903548225887057,0.713143428285857,0.232383808095952,0.270864567716142,0.225887056471764,0.413293353323338,0.371814092953523,0.330334832583708,0.619190404797601,0.620689655172414,0.218390804597701,0.189905047476262,0.540729635182409,0.252873563218391,0.294852573713143,0.212893553223388,0.205897051474263,0.369315342328836,0.172413793103448,0.783108445777111,0.359320339830085,0.44327836081959,0.0807292752182653,0.63768115942029,0.296851574212894,0.162418790604698,0.473263368315842,0.628685657171414,0.585707146426787,0.4047976011994,0.381309345327336,0.595702148925537,0.207896051974013,0.757621189405297,0.43528235882059,0.0740251779103508,0.218890554722639,0.87456271864068,0.823588205897052,0.551724137931034,0.0952082967710573,0.885557221389305,0.162918540729635,0.563218390804598
"SNP-18_1",0.339330334832584,0.249375312343828,0.256871564217891,0.44327836081959,0.254372813593203,0.139930034982509,0.0953147823630875,0.170414792603698,0.472763618190905,0.185907046476762,0.409795102448776,0.304347826086957,0.415792103948026,0.719140429785107,0.215892053973014,0.291854072963518,0.55472263868066,0.230384807596202,0.630684657671164,0.449275362318841,0.143428285857071,0.75512243878061,0.504747626186906,0.466766616691654,0.550724637681159,0.254372813593203,0.399300349825087,0.0785097763863788,0.250874562718641,0.415292353823088,0.122938530734633,0.572713643178411,0.264867566216892,0.32183908045977,0.43728135932034,0.364817591204398,0.306846576711644,0.725137431284358,0.395302348825587,0.0988340898521056,0.131934032983508,0.101949025487256,0.27536231884058,0.0708254380747761,0.31984007996002,0.577711144427786,0.984007996001999,0.543228385807096,0.553723138430785,0.0693696641955229
"SNP-18_2",0.521739130434783,0.265367316341829,0.294352823588206,0.112943528235882,0.198900549725137,0.266866566716642,0.193903048475762,0.0883685544414402,0.293353323338331,0.510244877561219,0.414292853573213,0.263368315842079,0.35832083958021,0.506246876561719,0.263868065967017,0.328335832083958,0.249875062468766,0.198900549725137,0.43528235882059,0.165417291354323,0.276361819090455,0.385807096451774,0.660669665167416,0.0850798598375731,0.179410294852574,0.513743128435782,0.524737631184408,0.0884223993362873,0.089764451741539,0.547226386806597,0.606196901549225,0.291854072963518,0.191404297851074,0.186906546726637,0.491754122938531,0.137431284357821,0.547226386806597,0.094260342970896,0.551724137931034,0.440779610194903,0.611694152923538,0.200899550224888,0.194902548725637,0.533233383308346,0.174912543728136,0.23888055972014,0.11944027986007,0.555222388805597,0.160419790104948,0.830084957521239
"SNP-19_1",0.0654603688093232,0.100949525237381,0.603698150924538,0.695652173913043,0.184407796101949,0.226886556721639,0.456271864067966,0.829085457271364,0.403298350824588,0.0843543093107328,0.201899050474763,0.616191904047976,0.703148425787106,0.288855572213893,0.487256371814093,0.431784107946027,0.881059470264868,0.124437781109445,0.915542228885557,0.649675162418791,0.64167916041979,0.150424787606197,0.67616191904048,0.750624687656172,0.811094452773613,0.324337831084458,0.749125437281359,0.163418290854573,0.0767343589873652,0.507746126936532,0.79160419790105,0.517741129435282,0.589705147426287,0.215392303848076,0.0782306699096562,0.723138430784608,0.613693153423288,0.752623688155922,0.0860199574356289,0.147426286856572,0.141429285357321,0.35232383808096,0.710644677661169,0.355322338830585,0.466766616691654,0.343328335832084,0.653173413293353,0.245877061469265,0.732633683158421,0.731634182908546
"SNP-19_2",0.553223388305847,0.652173913043478,0.560219890054973,0.450274862568716,0.545727136431784,0.64167916041979,0.232383808095952,0.562218890554723,0.392303848075962,0.293853073463268,0.594202898550725,0.668665667166417,0.283858070964518,0.324337831084458,0.342328835582209,0.774612693653173,0.559220389805097,0.266866566716642,0.432783608195902,0.501749125437281,0.449775112443778,0.483258370814593,0.27536231884058,0.223388305847076,0.607196401799101,0.581209395302349,0.529735132433783,0.290354822588706,0.39880059970015,0.129435282358821,0.521739130434783,0.377811094452774,0.521739130434783,0.845077461269365,0.211894052973513,0.604697651174413,0.584707646176912,0.620189905047476,0.512243878060969,0.577211394302849,0.60519740129935,0.552223888055972,0.125937031484258,0.929535232383808,0.882058970514743,0.361319340329835,0.179910044977511,0.700649675162419,0.320839580209895,0.175912043978011
"SNP-20_1",0.0963848278428474,0.463768115942029,0.208895552223888,0.316841579210395,0.525737131434283,0.0745894661024324,0.572213893053473,0.0804607060874677,0.300349825087456,0.20039980009995,0.204897551224388,0.0852903578457938,0.465767116441779,0.257871064467766,0.116941529235382,0.55272363818091,0.170414792603698,0.16591704147926,0.446276861569215,0.156921539230385,0.362818590704648,0.382308845577211,0.657671164417791,0.448275862068966,0.723138430784608,0.306846576711644,0.422288855572214,0.229885057471264,0.183908045977011,0.686656671664168,0.382308845577211,0.404297851074463,0.637181409295352,0.453273363318341,0.550224887556222,0.308345827086457,0.419290354822589,0.0914684265803369,0.340329835082459,0.145927036481759,0.577211394302849,0.2023988005997,0.737631184407796,0.144427786106947,0.989505247376312,0.376311844077961,0.792603698150925,0.507746126936532,0.814092953523238,0.841579210394803
"SNP-20_2",0.770114942528736,0.448275862068966,0.559220389805097,0.251874062968516,0.505247376311844,0.232383808095952,0.426286856571714,0.202898550724638,0.456271864067966,0.653673163418291,0.411794102948526,0.28535732133933,0.686656671664168,0.707646176911544,0.481259370314843,0.44727636181909,0.35832083958021,0.472763618190905,0.507746126936532,0.610694652673663,0.455772113943028,0.330334832583708,0.0996179749499424,0.771614192903548,0.87656171914043,0.573213393303348,0.306846576711644,0.340829585207396,0.527236381809095,0.486256871564218,0.815592203898051,0.52623688155922,0.459270364817591,0.497751124437781,0.116941529235382,0.519740129935032,0.71264367816092,0.0889309603487941,0.247876061969015,0.152923538230885,0.586206896551724,0.0906481652409716,0.644677661169415,0.709645177411294,0.610694652673663,0.290854572713643,0.678660669665167,0.925537231384308,0.379310344827586,0.581209395302349
"SNP-21_1",0.632683658170915,0.312343828085957,0.543228385807096,0.438780609695152,0.487256371814093,0.560219890054973,0.129435282358821,0.190904547726137,0.529235382308846,0.0877120927040575,0.373313343328336,0.291854072963518,0.244377811094453,0.225387306346827,0.418290854572714,0.633183408295852,0.179410294852574,0.44727636181909,0.371814092953523,0.273863068465767,0.0795238132694964,0.23888055972014,0.670164917541229,0.186906546726637,0.409795102448776,0.365317341329335,0.278860569715142,0.398300849575212,0.259870064967516,0.355322338830585,0.0825942604401534,0.298350824587706,0.507746126936532,0.15392303848076,0.343328335832084,0.283858070964518,0.946526736631684,0.703148425787106,0.286356821589205,0.0696818747779813,0.700649675162419,0.0825459257913906,0.0789805500916276,0.283858070964518,0.339330334832584,0.302848575712144,0.603698150924538,0.380809595202399,0.72063968015992,0.189905047476262
"SNP-21_2",0.807096451774113,0.432783608195902,0.544227886056971,0.650674662668666,0.115942028985507,0.090729995306771,0.619190404797601,0.515742128935532,0.48375812093953,0.149425287356322,0.521739130434783,0.661169415292354,0.3968015992004,0.405297351324338,0.382808595702149,0.391804097951024,0.561719140429785,0.27736131934033,0.59320339830085,0.63568215892054,0.478260869565217,0.482758620689655,0.929035482258871,0.497251374312844,0.521239380309845,0.490754622688656,0.362818590704648,0.123938030984508,0.491254372813593,0.690654672663668,0.280859570214893,0.646176911544228,0.383808095952024,0.83808095952024,0.586206896551724,0.504247876061969,0.545227386306847,0.648175912043978,0.620189905047476,0.811094452773613,0.896551724137931,0.574212893553223,0.528735632183908,0.129435282358821,0.681159420289855,0.947026486756622,0.569715142428786,0.746126936531734,0.737131434282859,0.333833083458271
"SNP-22_1",0.578210894552724,0.503748125937031,0.356821589205397,0.496251874062969,0.701149425287356,0.576711644177911,0.569715142428786,0.658170914542729,0.149425287356322,0.0656492303259274,0.353823088455772,0.416791604197901,0.389805097451274,0.363318340829585,0.251874062968516,0.512743628185907,0.346826586706647,0.281859070464768,0.579210394802599,0.112443778110945,0.56071964017991,0.292853573213393,0.266866566716642,0.539230384807596,0.460769615192404,0.487756121939031,0.699150424787606,0.562218890554723,0.303348325837081,0.373813093453273,0.328835582208896,0.626186906546727,0.264367816091954,0.477261369315342,0.295852073963018,0.554222888555722,0.405797101449275,0.409795102448776,0.194902548725637,0.204897551224388,0.561719140429785,0.0876426093641499,0.255872063968016,0.27536231884058,0.768115942028985,0.456271864067966,0.901549225387306,0.71664167916042,0.536731634182909,0.601699150424788
"SNP-22_2",0.389805097451274,0.371814092953523,0.331834082958521,0.461769115442279,0.614692653673163,0.16391804097951,0.768115942028985,0.505247376311844,0.606196901549225,0.510244877561219,0.434282858570715,0.0859509029886348,0.0830299743844259,0.146426786606697,0.63368315842079,0.247876061969015,0.538730634682659,0.213393303348326,0.276361819090455,0.403798100949525,0.700649675162419,0.470764617691154,0.578210894552724,0.488255872063968,0.417291354322839,0.574712643678161,0.680659670164918,0.576711644177911,0.454272863568216,0.689155422288856,0.389805097451274,0.297851074462769,0.243878060969515,0.5952023988006,0.649175412293853,0.681659170414793,0.519740129935032,0.359320339830085,0.766616691654173,0.553723138430785,0.23488255872064,0.540229885057471,0.175912043978011,0.382308845577211,0.191904047976012,0.078352694872215,0.494752623688156,0.562218890554723,0.156421789105447,0.0955734976221803
"SNP-23_1",0.169415292353823,0.35632183908046,0.294352823588206,0.359820089955023,0.0886608814531294,0.419790104947526,0.456271864067966,0.0913625627601949,0.211894052973513,0.598700649675162,0.252873563218391,0.55672163918041,0.36631684157921,0.547226386806597,0.0774385787591949,0.183408295852074,0.369315342328836,0.460269865067466,0.652673663168416,0.421289355322339,0.353823088455772,0.794102948525737,0.0824896594669901,0.259370314842579,0.24687656171914,0.488255872063968,0.380809595202399,0.241379310344828,0.436281859070465,0.683658170914543,0.302848575712144,0.585707146426787,0.56271864067966,0.84407796101949,0.462768615692154,0.51424287856072,0.100949525237381,0.102448775612194,0.0963381062488434,0.228885557221389,0.0718054115791202,0.39480259870065,0.503248375812094,0.517241379310345,0.570714642678661,0.0867309398477977,0.602698650674663,0.873063468265867,0.0897671184194216,0.741629185407296
"SNP-23_2",0.3928035982009,0.374812593703148,0.72063968015992,0.217891054472764,0.638680659670165,0.24687656171914,0.607196401799101,0.206896551724138,0.480259870064968,0.617691154422789,0.63368315842079,0.260869565217391,0.560219890054973,0.368815592203898,0.129435282358821,0.112443778110945,0.391804097951024,0.440279860069965,0.382308845577211,0.531734132933533,0.113943028485757,0.750124937531234,0.348325837081459,0.173913043478261,0.385307346326837,0.24687656171914,0.273863068465767,0.477261369315342,0.471764117941029,0.230884557721139,0.592703648175912,0.363318340829585,0.191404297851074,0.159420289855072,0.298850574712644,0.185407296351824,0.545727136431784,0.328335832083958,0.583208395802099,0.135432283858071,0.114442778610695,0.331334332833583,0.0778039615809723,0.114442778610695,0.175912043978011,0.0994553912198143,0.689155422288856,0.0853180003417141,0.576711644177911,0.507246376811594
"SNP-24_1",0.450274862568716,0.271364317841079,0.379810094952524,0.410794602698651,0.523238380809595,0.378810594702649,0.859070464767616,0.277861069465267,0.679160419790105,0.625187406296852,0.28535732133933,0.36031984007996,0.598200899550225,0.324337831084458,0.447776111944028,0.771114442778611,0.31384307846077,0.508745627186407,0.109945027486257,0.0796889488212379,0.294352823588206,0.0697723807928535,0.197401299350325,0.592203898050975,0.28135932033983,0.140429785107446,0.723138430784608,0.785107446276862,0.319340329835082,0.338330834582709,0.587706146926537,0.241879060469765,0.23688155922039,0.197901049475262,0.522738630684658,0.172413793103448,0.817091454272864,0.259370314842579,0.230884557721139,0.0880420404334035,0.861069465267366,0.391804097951024,0.56471764117941,0.584207896051974,0.753623188405797,0.0776672817984211,0.139930034982509,0.600199900049975,0.11944027986007,0.36431784107946
"SNP-24_2",0.0777485717010901,0.254872563718141,0.131934032983508,0.206896551724138,0.0870301715422986,0.0749516218554622,0.100449775112444,0.0813960431489596,0.374812593703148,0.0991325891785934,0.11544227886057,0.154422788605697,0.457771114442779,0.590204897551224,0.0709538937162942,0.525737131434283,0.207396301849075,0.3968015992004,0.662668665667166,0.422288855572214,0.0734330177010801,0.216891554222889,0.402298850574713,0.0820617504974663,0.528735632183908,0.0902112801943954,0.641179410294853,0.0638007662009325,0.108945527236382,0.514742628685657,0.104447776111944,0.203398300849575,0.23888055972014,0.489255372313843,0.0926583676783349,0.423288355822089,0.339330334832584,0.352823588205897,0.0801486506464544,0.819090454772614,0.0851139265749915,0.168915542228886,0.158920539730135,0.317341329335332,0.909045477261369,0.254372813593203,0.825087456271864,0.988505747126437,0.499250374812594,0.36231884057971
"SNP-25_1",0.40679660169915,0.350824587706147,0.326336831584208,0.167416291854073,0.167416291854073,0.267866066966517,0.444777611194403,0.346826586706647,0.415792103948026,0.24087956021989,0.181909045477261,0.252373813093453,0.534732633683158,0.787606196901549,0.59320339830085,0.148925537231384,0.430284857571214,0.271864067966017,0.563218390804598,0.20039980009995,0.769115442278861,0.515242378810595,0.59320339830085,0.361319340329835,0.235382308845577,0.356821589205397,0.301349325337331,0.411294352823588,0.329335332333833,0.384807596201899,0.218390804597701,0.624187906046976,0.370814592703648,0.150424787606197,0.212393803098451,0.227386306846577,0.676661669165417,0.76711644177911,0.604697651174413,0.100246218517294,0.0721291121823986,0.331834082958521,0.480259870064968,0.625687156421789,0.436781609195402,0.819590204897551,0.265367316341829,0.632183908045977,0.23888055972014,0.537731134432784
"SNP-25_2",0.177911044477761,0.273863068465767,0.16191904047976,0.16791604197901,0.758620689655172,0.318340829585207,0.0940035392918213,0.446276861569215,0.386806596701649,0.0695589286759334,0.150924537731134,0.0919901020694053,0.328835582208896,0.0676005841548717,0.394302848575712,0.497751124437781,0.4007996001999,0.0943321554679547,0.484757621189405,0.343328335832084,0.238380809595202,0.499250374812594,0.740129935032484,0.209395302348826,0.534732633683158,0.158420789605197,0.429285357321339,0.210894552723638,0.298850574712644,0.469765117441279,0.0829803184674131,0.249875062468766,0.164917541229385,0.190404797601199,0.122438780609695,0.223388305847076,0.403798100949525,0.529235382308846,0.639180409795102,0.27336331834083,0.370314842578711,0.143428285857071,0.0824894693778551,0.575712143928036,0.307846076961519,0.636681659170415,0.100449775112444,0.309345327336332,0.595702148925537,0.446276861569215
"SNP-26_1",0.0929466162836889,0.306346826586707,0.599700149925038,0.0867944108195118,0.317341329335332,0.0766380753735485,0.16191904047976,0.0719698144020083,0.0729223100596907,0.071852705395953,0.195402298850575,0.307846076961519,0.142428785607196,0.0663859069054942,0.0879230445249704,0.705147426286857,0.0657164865731368,0.0877784223084657,0.232383808095952,0.31384307846077,0.15392303848076,0.311344327836082,0.689155422288856,0.183908045977011,0.070806034234923,0.461769115442279,0.15192403798101,0.155422288855572,0.105947026486757,0.701649175412294,0.295852073963018,0.0974603786182745,0.393803098450775,0.306346826586707,0.357821089455272,0.344827586206897,0.5952023988006,0.083503451199109,0.132433783108446,0.070020611613532,0.72863568215892,0.102948525737131,0.253373313343328,0.254872563718141,0.636681659170415,0.734132933533233,0.0871645593791574,0.0967852557524876,0.311844077961019,0.597701149425287
"SNP-26_2",0.378810594702649,0.595702148925537,0.687656171914043,0.332333833083458,0.807096451774113,0.347826086956522,0.261869065467266,0.0974988645729862,0.179910044977511,0.142928535732134,0.177411294352824,0.267366316841579,0.466266866566717,0.0720502864536465,0.0840569028074286,0.324837581209395,0.43528235882059,0.219390304847576,0.363818090954523,0.235882058970515,0.322338830584708,0.500749625187406,0.64167916041979,0.604197901049475,0.558220889555222,0.52423788105947,0.55872063968016,0.389305347326337,0.357821089455272,0.906546726636682,0.357321339330335,0.351324337831084,0.832583708145927,0.0682978825954864,0.24687656171914,0.604697651174413,0.476261869065467,0.177911044477761,0.329835082458771,0.55872063968016,0.555722138930535,0.704147926036982,0.403298350824588,0.0960652596177064,0.589705147426287,0.771114442778611,0.830084957521239,0.897051474262869,0.893053473263368,0.292353823088456
"SNP-27_1",0.537731134432784,0.709145427286357,0.651674162918541,0.609695152423788,0.473263368315842,0.376311844077961,0.850074962518741,0.644677661169415,0.731134432783608,0.522738630684658,0.612193903048476,0.355322338830585,0.638180909545227,0.326836581709145,0.699150424787606,0.691154422788606,0.458270864567716,0.68415792103948,0.421289355322339,0.56271864067966,0.47776111944028,0.469265367316342,0.667166416791604,0.486756621689155,0.16591704147926,0.48175912043978,0.628685657171414,0.759620189905047,0.254372813593203,0.56671664167916,0.231884057971014,0.737631184407796,0.528735632183908,0.67416291854073,0.35832083958021,0.55272363818091,0.267366316841579,0.798100949525237,0.420789605197401,0.507746126936532,0.492753623188406,0.440779610194903,0.470764617691154,0.421789105447276,0.0739316351376188,0.109945027486257,0.51824087956022,0.565217391304348,0.199400299850075,0.91304347826087
"SNP-27_2",0.886056971514243,0.52623688155922,0.634682658670665,0.307346326836582,0.423788105947026,0.452773613193403,0.227386306846577,0.563718140929535,0.407796101949025,0.426786606696652,0.611694152923538,0.429285357321339,0.657171414292854,0.206896551724138,0.305347326336832,0.375312343828086,0.309345327336332,0.309345327336332,0.677161419290355,0.324337831084458,0.530734632683658,0.753623188405797,0.522738630684658,0.614192903548226,0.797101449275362,0.463268365817091,0.581209395302349,0.644177911044478,0.206896551724138,0.8055972013993,0.423788105947026,0.771614192903548,0.558220889555222,0.323338330834583,0.346326836581709,0.484257871064468,0.486756621689155,0.703148425787106,0.440279860069965,0.500249875062469,0.375812093953024,0.440779610194903,0.625687156421789,0.0763715987923836,0.832583708145927,0.384307846076962,0.370814592703648,0.710144927536232,0.315342328835582,0.777111444277861
"SNP-28_1",0.449775112443778,0.265867066466767,0.479260369815092,0.382308845577211,0.706146926536732,0.794602698650675,0.32183908045977,0.685657171414293,0.239880059970015,0.101949025487256,0.523738130934533,0.573213393303348,0.467266366816592,0.104447776111944,0.399800099950025,0.411794102948526,0.445777111444278,0.226886556721639,0.506746626686657,0.265367316341829,0.172913543228386,0.370314842578711,0.391304347826087,0.166916541729135,0.182908545727136,0.420289855072464,0.166416791604198,0.290854572713643,0.157421289355322,0.840579710144927,0.0738363279002893,0.254872563718141,0.428285857071464,0.0807339742940592,0.801099450274863,0.191904047976012,0.253373313343328,0.771114442778611,0.582708645677161,0.306346826586707,0.496751624187906,0.185407296351824,0.665167416291854,0.456271864067966,0.0893168326016397,0.301349325337331,0.153423288355822,0.818090954522739,0.363318340829585,0.170414792603698
"SNP-28_2",0.586206896551724,0.551224387806097,0.368815592203898,0.472763618190905,0.816091954022989,0.546226886556722,0.214892553723138,0.614192903548226,0.367316341829085,0.28735632183908,0.304847576211894,0.571714142928536,0.546226886556722,0.306846576711644,0.652673663168416,0.454772613693153,0.532233883058471,0.754622688655672,0.0828909571846514,0.487256371814093,0.613193403298351,0.222888555722139,0.624187906046976,0.52423788105947,0.588205897051474,0.316341829085457,0.567716141929036,0.659670164917541,0.507246376811594,0.541729135432284,0.406296851574213,0.608195902048976,0.623188405797101,0.340329835082459,0.611194402798601,0.452773613193403,0.452773613193403,0.843078460769615,0.577211394302849,0.167416291854073,0.873563218390805,0.235382308845577,0.0908534211578715,0.682658670664668,0.458770614692654,0.564217891054473,0.466766616691654,0.703148425787106,0.257871064467766,0.410794602698651
"SNP-29_1",0.170914542728636,0.124437781109445,0.441779110444778,0.263368315842079,0.177411294352824,0.124437781109445,0.150924537731134,0.218890554722639,0.407296351824088,0.523238380809595,0.0811839578449186,0.23888055972014,0.368315842078961,0.810094952523738,0.110944527736132,0.153423288355822,0.27336331834083,0.158420789605197,0.406296851574213,0.51824087956022,0.490254872563718,0.291354322838581,0.660169915042479,0.203398300849575,0.140929535232384,0.616691654172913,0.191904047976012,0.0643300899152526,0.0851371445624961,0.349325337331334,0.183408295852074,0.619690154922539,0.179410294852574,0.357821089455272,0.177911044477761,0.326336831584208,0.174912543728136,0.197901049475262,0.370814592703648,0.476761619190405,0.143928035982009,0.0761720391193794,0.065523842677042,0.137931034482759,0.833583208395802,0.358820589705147,0.178410794602699,0.695152423788106,0.1984007996002,0.416291854072964
"SNP-29_2",0.294352823588206,0.451274362818591,0.620689655172414,0.545727136431784,0.464767616191904,0.32183908045977,0.576711644177911,0.280359820089955,0.420789605197401,0.571214392803598,0.359320339830085,0.375312343828086,0.464767616191904,0.68415792103948,0.157421289355322,0.426286856571714,0.502748625687156,0.515742128935532,0.742128935532234,0.64567716141929,0.373313343328336,0.228385807096452,0.783608195902049,0.429785107446277,0.887556221889055,0.663668165917041,0.324337831084458,0.610694652673663,0.498250874562719,0.436781609195402,0.662668665667166,0.35632183908046,0.650674662668666,0.308345827086457,0.581209395302349,0.615192403798101,0.15792103948026,0.706646676661669,0.485257371314343,0.0764368441343708,0.640179910044978,0.213893053473263,0.389805097451274,0.147926036981509,0.909545227386307,0.384307846076962,0.291354322838581,0.158420789605197,0.8055972013993,0.617191404297851
"SNP-30_1",0.555222388805597,0.258370814592704,0.594702648675662,0.602698650674663,0.380309845077461,0.711144427786107,0.650674662668666,0.390304847576212,0.616191904047976,0.444777611194403,0.655172413793103,0.479260369815092,0.530234882558721,0.684657671164418,0.251374312843578,0.417791104447776,0.560219890054973,0.430784607696152,0.415792103948026,0.541729135432284,0.147426286856572,0.255872063968016,0.442278860569715,0.609195402298851,0.482258870564718,0.210894552723638,0.538730634682659,0.228385807096452,0.27736131934033,0.373313343328336,0.511744127936032,0.497251374312844,0.413793103448276,0.654172913543228,0.446276861569215,0.659170414792604,0.541729135432284,0.335832083958021,0.503748125937031,0.154422788605697,0.305347326336832,0.373313343328336,0.074810795787618,0.738630684657671,0.625687156421789,0.660169915042479,0.792103948025987,0.946526736631684,0.589205397301349,0.547726136931534
"SNP-30_2",0.370314842578711,0.385307346326837,0.580209895052474,0.325337331334333,0.510744627686157,0.606696651674163,0.735632183908046,0.36631684157921,0.221889055472264,0.546726636681659,0.595702148925537,0.754622688655672,0.35832083958021,0.497751124437781,0.4007996001999,0.700149925037481,0.128435782108946,0.493753123438281,0.884057971014493,0.500749625187406,0.449775112443778,0.695652173913043,0.655172413793103,0.79960019990005,0.424787606196902,0.888055972013993,0.529735132433783,0.551724137931034,0.762118940529735,0.725637181409295,0.754622688655672,0.748625687156422,0.610694652673663,0.537231384307846,0.694152923538231,0.293353323338331,0.664667666166917,0.367316341829085,0.418790604697651,0.357821089455272,0.695652173913043,0.470764617691154,0.682658670664668,0.0737141036219005,0.258870564717641,0.164917541229385,0.665167416291854,0.459770114942529,0.71464267866067,0.248875562218891
"SNP-31_1",0.923538230884558,0.604197901049475,0.584707646176912,0.616691654172913,0.0740703869449307,0.0711608900513029,0.707646176911544,0.602198900549725,0.531734132933533,0.504747626186906,0.272363818090955,0.32783608195902,0.563718140929535,0.863068465767116,0.758620689655172,0.189905047476262,0.815092453773113,0.756621689155422,0.325337331334333,0.0924422174129016,0.841079460269865,0.0556428322338924,0.71464267866067,0.0918346381733081,0.504747626186906,0.662668665667166,0.592203898050975,0.776611694152924,0.801099450274863,0.750124937531234,0.296351824087956,0.782608695652174,0.667166416791604,0.741129435282359,0.610694652673663,0.912043978010994,0.172913543228386,0.405797101449275,0.683158420789605,0.871064467766117,0.258870564717641,0.547726136931534,0.733133433283358,0.382308845577211,0.267866066966517,0.212893553223388,0.213893053473263,0.101949025487256,0.221889055472264,0.520739630184908
"SNP-31_2",0.450774612693653,0.28735632183908,0.488255872063968,0.55872063968016,0.596701649175412,0.827086456771614,0.479260369815092,0.407296351824088,0.274862568715642,0.190404797601199,0.545227386306847,0.482758620689655,0.470764617691154,0.19640179910045,0.373313343328336,0.529235382308846,0.766616691654173,0.440779610194903,0.387806096951524,0.76511744127936,0.607196401799101,0.654672663668166,0.242378810594703,0.60119940029985,0.275862068965517,0.145427286356822,0.576711644177911,0.309345327336332,0.314842578710645,0.250874562718641,0.119940029985007,0.454272863568216,0.498250874562719,0.633183408295852,0.231384307846077,0.458770614692654,0.386806596701649,0.40279860069965,0.585207396301849,0.723138430784608,0.486256871564218,0.548725637181409,0.437781109445277,0.331334332833583,0.261869065467266,0.765617191404298,0.853073463268366,0.357821089455272,0.505747126436782,0.411794102948526
"SNP-32_1",0.628185907046477,0.539230384807596,0.587706146926537,0.602198900549725,0.342328835582209,0.598200899550225,0.525237381309345,0.747126436781609,0.753623188405797,0.722138930534733,0.723638180909545,0.595702148925537,0.67416291854073,0.111944027986007,0.448275862068966,0.630184907546227,0.532733633183408,0.4047976011994,0.713643178410795,0.642678660669665,0.458770614692654,0.704647676161919,0.650674662668666,0.607196401799101,0.295852073963018,0.444777611194403,0.660669665167416,0.56271864067966,0.71664167916042,0.211894052973513,0.541229385307346,0.824087956021989,0.522738630684658,0.498250874562719,0.405797101449275,0.543228385807096,0.780109945027486,0.809595202398801,0.608195902048976,0.409795102448776,0.541229385307346,0.729135432283858,0.892053973013493,0.790104947526237,0.233883058470765,0.758620689655172,0.509245377311344,0.72863568215892,0.595702148925537,0.283858070964518
"SNP-32_2",0.651674162918541,0.457771114442779,0.421789105447276,0.3928035982009,0.202898550724638,0.290354822588706,0.641179410294853,0.533733133433283,0.0703188587115271,0.259870064967516,0.499250374812594,0.312843578210895,0.598700649675162,0.614692653673163,0.528735632183908,0.233383308345827,0.484757621189405,0.219390304847576,0.47576211894053,0.239880059970015,0.328335832083958,0.458770614692654,0.662668665667166,0.0858119045023647,0.666666666666667,0.418290854572714,0.448775612193903,0.665667166416792,0.15792103948026,0.310344827586207,0.257871064467766,0.518740629685157,0.3968015992004,0.286856571714143,0.591204397801099,0.501749125437281,0.401799100449775,0.575212393803098,0.490754622688656,0.453273363318341,0.0710724421754945,0.335832083958021,0.574712643678161,0.446276861569215,0.452273863068466,0.144927536231884,0.52623688155922,0.203398300849575,0.347826086956522,0.312343828085957
"SNP-33_1",0.826086956521739,0.594202898550725,0.51424287856072,0.259370314842579,0.549725137431284,0.435782108945527,0.0879438225779038,0.71664167916042,0.208895552223888,0.594702648675662,0.426786606696652,0.329835082458771,0.307846076961519,0.254372813593203,0.845077461269365,0.654672663668166,0.407296351824088,0.301849075462269,0.530234882558721,0.345827086456772,0.580209895052474,0.388805597201399,0.176411794102949,0.176411794102949,0.2063968015992,0.545227386306847,0.0821438155026601,0.778110944527736,0.296851574212894,0.357821089455272,0.393803098450775,0.549725137431284,0.525737131434283,0.421789105447276,0.310844577711144,0.398300849575212,0.171914042978511,0.343828085957021,0.519740129935032,0.820089955022489,0.557721139430285,0.726136931534233,0.521739130434783,0.538730634682659,0.320839580209895,0.723138430784608,0.131934032983508,0.591704147926037,0.756121939030485,0.839080459770115
"SNP-33_2",0.288355822088956,0.373313343328336,0.186906546726637,0.0626608659561709,0.377311344327836,0.431784107946027,0.080217863345478,0.217391304347826,0.252373813093453,0.12143928035982,0.417791104447776,0.116941529235382,0.0711247488561794,0.414292853573213,0.335832083958021,0.32183908045977,0.176411794102949,0.335832083958021,0.657671164417791,0.24087956021989,0.413293353323338,0.649175412293853,0.31984007996002,0.128935532233883,0.453773113443278,0.391804097951024,0.254372813593203,0.164417791104448,0.378810594702649,0.156921539230385,0.126436781609195,0.44727636181909,0.0684185347597076,0.19240379810095,0.635182408795602,0.146426786606697,0.23288355822089,0.382308845577211,0.0694459833594358,0.839580209895052,0.205397301349325,0.266866566716642,0.243878060969515,0.0926161830352777,0.610194902548726,0.200899550224888,0.823588205897052,0.145927036481759,0.264367816091954,0.676661669165417
"SNP-34_1",0.337331334332834,0.19240379810095,0.430784607696152,0.122438780609695,0.367816091954023,0.569215392303848,0.318840579710145,0.120939530234883,0.0952185436470521,0.140929535232384,0.337331334332834,0.172913543228386,0.146926536731634,0.0787697284097573,0.129935032483758,0.12343828085957,0.142928535732134,0.0886401013029705,0.187406296851574,0.268865567216392,0.0997459122278449,0.0784216142433345,0.419290354822589,0.0905728406443353,0.341329335332334,0.374812593703148,0.47376311844078,0.43528235882059,0.211894052973513,0.486756621689155,0.43328335832084,0.440279860069965,0.325337331334333,0.160419790104948,0.5952023988006,0.270864567716142,0.454772613693153,0.32383808095952,0.399800099950025,0.343328335832084,0.577211394302849,0.0656538570625959,0.184407796101949,0.0926210206301618,0.979510244877561,0.190904547726137,0.863068465767116,0.825587206396802,0.0987476725386785,0.659170414792604
"SNP-34_2",0.610194902548726,0.496751624187906,0.331334332833583,0.0812388044745632,0.0955780473535614,0.179910044977511,0.136931534232884,0.0707442197215706,0.129435282358821,0.305347326336832,0.073184280216646,0.205397301349325,0.225387306346827,0.630184907546227,0.219390304847576,0.4007996001999,0.113943028485757,0.445777111444278,0.414792603698151,0.0700175333747497,0.223888055972014,0.63768115942029,0.468265867066467,0.112443778110945,0.238380809595202,0.55872063968016,0.36031984007996,0.182908545727136,0.382308845577211,0.694652673663168,0.496751624187906,0.324837581209395,0.0859268100073552,0.152923538230885,0.0879110319731373,0.114442778610695,0.227386306846577,0.0696078066252886,0.0786355703364282,0.0782177208063728,0.0955723976064258,0.162918540729635,0.315342328835582,0.430284857571214,0.11344327836082,0.350324837581209,0.789605197401299,0.644177911044478,0.177411294352824,0.447776111944028
"SNP-35_1",0.370314842578711,0.231884057971014,0.426286856571714,0.130434782608696,0.11544227886057,0.314342828585707,0.177911044477761,0.350824587706147,0.0863025398437238,0.188905547226387,0.231884057971014,0.378310844577711,0.0874610022458855,0.356821589205397,0.663168415792104,0.543228385807096,0.147926036981509,0.386806596701649,0.378310844577711,0.189405297351324,0.1944027986007,0.624687656171914,0.174412793603198,0.242378810594703,0.387306346826587,0.410294852573713,0.347826086956522,0.0740384551236997,0.264367816091954,0.552223888055972,0.192903548225887,0.568715642178911,0.126436781609195,0.638180909545227,0.196901549225387,0.495752123938031,0.135432283858071,0.56471764117941,0.133433283358321,0.329335332333833,0.0630743923689356,0.6031984007996,0.20439780109945,0.104447776111944,0.332333833083458,0.361319340329835,0.224887556221889,0.842578710644678,0.0681207603836268,0.326336831584208
"SNP-35_2",0.562218890554723,0.656671664167916,0.586206896551724,0.498750624687656,0.670664667666167,0.517241379310345,0.609695152423788,0.317341329335332,0.618690654672664,0.181409295352324,0.494252873563218,0.51824087956022,0.437781109445277,0.686656671664168,0.570714642678661,0.529235382308846,0.617691154422789,0.827086456771614,0.703648175912044,0.543728135932034,0.372313843078461,0.525237381309345,0.695152423788106,0.754122938530735,0.670164917541229,0.372813593203398,0.628685657171414,0.605697151424288,0.691654172913543,0.704147926036982,0.693653173413293,0.487256371814093,0.623188405797101,0.769115442278861,0.312343828085957,0.583208395802099,0.398300849575212,0.365317341329335,0.533733133433283,0.125937031484258,0.23488255872064,0.747126436781609,0.755622188905547,0.557721139430285,0.601699150424788,0.849075462268866,0.887556221889055,0.290354822588706,0.756621689155422,0.738130934532734
"SNP-36_1",0.534232883558221,0.590704647676162,0.67416291854073,0.570214892553723,0.274862568715642,0.781109445277361,0.632183908045977,0.105947026486757,0.230884557721139,0.359820089955023,0.429785107446277,0.581209395302349,0.267366316841579,0.684657671164418,0.186406796601699,0.584707646176912,0.550224887556222,0.743628185907046,0.440279860069965,0.181409295352324,0.230384807596202,0.64567716141929,0.132933533233383,0.789105447276362,0.374312843578211,0.757621189405297,0.583708145927036,0.607696151924038,0.794102948525737,0.725137431284358,0.32183908045977,0.91904047976012,0.542728635682159,0.640679660169915,0.342328835582209,0.517741129435282,0.335332333833083,0.155422288855572,0.588705647176412,0.423788105947026,0.537731134432784,0.252373813093453,0.238380809595202,0.900549725137431,0.248875562218891,0.222388805597201,0.656671664167916,0.755622188905547,0.838580709645177,0.210894552723638
"SNP-36_2",0.451774112943528,0.578710644677661,0.653673163418291,0.231384307846077,0.533733133433283,0.405797101449275,0.588205897051474,0.0785297826245162,0.621189405297351,0.441779110444778,0.509245377311344,0.305347326336832,0.36231884057971,0.51824087956022,0.721139430284858,0.689655172413793,0.181409295352324,0.581709145427286,0.301349325337331,0.241379310344828,0.487756121939031,0.123938030984508,0.267866066966517,0.545727136431784,0.377311344327836,0.271864067966017,0.717141429285357,0.129935032483758,0.537731134432784,0.825087456271864,0.542728635682159,0.0768899870425364,0.330834582708646,0.1944027986007,0.744627686156922,0.290354822588706,0.808595702148926,0.0660712284093828,0.282858570714643,0.248375812093953,0.893553223388306,0.525737131434283,0.255872063968016,0.201399300349825,0.841579210394803,0.488255872063968,0.453773113443278,0.625687156421789,0.189405297351324,0.615692153923038
"SNP-37_1",0.786106946526737,0.499750124937531,0.417291354322839,0.427786106946527,0.299350324837581,0.156421789105447,0.476761619190405,0.681159420289855,0.587206396801599,0.429285357321339,0.771614192903548,0.412793603198401,0.245377311344328,0.637181409295352,0.692153923038481,0.465767116441779,0.423288355822089,0.503248375812094,0.549725137431284,0.503248375812094,0.655672163918041,0.363818090954523,0.102448775612194,0.346826586706647,0.633183408295852,0.363818090954523,0.699650174912544,0.614192903548226,0.323338330834583,0.583708145927036,0.533233383308346,0.654672663668166,0.484257871064468,0.662668665667166,0.785607196401799,0.823588205897052,0.584207896051974,0.804597701149425,0.699650174912544,0.80359820089955,0.602698650674663,0.0705756434957265,0.771614192903548,0.371314342828586,0.454772613693153,0.0927358248324825,0.632183908045977,0.560219890054973,0.698650674662669,0.131934032983508
"SNP-37_2",0.585207396301849,0.270364817591204,0.16191904047976,0.0723837230536871,0.422788605697151,0.102948525737131,0.111944027986007,0.0714788417060281,0.219890054972514,0.163418290854573,0.282358820589705,0.0807043440814091,0.198900549725137,0.076236772546868,0.313343328335832,0.336831584207896,0.0718249657652894,0.0836822567659732,0.170914542728636,0.448275862068966,0.139430284857571,0.552223888055972,0.218890554722639,0.424287856071964,0.420789605197401,0.140929535232384,0.274362818590705,0.0900322549274031,0.147426286856572,0.139930034982509,0.0976637532981459,0.349325337331334,0.155422288855572,0.0698396516748707,0.145427286356822,0.0691457917070996,0.203398300849575,0.261869065467266,0.0799074190391364,0.355822088955522,0.454772613693153,0.0627469985229431,0.229885057471264,0.0868796228801407,0.357821089455272,0.328835582208896,0.378310844577711,0.676661669165417,0.104437657486914,0.381809095452274
"SNP-38_1",0.657171414292854,0.356821589205397,0.376811594202899,0.513243378310845,0.543728135932034,0.341829085457271,0.582708645677161,0.659170414792604,0.268865567216392,0.262868565717141,0.339330334832584,0.44127936031984,0.456771614192904,0.156921539230385,0.572713643178411,0.304847576211894,0.280359820089955,0.245377311344328,0.705647176411794,0.0755835408172139,0.517241379310345,0.488755622188906,0.587206396801599,0.458770614692654,0.610194902548726,0.584207896051974,0.508745627186407,0.306346826586707,0.589205397301349,0.740129935032484,0.696151924037981,0.375312343828086,0.657171414292854,0.3928035982009,0.567716141929036,0.310344827586207,0.264867566216892,0.88255872063968,0.293353323338331,0.632683658170915,0.392303848075962,0.174912543728136,0.354822588705647,0.764617691154423,0.308845577211394,0.100564081509425,0.101949025487256,0.094877389695505,0.431784107946027,0.726136931534233
"SNP-38_2",0.128935532233883,0.295352323838081,0.331834082958521,0.379810094952524,0.654172913543228,0.800099950024987,0.689155422288856,0.0685872673412004,0.369315342328836,0.227886056971514,0.2023988005997,0.156421789105447,0.302348825587206,0.245377311344328,0.136431784107946,0.535232383808096,0.604197901049475,0.303848075962019,0.294352823588206,0.501249375312344,0.444777611194403,0.209395302348826,0.508245877061469,0.301849075462269,0.72663668165917,0.387306346826587,0.546726636681659,0.737131434282859,0.0681680316445386,0.248375812093953,0.229385307346327,0.721639180409795,0.543728135932034,0.168915542228886,0.0880060896608846,0.278860569715142,0.545727136431784,0.286856571714143,0.43928035982009,0.0755595109007367,0.23888055972014,0.0667865083318823,0.499750124937531,0.809095452273863,0.959020489755122,0.55472263868066,0.52423788105947,0.282858570714643,0.465767116441779,0.541229385307346
"SNP-39_1",0.105947026486757,0.109945027486257,0.0831479545882539,0.547726136931534,0.485257371314343,0.379810094952524,0.788105947026487,0.460769615192404,0.695652173913043,0.521739130434783,0.0737325128908922,0.0744392666387283,0.403798100949525,0.584207896051974,0.320339830084958,0.496751624187906,0.563718140929535,0.392303848075962,0.219390304847576,0.391804097951024,0.403798100949525,0.216391804097951,0.449275362318841,0.0821207886710548,0.0672539494742469,0.372813593203398,0.492753623188406,0.110444777611194,0.619190404797601,0.255872063968016,0.426286856571714,0.133933033483258,0.326336831584208,0.339330334832584,0.586706646676662,0.647176411794103,0.748625687156422,0.253873063468266,0.715642178910545,0.455772113943028,0.39480259870065,0.066880775018781,0.243878060969515,0.412293853073463,0.139930034982509,0.0964856289522012,0.903548225887057,0.902048975512244,0.31384307846077,0.811094452773613
"SNP-39_2",0.672663668165917,0.288355822088956,0.412793603198401,0.447776111944028,0.548225887056472,0.670664667666167,0.0906999132576691,0.797101449275362,0.445777111444278,0.186406796601699,0.724137931034483,0.253873063468266,0.219390304847576,0.0821056065452125,0.773613193403298,0.473263368315842,0.826086956521739,0.389305347326337,0.175912043978011,0.137431284357821,0.39480259870065,0.896051974012994,0.723638180909545,0.630184907546227,0.354822588705647,0.67416291854073,0.72263868065967,0.55672163918041,0.130434782608696,0.318340829585207,0.124437781109445,0.211894052973513,0.589705147426287,0.516741629185407,0.734632683658171,0.793103448275862,0.525237381309345,0.873563218390805,0.565217391304348,0.691154422788606,0.0778765937734723,0.0677191481043602,0.146426786606697,0.0702783954283693,0.611694152923538,0.965017491254373,0.221389305347326,0.261869065467266,0.208895552223888,0.1984007996002
"SNP-40_1",0.571214392803598,0.666666666666667,0.419790104947526,0.300849575212394,0.633183408295852,0.751124437781109,0.619190404797601,0.687156421789105,0.0966981548670037,0.649175412293853,0.501249375312344,0.381809095452274,0.355822088955522,0.853573213393303,0.766116941529235,0.0801688498713142,0.316841579210395,0.0870840821363623,0.316341829085457,0.580709645177411,0.659170414792604,0.370314842578711,0.0753978065681787,0.619690154922539,0.673163418290855,0.318840579710145,0.417791104447776,0.633183408295852,0.608695652173913,0.563718140929535,0.539230384807596,0.875562218890555,0.409795102448776,0.170414792603698,0.409295352323838,0.353323338330835,0.634182908545727,0.482758620689655,0.344827586206897,0.551724137931034,0.322338830584708,0.605697151424288,0.836581709145427,0.805097451274363,0.714142928535732,0.337331334332834,0.0794777411383926,0.781609195402299,0.503248375812094,0.375312343828086
"SNP-40_2",0.850574712643678,0.480259870064968,0.521239380309845,0.554222888555722,0.227886056971514,0.459770114942529,0.402298850574713,0.811094452773613,0.742128935532234,0.828585707146427,0.737131434282859,0.794602698650675,0.619690154922539,0.150424787606197,0.720139930034983,0.403298350824588,0.678660669665167,0.475262368815592,0.5992003998001,0.774612693653173,0.473263368315842,0.471764117941029,0.263868065967017,0.617691154422789,0.92703648175912,0.474262868565717,0.538230884557721,0.613193403298351,0.576211894052973,0.64567716141929,0.709145427286357,0.696151924037981,0.425287356321839,0.63768115942029,0.396301849075462,0.816591704147926,0.968515742128936,0.631684157921039,0.152423788105947,0.180409795102449,0.592703648175912,0.908545727136432,0.975512243878061,0.487756121939031,0.0786706622720947,0.946026986506747,0.697151424287856,0.796101949025487,0.571214392803598,0.992003998000999
"SNP-41_1",0.626686656671664,0.788605697151424,0.451774112943528,0.586706646676662,0.222388805597201,0.128435782108946,0.707646176911544,0.662168915542229,0.912543728135932,0.630684657671164,0.498250874562719,0.530234882558721,0.515242378810595,0.453773113443278,0.491754122938531,0.51424287856072,0.715142428785607,0.653173413293353,0.719140429785107,0.385307346326837,0.683158420789605,0.918540729635182,0.892553723138431,0.424787606196902,0.368815592203898,0.499750124937531,0.446276861569215,0.630184907546227,0.390804597701149,0.657671164417791,0.289855072463768,0.488755622188906,0.778610694652674,0.395802098950525,0.782608695652174,0.432283858070965,0.24087956021989,0.775112443778111,0.504247876061969,0.883058470764618,0.622188905547226,0.201399300349825,0.578210894552724,0.772613693153423,0.547726136931534,0.438780609695152,0.883558220889555,0.577211394302849,0.510744627686157,0.627186406796602
"SNP-41_2",0.634182908545727,0.440779610194903,0.544727636181909,0.0758563153376103,0.589205397301349,0.638680659670165,0.511244377811094,0.448275862068966,0.663668165917041,0.0690836108103449,0.0813641520889257,0.777611194402799,0.135432283858071,0.187406296851574,0.0813213618527904,0.553723138430785,0.08715261397595,0.870564717641179,0.745127436281859,0.649175412293853,0.749625187406297,0.486756621689155,0.667166416791604,0.8055972013993,0.865567216391804,0.68415792103948,0.0672762329282858,0.180909545227386,0.237381309345327,0.473263368315842,0.677161419290355,0.530234882558721,0.493253373313343,0.847576211894053,0.690154922538731,0.801099450274863,0.393303348325837,0.0903407390718856,0.137931034482759,0.770114942528736,0.551724137931034,0.0691242739622395,0.68615692153923,0.495252373813093,0.370814592703648,0.742628685657171,0.534232883558221,0.12743628185907,0.543228385807096,0.665667166416792
"SNP-42_1",0.837581209395302,0.64567716141929,0.574712643678161,0.44127936031984,0.84607696151924,0.51624187906047,0.664667666166917,0.810594702648676,0.567216391804098,0.511244377811094,0.39880059970015,0.343828085957021,0.734132933533233,0.829585207396302,0.5992003998001,0.464267866066967,0.453773113443278,0.749125437281359,0.341329335332334,0.501249375312344,0.71664167916042,0.741129435282359,0.52423788105947,0.599700149925038,0.769115442278861,0.51624187906047,0.725637181409295,0.712143928035982,0.303848075962019,0.306346826586707,0.450274862568716,0.471764117941029,0.690654672663668,0.509245377311344,0.72863568215892,0.501249375312344,0.813593203398301,0.573213393303348,0.621189405297351,0.550224887556222,0.801099450274863,0.472763618190905,0.687156421789105,0.239880059970015,0.535232383808096,0.207896051974013,0.48575712143928,0.888555722138931,0.273863068465767,0.463268365817091
"SNP-42_2",0.35432283858071,0.322838580709645,0.243378310844578,0.393303348325837,0.141929035482259,0.257371314342829,0.256371814092954,0.270864567716142,0.228385807096452,0.287856071964018,0.600699650174913,0.24287856071964,0.0930239365663729,0.443778110944528,0.262368815592204,0.602698650674663,0.265367316341829,0.177411294352824,0.35632183908046,0.150424787606197,0.586706646676662,0.610194902548726,0.236381809095452,0.642678660669665,0.0915992391235806,0.463268365817091,0.250374812593703,0.227386306846577,0.380809595202399,0.23888055972014,0.466766616691654,0.515742128935532,0.365317341329335,0.409295352323838,0.498750624687656,0.591204397801099,0.363818090954523,0.0826927899767506,0.392303848075962,0.809595202398801,0.150924537731134,0.0659329396041371,0.71464267866067,0.611694152923538,0.671164417791104,0.241379310344828,0.931034482758621,0.717641179410295,0.321339330334833,0.172413793103448
"SNP-43_1",0.657671164417791,0.784107946026987,0.567716141929036,0.63968015992004,0.511744127936032,0.75512243878061,0.80359820089955,0.405797101449275,0.608195902048976,0.467266366816592,0.725137431284358,0.635182408795602,0.382808595702149,0.487756121939031,0.617191404297851,0.545227386306847,0.795102448775612,0.7976011994003,0.63768115942029,0.0848917552286358,0.683158420789605,0.585707146426787,0.407296351824088,0.563718140929535,0.449775112443778,0.648175912043978,0.560219890054973,0.764617691154423,0.519740129935032,0.581709145427286,0.293353323338331,0.559220389805097,0.696651674162919,0.448775612193903,0.48375812093953,0.542228885557221,0.741129435282359,0.508745627186407,0.806096951524238,0.72463768115942,0.744627686156922,0.588705647176412,0.760619690154923,0.295852073963018,0.124437781109445,0.11344327836082,0.23688155922039,0.735632183908046,0.879560219890055,0.0816433018667487
"SNP-43_2",0.320839580209895,0.275862068965517,0.393803098450775,0.229885057471264,0.0698865847845067,0.118940529735132,0.298350824587706,0.436281859070465,0.485257371314343,0.0839409903592972,0.130934532733633,0.375812093953024,0.317341329335332,0.361319340329835,0.44527736131934,0.579710144927536,0.316341829085457,0.270364817591204,0.444777611194403,0.104947526236882,0.158420789605197,0.371814092953523,0.24287856071964,0.144927536231884,0.723138430784608,0.737631184407796,0.176911544227886,0.173913043478261,0.178410794602699,0.347826086956522,0.24287856071964,0.0829485059234951,0.249375312343828,0.80359820089955,0.102948525737131,0.536231884057971,0.229385307346327,0.741629185407296,0.0918294156289682,0.72263868065967,0.302848575712144,0.330334832583708,0.109945027486257,0.659170414792604,0.489255372313843,0.215392303848076,0.547726136931534,0.176411794102949,0.0728846372445076,0.542228885557221
"SNP-44_1",0.0632931190481257,0.0845621027731536,0.0615418151782131,0.0628901029534052,0.164917541229385,0.0595731375954468,0.178910544727636,0.0638566137435523,0.232383808095952,0.0677817334058182,0.0558417173068322,0.0570397012719917,0.0565333784934956,0.0673719407588145,0.0704665784274747,0.480759620189905,0.0594219122906343,0.0568488108682954,0.0611092269757541,0.0562394598072468,0.0951889133895238,0.0652397715755544,0.553223388305847,0.0719693119054835,0.0596951269769291,0.658670664667666,0.230884557721139,0.0814440274204447,0.102448775612194,0.0650955498570459,0.131934032983508,0.0642088085156172,0.0567873361670021,0.473263368315842,0.0613551459988797,0.0591630986188751,0.309345327336332,0.0670021377204217,0.501749125437281,0.0666653831768353,0.0716457447484476,0.0644889387492874,0.0653214686625568,0.0678692800482652,0.431784107946027,0.688655672163918,0.0945522298138905,0.149925037481259,0.518740629685157,0.249875062468766
"SNP-44_2",0.31984007996002,0.393303348325837,0.534732633683158,0.430784607696152,0.0603043469001015,0.0608892349541161,0.414292853573213,0.811094452773613,0.701649175412294,0.251374312843578,0.511744127936032,0.517241379310345,0.2063968015992,0.16391804097951,0.540729635182409,0.300849575212394,0.220889555222389,0.574712643678161,0.218890554722639,0.142428785607196,0.376811594202899,0.332833583208396,0.302848575712144,0.476261869065467,0.68015992003998,0.651674162918541,0.603698150924538,0.306846576711644,0.453773113443278,0.696151924037981,0.252373813093453,0.852073963018491,0.379310344827586,0.72263868065967,0.63568215892054,0.594702648675662,0.735132433783108,0.804597701149425,0.446276861569215,0.222388805597201,0.0606174161690646,0.734632683658171,0.154922538730635,0.329835082458771,0.83608195902049,0.363818090954523,0.335332333833083,0.869565217391304,0.0895979840332076,0.105947026486757
"SNP-45_1",0.808095952023988,0.816591704147926,0.447776111944028,0.394302848575712,0.768615692153923,0.337831084457771,0.831084457771114,0.822088955522239,0.179410294852574,0.209395302348826,0.821089455272364,0.256371814092954,0.452273863068466,0.300349825087456,0.509245377311344,0.532233883058471,0.358820589705147,0.667666166916542,0.250374812593703,0.472763618190905,0.312843578210895,0.596201899050475,0.600199900049975,0.702648675662169,0.571714142928536,0.886056971514243,0.703648175912044,0.704147926036982,0.482758620689655,0.915542228885557,0.322338830584708,0.523738130934533,0.72463768115942,0.891554222888556,0.711144427786107,0.824587706146927,0.448275862068966,0.622188905547226,0.606696651674163,0.0656121013980183,0.596201899050475,0.851574212893553,0.0874854589858079,0.0925658360887728,0.205897051474263,0.634182908545727,0.255372313843078,0.666666666666667,0.20039980009995,0.399300349825087
"SNP-45_2",0.591704147926037,0.376811594202899,0.638180909545227,0.640679660169915,0.847076461769115,0.689655172413793,0.229885057471264,0.215892053973014,0.636181909045477,0.650174912543728,0.513743128435782,0.511244377811094,0.623688155922039,0.0749791191498588,0.802598700649675,0.407796101949025,0.615692153923038,0.487756121939031,0.263868065967017,0.308845577211394,0.587706146926537,0.592703648175912,0.668165917041479,0.884057971014493,0.578710644677661,0.395802098950525,0.561719140429785,0.661669165417291,0.438780609695152,0.812593703148426,0.228385807096452,0.716141929035482,0.852073963018491,0.591204397801099,0.723638180909545,0.391804097951024,0.845077461269365,0.257371314342829,0.262368815592204,0.162418790604698,0.547726136931534,0.840579710144927,0.375312343828086,0.275862068965517,0.478760619690155,0.156921539230385,0.56471764117941,0.666666666666667,0.298850574712644,0.449775112443778
"SNP-46_1",0.535232383808096,0.414292853573213,0.434782608695652,0.363318340829585,0.829085457271364,0.56271864067966,0.218390804597701,0.337331334332834,0.181409295352324,0.577711144427786,0.343328335832084,0.381809095452274,0.257871064467766,0.248375812093953,0.552223888055972,0.467766116941529,0.444277861069465,0.470764617691154,0.149925037481259,0.48175912043978,0.149925037481259,0.201399300349825,0.322838580709645,0.305847076461769,0.280359820089955,0.384807596201899,0.418790604697651,0.664167916041979,0.419290354822589,0.361319340329835,0.405297351324338,0.881559220389805,0.451774112943528,0.198900549725137,0.559720139930035,0.0883061700820899,0.737131434282859,0.672663668165917,0.308345827086457,0.328835582208896,0.293353323338331,0.641179410294853,0.186406796601699,0.332833583208396,0.989005497251374,0.122438780609695,0.559720139930035,0.289355322338831,0.238380809595202,0.129935032483758
"SNP-46_2",0.0782128787947812,0.15792103948026,0.571214392803598,0.522738630684658,0.732633683158421,0.233883058470765,0.122938530734633,0.0702015255220522,0.3968015992004,0.0741225001122449,0.0602860819460194,0.397801099450275,0.540229885057471,0.15392303848076,0.0704829767281542,0.292353823088456,0.274862568715642,0.235382308845577,0.0714399331816797,0.127936031984008,0.115942028985507,0.280859570214893,0.693653173413293,0.264867566216892,0.749625187406297,0.474262868565717,0.231384307846077,0.596201899050475,0.0890196142264655,0.707146426786607,0.265367316341829,0.237381309345327,0.553223388305847,0.350824587706147,0.0946922982181858,0.0795907485934292,0.237381309345327,0.571714142928536,0.571214392803598,0.470264867566217,0.435782108945527,0.081454861121,0.286856571714143,0.1944027986007,0.0917328012432197,0.373313343328336,0.694152923538231,0.191404297851074,0.0749203536500467,0.133933033483258
"SNP-47_1",0.592203898050975,0.276361819090455,0.513743128435782,0.307346326836582,0.699650174912544,0.642178910544728,0.635182408795602,0.428285857071464,0.446276861569215,0.27336331834083,0.646176911544228,0.697151424287856,0.3968015992004,0.418290854572714,0.690654672663668,0.796601699150425,0.408295852073963,0.769615192403798,0.152923538230885,0.347326336831584,0.819590204897551,0.76711644177911,0.205397301349325,0.733633183408296,0.594202898550725,0.471264367816092,0.664667666166917,0.861069465267366,0.587206396801599,0.576711644177911,0.526736631684158,0.784107946026987,0.579210394802599,0.880059970014992,0.420789605197401,0.729635182408796,0.359820089955023,0.720139930034983,0.0866019064423885,0.328335832083958,0.659170414792604,0.47576211894053,0.573713143428286,0.0954452205290802,0.423788105947026,0.932033983008496,0.534732633683158,0.677161419290355,0.080206979761838,0.733133433283358
"SNP-47_2",0.335332333833083,0.311344327836082,0.455272363818091,0.447776111944028,0.343828085957021,0.508745627186407,0.147426286856572,0.637181409295352,0.538230884557721,0.359820089955023,0.253373313343328,0.430784607696152,0.343328335832084,0.179910044977511,0.0881122929079389,0.493253373313343,0.28735632183908,0.139430284857571,0.534232883558221,0.649175412293853,0.292353823088456,0.385307346326837,0.828085957021489,0.382308845577211,0.773113443278361,0.0783722013317278,0.412793603198401,0.409795102448776,0.168915542228886,0.888555722138931,0.248375812093953,0.598200899550225,0.120939530234883,0.16191904047976,0.581709145427286,0.147426286856572,0.529235382308846,0.620189905047476,0.632183908045977,0.386306846576712,0.492253873063468,0.393303348325837,0.378810594702649,0.32583708145927,0.624187906046976,0.761619190404798,0.138430784607696,0.751124437781109,0.359820089955023,0.300849575212394
"SNP-48_1",0.493753123438281,0.170914542728636,0.109945027486257,0.167416291854073,0.367816091954023,0.272863568215892,0.222388805597201,0.24687656171914,0.272863568215892,0.345827086456772,0.0655855448982501,0.393803098450775,0.100449775112444,0.375312343828086,0.708645677161419,0.539730134932534,0.15792103948026,0.0849532975095793,0.592703648175912,0.284857571214393,0.162418790604698,0.538730634682659,0.0763425274610463,0.0892707883993175,0.195402298850575,0.532233883058471,0.19640179910045,0.0685315364960034,0.185907046476762,0.342828585707146,0.141929035482259,0.211394302848576,0.108945527236382,0.32383808095952,0.0765283117601261,0.431784107946027,0.267366316841579,0.0790053775574249,0.622688655672164,0.911044477761119,0.209895052473763,0.108945527236382,0.0711213243120923,0.383308345827086,0.717641179410295,0.428785607196402,0.085771002704652,0.338330834582709,0.0948854485863666,0.296351824087956
"SNP-48_2",0.118940529735132,0.148925537231384,0.253373313343328,0.401799100449775,0.47576211894053,0.24287856071964,0.544227886056971,0.32583708145927,0.223888055972014,0.0828151395838272,0.0855582801188075,0.166416791604198,0.303348325837081,0.0845543119329495,0.198900549725137,0.351824087956022,0.418790604697651,0.257371314342829,0.0786730272478105,0.267366316841579,0.471264367816092,0.0827977740176114,0.590704647676162,0.28735632183908,0.40279860069965,0.425787106446777,0.44127936031984,0.502748625687156,0.138430784607696,0.430284857571214,0.092357618964471,0.295852073963018,0.148925537231384,0.734132933533233,0.124937531234383,0.821589205397301,0.261369315342329,0.453773113443278,0.360819590204898,0.385307346326837,0.108445777111444,0.317341329335332,0.140929535232384,0.494752623688156,0.307346326836582,0.71464267866067,0.281859070464768,0.818590704647676,0.0972328432610303,0.79160419790105
"SNP-49_1",0.594702648675662,0.514742628685657,0.386806596701649,0.266866566716642,0.491254372813593,0.382808595702149,0.517741129435282,0.804097951024488,0.573213393303348,0.494252873563218,0.456771614192904,0.504247876061969,0.480759620189905,0.64567716141929,0.211894052973513,0.731634182908546,0.316341829085457,0.424787606196902,0.730134932533733,0.5952023988006,0.429785107446277,0.733133433283358,0.720139930034983,0.242378810594703,0.622188905547226,0.814592703648176,0.584207896051974,0.371314342828586,0.494752623688156,0.379310344827586,0.216391804097951,0.469765117441279,0.616191904047976,0.884057971014493,0.516741629185407,0.76311844077961,0.24687656171914,0.638680659670165,0.380809595202399,0.171914042978511,0.673163418290855,0.28735632183908,0.120939530234883,0.874062968515742,0.314342828585707,0.668665667166417,0.676661669165417,0.711144427786107,0.655172413793103,0.43928035982009
"SNP-49_2",0.413793103448276,0.201899050474763,0.304847576211894,0.0771490885414732,0.0812201414379899,0.229885057471264,0.301349325337331,0.590704647676162,0.84007996001999,0.412793603198401,0.199900049975012,0.367316341829085,0.106446776611694,0.451774112943528,0.428285857071464,0.273863068465767,0.0828423100006056,0.306346826586707,0.269365317341329,0.118440779610195,0.142928535732134,0.288855572213893,0.199900049975012,0.0759455623799853,0.166916541729135,0.521239380309845,0.607696151924038,0.337331334332834,0.436781609195402,0.416791604197901,0.229385307346327,0.0771746458021071,0.214892553723138,0.584207896051974,0.241379310344828,0.532233883058471,0.300849575212394,0.419790104947526,0.15592203898051,0.308345827086457,0.455772113943028,0.495752123938031,0.16191904047976,0.602198900549725,0.711644177911045,0.606696651674163,0.15992003998001,0.800599700149925,0.423288355822089,0.546226886556722
"SNP-50_1",0.0655765281927817,0.0915844344937003,0.199400299850075,0.107446276861569,0.379310344827586,0.286856571714143,0.197401299350325,0.073086987768712,0.310344827586207,0.230884557721139,0.0842019890574152,0.241879060469765,0.0892649863800225,0.0707360727289701,0.0683480371393484,0.133933033483258,0.100449775112444,0.142428785607196,0.0871533382939913,0.0732938042961994,0.0939553912201894,0.427786106946527,0.0877453798353211,0.377811094452774,0.06253495726073,0.16391804097951,0.662168915542229,0.102948525737131,0.0694557045034292,0.170414792603698,0.0978751939459146,0.288355822088956,0.368815592203898,0.100289229541127,0.429285357321339,0.128435782108946,0.294352823588206,0.0814772116434813,0.84407796101949,0.0677339354086745,0.431284357821089,0.395302348825587,0.186906546726637,0.60119940029985,0.613193403298351,0.706146926536732,0.139430284857571,0.430284857571214,0.0777339560935622,0.408795602198901
"SNP-50_2",0.489755122438781,0.0680465454000006,0.0712822021246235,0.0630516601626725,0.0735435197628946,0.0649769196101881,0.062119254153914,0.47976011994003,0.0731390404584363,0.230384807596202,0.0630482948260752,0.0633294457088706,0.0701674730343093,0.170414792603698,0.550724637681159,0.114942528735632,0.0615143687206574,0.059087556969959,0.389305347326337,0.116941529235382,0.0896434933618897,0.393803098450775,0.148425787106447,0.0670469395267412,0.0904004499906583,0.231384307846077,0.0762917383208632,0.0601251423398107,0.183408295852074,0.0877091616106636,0.094518189470228,0.0771759814636572,0.0634938390398335,0.107446276861569,0.0638569658502605,0.148925537231384,0.0601333902423787,0.425787106446777,0.0785965090335116,0.460769615192404,0.0640588829262113,0.128435782108946,0.0655555153526777,0.148425787106447,0.0966252072472616,0.735632183908046,0.178410794602699,0.839580209895052,0.332833583208396,0.416291854072964
"SNP-51_1",0.190404797601199,0.264867566216892,0.0915200801044509,0.253373313343328,0.504747626186906,0.596201899050475,0.71864067966017,0.498750624687656,0.543228385807096,0.423288355822089,0.462268865567216,0.132433783108446,0.0806436131121282,0.708145927036482,0.43528235882059,0.868565717141429,0.420789605197401,0.173413293353323,0.666666666666667,0.550224887556222,0.111944027986007,0.36231884057971,0.577211394302849,0.537231384307846,0.326836581709145,0.51824087956022,0.460769615192404,0.0786209325038201,0.272863568215892,0.452773613193403,0.522738630684658,0.189405297351324,0.446276861569215,0.272363818090955,0.218390804597701,0.159420289855072,0.470764617691154,0.341329335332334,0.236381809095452,0.355822088955522,0.499250374812594,0.633183408295852,0.589205397301349,0.161419290354823,0.0752308774985866,0.828085957021489,0.375312343828086,0.683658170914543,0.412793603198401,0.72663668165917
"SNP-51_2",0.139930034982509,0.069843812704251,0.0807712097581425,0.164417791104448,0.447776111944028,0.353823088455772,0.140929535232384,0.668665667166417,0.168415792103948,0.144427786106947,0.237381309345327,0.0706464215768577,0.0931440813868236,0.272363818090955,0.272863568215892,0.158420789605197,0.152923538230885,0.0919257907957826,0.102448775612194,0.250374812593703,0.0904711824109914,0.0902462943321265,0.0830692237781137,0.12743628185907,0.685157421289355,0.0828852189379288,0.498750624687656,0.314342828585707,0.346826586706647,0.0818811824769618,0.186906546726637,0.124937531234383,0.0789591841347694,0.416791604197901,0.0874485071819208,0.361819090454773,0.102448775612194,0.638180909545227,0.326336831584208,0.0938572884136757,0.0875763235891324,0.446776611694153,0.125937031484258,0.259370314842579,0.430284857571214,0.222888555722139,0.366816591704148,0.912543728135932,0.114942528735632,0.28735632183908
"SNP-52_1",0.594702648675662,0.600199900049975,0.678660669665167,0.658670664667666,0.086970567235429,0.0798863145408569,0.594702648675662,0.427786106946527,0.492253873063468,0.696651674162919,0.235882058970515,0.461769115442279,0.454272863568216,0.470764617691154,0.48375812093953,0.442278860569715,0.588705647176412,0.389805097451274,0.827086456771614,0.55272363818091,0.419290354822589,0.68615692153923,0.597701149425287,0.502748625687156,0.570714642678661,0.35632183908046,0.497251374312844,0.397301349325337,0.340829585207396,0.679160419790105,0.668665667166417,0.64367816091954,0.879560219890055,0.71664167916042,0.624687656171914,0.634182908545727,0.654172913543228,0.769615192403798,0.101949025487256,0.67416291854073,0.660669665167416,0.260869565217391,0.480759620189905,0.414292853573213,0.36431784107946,0.908545727136432,0.303848075962019,0.837581209395302,0.551224387806097,0.249875062468766
"SNP-52_2",0.217391304347826,0.166416791604198,0.0846451362623731,0.0808462840413462,0.375312343828086,0.275862068965517,0.385307346326837,0.410294852573713,0.44127936031984,0.0855742709558917,0.24687656171914,0.0731278975644178,0.193403298350825,0.086926275207975,0.708145927036482,0.135432283858071,0.176911544227886,0.0744005583867731,0.225887056471764,0.0887081045754822,0.458270864567716,0.554222888555722,0.614692653673163,0.351824087956022,0.423788105947026,0.312843578210895,0.0749340834887191,0.628185907046477,0.254372813593203,0.199900049975012,0.305347326336832,0.675162418790605,0.0773088720934227,0.0836460934091935,0.0624080064439027,0.223888055972014,0.221889055472264,0.267366316841579,0.24087956021989,0.170414792603698,0.413293353323338,0.0786319288122817,0.087744273151073,0.383808095952024,0.422288855572214,0.196901549225387,0.0803403381343941,0.990004997501249,0.333833083458271,0.0739794698608684
"SNP-53_1",0.0920262637059889,0.0668980492307315,0.129935032483758,0.0759746789559338,0.371314342828586,0.419290354822589,0.104447776111944,0.0882782830707805,0.0651335294969449,0.0694552412545525,0.0581710096260958,0.0635166757784383,0.058169974766274,0.27936031984008,0.110444777611194,0.15792103948026,0.111444277861069,0.0599661204933724,0.523738130934533,0.162918540729635,0.0670706843301092,0.416791604197901,0.389305347326337,0.076732184789694,0.203898050974513,0.0989103433309352,0.0643362823941504,0.0805429348269856,0.0755919017183437,0.324837581209395,0.0967139262002638,0.201399300349825,0.0776947609363507,0.0679016736311785,0.0674577052188445,0.072589349806063,0.419790104947526,0.351824087956022,0.074044190452488,0.736631684157921,0.065631068870448,0.0632762930781638,0.0914993243942616,0.866066966516742,0.0720747948453588,0.0957108886952641,0.427786106946527,0.736631684157921,0.160919540229885,0.553223388305847
"SNP-53_2",0.636181909045477,0.772113943028486,0.582208895552224,0.631684157921039,0.646176911544228,0.509745127436282,0.334832583708146,0.592703648175912,0.572713643178411,0.363818090954523,0.623188405797101,0.631684157921039,0.182408795602199,0.585707146426787,0.651174412793603,0.653173413293353,0.517741129435282,0.642678660669665,0.656671664167916,0.370314842578711,0.466266866566717,0.607696151924038,0.63368315842079,0.293353323338331,0.314842578710645,0.512743628185907,0.854572713643178,0.610194902548726,0.422788605697151,0.284357821089455,0.438280859570215,0.344327836081959,0.543728135932034,0.72663668165917,0.763618190904548,0.451774112943528,0.685157421289355,0.700149925037481,0.100449775112444,0.389305347326337,0.485257371314343,0.286356821589205,0.617691154422789,0.0745486083370369,0.794602698650675,0.605697151424288,0.88455772113943,0.671664167916042,0.702148925537231,0.508745627186407
"SNP-54_1",0.714142928535732,0.529235382308846,0.744127936031984,0.32583708145927,0.617691154422789,0.256371814092954,0.51424287856072,0.602698650674663,0.155422288855572,0.442778610694653,0.638680659670165,0.559720139930035,0.681159420289855,0.621189405297351,0.67416291854073,0.746126936531734,0.386806596701649,0.3928035982009,0.561219390304848,0.708145927036482,0.597701149425287,0.637181409295352,0.0918596401843828,0.43728135932034,0.690154922538731,0.539230384807596,0.622688655672164,0.487256371814093,0.389305347326337,0.415292353823088,0.510244877561219,0.274862568715642,0.815592203898051,0.52223888055972,0.645177411294353,0.570714642678661,0.379310344827586,0.564217891054473,0.44527736131934,0.249375312343828,0.101449275362319,0.497751124437781,0.487756121939031,0.740129935032484,0.858070964517741,0.472763618190905,0.159420289855072,0.945027486256872,0.487756121939031,0.517241379310345
"SNP-54_2",0.27936031984008,0.290354822588706,0.373813093453273,0.412293853073463,0.514742628685657,0.364817591204398,0.32783608195902,0.0729406531052213,0.407796101949025,0.31584207896052,0.242378810594703,0.249375312343828,0.496751624187906,0.576711644177911,0.104947526236882,0.48575712143928,0.407296351824088,0.443778110944528,0.681659170414793,0.357321339330335,0.357821089455272,0.897551224387806,0.250874562718641,0.35432283858071,0.139930034982509,0.505747126436782,0.230384807596202,0.403298350824588,0.468765617191404,0.425787106446777,0.528235882058971,0.458770614692654,0.413293353323338,0.261369315342329,0.256371814092954,0.239880059970015,0.525237381309345,0.3928035982009,0.139430284857571,0.492253873063468,0.503248375812094,0.150424787606197,0.609695152423788,0.555722138930535,0.686656671664168,0.346326836581709,0.175912043978011,0.335832083958021,0.531234382808596,0.164917541229385
"SNP-55_1",0.627186406796602,0.767616191904048,0.809595202398801,0.161419290354823,0.742628685657171,0.704147926036982,0.497751124437781,0.23488255872064,0.602198900549725,0.277861069465267,0.67416291854073,0.696651674162919,0.710644677661169,0.170914542728636,0.418290854572714,0.770114942528736,0.709145427286357,0.598700649675162,0.420789605197401,0.511244377811094,0.611694152923538,0.40279860069965,0.71864067966017,0.740129935032484,0.772113943028486,0.460269865067466,0.794102948525737,0.306846576711644,0.502248875562219,0.805097451274363,0.354822588705647,0.389805097451274,0.480759620189905,0.40279860069965,0.736131934032983,0.575712143928036,0.455772113943028,0.328335832083958,0.446276861569215,0.342828585707146,0.718140929535232,0.750624687656172,0.76311844077961,0.427286356821589,0.96351824087956,0.499750124937531,0.502248875562219,0.91304347826087,0.0762784867743156,0.392303848075962
"SNP-55_2",0.414292853573213,0.64567716141929,0.489255372313843,0.262368815592204,0.552223888055972,0.547226386806597,0.16591704147926,0.243378310844578,0.068725320806849,0.0978791143619773,0.20039980009995,0.661169415292354,0.392303848075962,0.28335832083958,0.525737131434283,0.182908545727136,0.436781609195402,0.325337331334333,0.415792103948026,0.154922538730635,0.0698655049258707,0.27536231884058,0.521239380309845,0.490254872563718,0.485257371314343,0.431284357821089,0.504247876061969,0.392303848075962,0.230384807596202,0.574212893553223,0.077938773439942,0.492253873063468,0.582708645677161,0.31384307846077,0.128435782108946,0.352823588205897,0.786606696651674,0.533733133433283,0.560219890054973,0.393303348325837,0.0663114949901308,0.696151924037981,0.383808095952024,0.693653173413293,0.64567716141929,0.563218390804598,0.657671164417791,0.507246376811594,0.314342828585707,0.286356821589205
"SNP-56_1",0.137431284357821,0.466766616691654,0.325337331334333,0.262868565717141,0.440279860069965,0.542728635682159,0.258870564717641,0.233883058470765,0.463768115942029,0.0874216542155498,0.231384307846077,0.137431284357821,0.303848075962019,0.118440779610195,0.0969884494634666,0.15992003998001,0.542728635682159,0.267366316841579,0.294852573713143,0.67816091954023,0.293353323338331,0.403798100949525,0.335332333833083,0.0921975882531573,0.129935032483758,0.391304347826087,0.193403298350825,0.361319340329835,0.157421289355322,0.404297851074463,0.259870064967516,0.11344327836082,0.109945027486257,0.122438780609695,0.476761619190405,0.0852634210280035,0.411294352823588,0.772113943028486,0.263868065967017,0.684657671164418,0.586706646676662,0.299850074962519,0.393303348325837,0.771614192903548,0.48175912043978,0.824587706146927,0.138430784607696,0.209895052473763,0.76111944027986,0.398300849575212
"SNP-56_2",0.293853073463268,0.676661669165417,0.577711144427786,0.434782608695652,0.481259370314843,0.184407796101949,0.309845077461269,0.363818090954523,0.291354322838581,0.416291854072964,0.250874562718641,0.346826586706647,0.302848575712144,0.269865067466267,0.0933818729558644,0.425287356321839,0.0929760692225364,0.553723138430785,0.531234382808596,0.333833083458271,0.44727636181909,0.340329835082459,0.455272363818091,0.232383808095952,0.455772113943028,0.436281859070465,0.364817591204398,0.413293353323338,0.289855072463768,0.353823088455772,0.192903548225887,0.414792603698151,0.330834582708646,0.679660169915043,0.23688155922039,0.44327836081959,0.625687156421789,0.391804097951024,0.267866066966517,0.281859070464768,0.745127436281859,0.177411294352824,0.545227386306847,0.68015992003998,0.624687656171914,0.512743628185907,0.967016491754123,0.338330834582709,0.536231884057971,0.563718140929535
"SNP-57_1",0.118940529735132,0.162418790604698,0.391804097951024,0.365817091454273,0.0894688748282356,0.257371314342829,0.058974667432563,0.114942528735632,0.216891554222889,0.0734800737064107,0.238380809595202,0.388805597201399,0.533233383308346,0.0642361588267523,0.164417791104448,0.380809595202399,0.235382308845577,0.174412793603198,0.377811094452774,0.247376311844078,0.262868565717141,0.40279860069965,0.0915551042441616,0.117941029485257,0.527736131934033,0.205397301349325,0.345327336331834,0.314842578710645,0.363818090954523,0.820589705147426,0.0665204847056088,0.540229885057471,0.432783608195902,0.483258370814593,0.369815092453773,0.376311844077961,0.339330334832584,0.0788200646444636,0.376811594202899,0.0779293092159403,0.0836264397640739,0.0901219419187861,0.675162418790605,0.0664951743245016,0.748125937031484,0.139930034982509,0.151424287856072,0.506246876561719,0.43728135932034,0.3968015992004
"SNP-57_2",0.322838580709645,0.458770614692654,0.429785107446277,0.517241379310345,0.833083458270865,0.703648175912044,0.464767616191904,0.7936031984008,0.681659170414793,0.655172413793103,0.478760619690155,0.286856571714143,0.658170914542729,0.166416791604198,0.425287356321839,0.373313343328336,0.655672163918041,0.669665167416292,0.523738130934533,0.265867066466767,0.578210894552724,0.232383808095952,0.343828085957021,0.608195902048976,0.557221389305347,0.525737131434283,0.236381809095452,0.621689155422289,0.164917541229385,0.616691654172913,0.557221389305347,0.307846076961519,0.462768615692154,0.623688155922039,0.733133433283358,0.489255372313843,0.615192403798101,0.572713643178411,0.0909084415083761,0.950024987506247,0.68415792103948,0.779610194902549,0.618690654672664,0.743628185907046,0.229885057471264,0.580209895052474,0.117941029485257,0.581709145427286,0.294352823588206,0.228385807096452
"SNP-58_1",0.367316341829085,0.242378810594703,0.715642178910545,0.310344827586207,0.675662168915542,0.415792103948026,0.16791604197901,0.570714642678661,0.376311844077961,0.0881514045592438,0.295352323838081,0.456771614192904,0.387306346826587,0.388305847076462,0.628685657171414,0.249875062468766,0.313343328335832,0.220889555222389,0.0842951391030301,0.790604697651174,0.247876061969015,0.469265367316342,0.239880059970015,0.334832583708146,0.703148425787106,0.674662668665667,0.201399300349825,0.43528235882059,0.20439780109945,0.491254372813593,0.52023988005997,0.883058470764618,0.307846076961519,0.43728135932034,0.265367316341829,0.178410794602699,0.444777611194403,0.394302848575712,0.329335332333833,0.0983109934780569,0.32383808095952,0.228885557221389,0.174912543728136,0.203398300849575,0.708645677161419,0.347326336831584,0.373313343328336,0.346326836581709,0.698150924537731,0.28735632183908
"SNP-58_2",0.583208395802099,0.136431784107946,0.286356821589205,0.561719140429785,0.134432783608196,0.172413793103448,0.509745127436282,0.136931534232884,0.431784107946027,0.196901549225387,0.478260869565217,0.442778610694653,0.125937031484258,0.804097951024488,0.0916843316111068,0.652173913043478,0.582208895552224,0.0828545888360863,0.315342328835582,0.567216391804098,0.495252373813093,0.253873063468266,0.274362818590705,0.0605404060507603,0.593703148425787,0.509745127436282,0.300349825087456,0.72663668165917,0.415792103948026,0.587206396801599,0.360819590204898,0.0659035005593902,0.251874062968516,0.771114442778611,0.860069965017491,0.733133433283358,0.218890554722639,0.201399300349825,0.382808595702149,0.655672163918041,0.48375812093953,0.311344327836082,0.136431784107946,0.0731434276910713,0.855572213893053,0.610694652673663,0.307846076961519,0.074297670176801,0.330834582708646,0.667166416791604
"SNP-59_1",0.322838580709645,0.177411294352824,0.645177411294353,0.268365817091454,0.374812593703148,0.074211006080499,0.259870064967516,0.0915593868445724,0.334332833583208,0.363318340829585,0.145927036481759,0.126936531734133,0.107446276861569,0.734632683658171,0.230884557721139,0.232383808095952,0.0893404017238864,0.185907046476762,0.289855072463768,0.410794602698651,0.0677853994237185,0.210394802598701,0.220889555222389,0.0633453615920046,0.310844577711144,0.35232383808096,0.289855072463768,0.459270364817591,0.202898550724638,0.742628685657171,0.258370814592704,0.557721139430285,0.250874562718641,0.179910044977511,0.52623688155922,0.186906546726637,0.174412793603198,0.0856973618765736,0.243878060969515,0.887056471764118,0.596701649175412,0.139930034982509,0.197401299350325,0.207396301849075,0.570714642678661,0.111444277861069,0.701649175412294,0.775112443778111,0.0713997464177906,0.392303848075962
"SNP-59_2",0.0668241401237297,0.249875062468766,0.20439780109945,0.308345827086457,0.644177911044478,0.291354322838581,0.0754570508468135,0.0669359276670349,0.164917541229385,0.0680608106131665,0.067328546898368,0.0612380808548852,0.311344327836082,0.0672123907415716,0.0743254921833492,0.263868065967017,0.275862068965517,0.0628097204540812,0.224387806096952,0.124437781109445,0.0798242318669992,0.664667666166917,0.750624687656172,0.164917541229385,0.0679231155222774,0.182908545727136,0.173913043478261,0.250374812593703,0.159420289855072,0.67416291854073,0.0726115318075134,0.139930034982509,0.444277861069465,0.0904631731071058,0.238380809595202,0.106446776611694,0.217391304347826,0.695152423788106,0.0823591873972404,0.209895052473763,0.654672663668166,0.068870083520149,0.070614228373384,0.124437781109445,0.83408295852074,0.244377811094453,0.628185907046477,0.815592203898051,0.397801099450275,0.307346326836582
"SNP-60_1",0.501749125437281,0.0818181780521075,0.23488255872064,0.068434241043275,0.0804935160723162,0.0885848410838061,0.0893224266322173,0.321339330334833,0.371314342828586,0.243878060969515,0.12343828085957,0.0776242723271798,0.27536231884058,0.852573713143428,0.413793103448276,0.35232383808096,0.0651760314419178,0.0867659880627536,0.442278860569715,0.0849643419853924,0.476261869065467,0.430784607696152,0.067190636951415,0.303348325837081,0.387806096951524,0.268365817091454,0.124937531234383,0.069025615651288,0.137431284357821,0.666666666666667,0.346326836581709,0.188405797101449,0.0810574533962889,0.3968015992004,0.348825587206397,0.503248375812094,0.301349325337331,0.1984007996002,0.0760037118194267,0.823588205897052,0.066707360976964,0.258870564717641,0.233883058470765,0.0869879408171583,0.091763012589226,0.817591204397801,0.0938321363772708,0.626686656671664,0.108445777111444,0.07935530946523
"SNP-60_2",0.557721139430285,0.592203898050975,0.518740629685157,0.0848775471028702,0.76111944027986,0.577711144427786,0.591204397801099,0.269365317341329,0.427786106946527,0.476261869065467,0.520739630184908,0.238380809595202,0.451774112943528,0.462768615692154,0.195902048975512,0.200899550224888,0.268865567216392,0.674662668665667,0.584707646176912,0.247376311844078,0.091675485449128,0.434782608695652,0.249375312343828,0.377811094452774,0.704147926036982,0.409795102448776,0.555722138930535,0.336331834082959,0.480759620189905,0.747126436781609,0.390804597701149,0.758120939530235,0.434782608695652,0.371814092953523,0.788105947026487,0.529735132433783,0.603698150924538,0.360819590204898,0.405297351324338,0.638180909545227,0.656171914042978,0.222388805597201,0.627686156921539,0.789605197401299,0.833083458270865,0.367316341829085,0.123938030984508,0.277861069465267,0.0871455509480951,0.744627686156922
"SNP-61_1",0.453273363318341,0.245877061469265,0.213893053473263,0.0822834309057583,0.645177411294353,0.620189905047476,0.235382308845577,0.510744627686157,0.410794602698651,0.306846576711644,0.543228385807096,0.158920539730135,0.449775112443778,0.0831874522108696,0.107946026986507,0.0936465327254575,0.386806596701649,0.272363818090955,0.340829585207396,0.580709645177411,0.219890054972514,0.467266366816592,0.512243878060969,0.590204897551224,0.369315342328836,0.124437781109445,0.613193403298351,0.275862068965517,0.425287356321839,0.244377811094453,0.417791104447776,0.233383308345827,0.338330834582709,0.461269365317341,0.241379310344828,0.542228885557221,0.544227886056971,0.59720139930035,0.399800099950025,0.504747626186906,0.714142928535732,0.490754622688656,0.399300349825087,0.357321339330335,0.296351824087956,0.267366316841579,0.943028485757121,0.44327836081959,0.158920539730135,0.304847576211894
"SNP-61_2",0.151424287856072,0.101449275362319,0.210394802598701,0.128935532233883,0.0941234859388197,0.213393303348326,0.146926536731634,0.394302848575712,0.134432783608196,0.479260369815092,0.15592203898051,0.112443778110945,0.160419790104948,0.372813593203398,0.0835039729125837,0.0829152261952313,0.262868565717141,0.190404797601199,0.721639180409795,0.154422788605697,0.0840733018020105,0.40679660169915,0.0803960246624396,0.0960468657566884,0.069487776046981,0.426786606696652,0.0829188869880063,0.0909399438324599,0.336331834082959,0.0707594638699245,0.0953898468786549,0.538230884557721,0.393803098450775,0.185907046476762,0.0947262299585307,0.212893553223388,0.0894185371727108,0.492753623188406,0.208895552223888,0.191904047976012,0.476261869065467,0.133433283358321,0.432283858070965,0.43328335832084,0.177411294352824,0.24087956021989,0.270364817591204,0.901549225387306,0.205397301349325,0.106946526736632
"SNP-62_1",0.104947526236882,0.0702396466893161,0.273863068465767,0.137931034482759,0.0709531049521855,0.557221389305347,0.0601897743003202,0.573713143428286,0.248875562218891,0.0942102385883457,0.215892053973014,0.173913043478261,0.134432783608196,0.353823088455772,0.0729557586118348,0.274862568715642,0.0828705887455811,0.0701498217741938,0.659670164917541,0.270364817591204,0.161419290354823,0.104447776111944,0.0722896962555699,0.0638880320111738,0.174412793603198,0.326336831584208,0.065179275802256,0.0859810871978667,0.149925037481259,0.0819362392426086,0.0921463847106949,0.367316341829085,0.0652772334028821,0.0941631693779699,0.225387306346827,0.24687656171914,0.154922538730635,0.623188405797101,0.467266366816592,0.92103948025987,0.249875062468766,0.529735132433783,0.206896551724138,0.648675662168916,0.323338330834583,0.189405297351324,0.475262368815592,0.891554222888556,0.0797228599858544,0.232383808095952
"SNP-62_2",0.0615668801183611,0.0584924692165794,0.0586085360794086,0.0609269779231418,0.0610733477554192,0.0615530642782334,0.0588468449273176,0.0620653302641407,0.0612634322591626,0.0677769210224314,0.0563490247017592,0.0560813091121443,0.0586639424775098,0.0626554555068009,0.0667289162626445,0.0610033302225734,0.0584098719849115,0.0584602250431081,0.0596632860578067,0.0572106701549515,0.0668677643751477,0.0622048899766997,0.065600222540619,0.0601957065019609,0.0600388081017319,0.064553774894814,0.05907741853599,0.056772829743932,0.0585320893741525,0.0637348437527168,0.0702857278063016,0.0624825647317522,0.0577075638083663,0.0677482189266334,0.0610503260301545,0.0596977391600609,0.0623017577388307,0.0622758444183644,0.0593825401231213,0.236381809095452,0.0607847050863433,0.0640163870854534,0.0622544451293213,0.075676945798401,0.0700098807453132,0.218890554722639,0.0695051673774575,0.0620885580253197,0.0697714105399673,0.0639868010303581
"SNP-63_1",0.0619919553584759,0.0591067939050624,0.0599511681188024,0.0617441038568476,0.0691071145937399,0.0639724275235449,0.0587461201043798,0.063445252017794,0.0627630857580597,0.0738825764875375,0.056673375114281,0.0570987709472156,0.0608472759741202,0.0633810073041347,0.0684445901301197,0.0619480839962701,0.0594211417473141,0.0589441936492512,0.060159282027078,0.0592342170109046,0.0704311422554515,0.0639637274992953,0.0680504357679863,0.0599537984950365,0.0593605834387188,0.065115752145456,0.0590560618435117,0.0589454286835565,0.0637158453361263,0.0666142478958853,0.0723886055611179,0.063136017947813,0.05750776232301,0.0684832615397764,0.0639440566417611,0.0605680435484196,0.06176067809534,0.0648572022141955,0.0647252414098039,0.0761586130876813,0.0664813237000955,0.0626061463937178,0.0772386096508933,0.428285857071464,0.858070964517741,0.0782599904910083,0.0802737768590328,0.0631611278494056,0.0712372683958223,0.608695652173913
"SNP-63_2",0.617191404297851,0.770114942528736,0.571714142928536,0.477261369315342,0.523238380809595,0.544227886056971,0.528735632183908,0.739130434782609,0.618690654672664,0.336831584207896,0.631184407796102,0.550724637681159,0.681159420289855,0.787606196901549,0.431284357821089,0.853073463268366,0.345327336331834,0.567216391804098,0.713643178410795,0.431284357821089,0.440279860069965,0.636681659170415,0.295852073963018,0.454272863568216,0.579710144927536,0.850574712643678,0.821589205397301,0.397301349325337,0.611694152923538,0.419290354822589,0.107946026986507,0.802598700649675,0.320839580209895,0.52623688155922,0.562218890554723,0.347826086956522,0.185907046476762,0.587706146926537,0.365817091454273,0.943528235882059,0.361319340329835,0.453273363318341,0.845077461269365,0.416291854072964,0.303848075962019,0.911544227886057,0.714142928535732,0.615692153923038,0.320839580209895,0.224387806096952
"SNP-64_1",0.104947526236882,0.384807596201899,0.625187406296852,0.538730634682659,0.456771614192904,0.668165917041479,0.654672663668166,0.143428285857071,0.357321339330335,0.602698650674663,0.271364317841079,0.468765617191404,0.675162418790605,0.573713143428286,0.178410794602699,0.4047976011994,0.448275862068966,0.312843578210895,0.210394802598701,0.448775612193903,0.380309845077461,0.359820089955023,0.673163418290855,0.590704647676162,0.656671664167916,0.704647676161919,0.44727636181909,0.345327336331834,0.257871064467766,0.48575712143928,0.436781609195402,0.894552723638181,0.530234882558721,0.462268865567216,0.48375812093953,0.452273863068466,0.251874062968516,0.132433783108446,0.707646176911544,0.129935032483758,0.583208395802099,0.685157421289355,0.459770114942529,0.530734632683658,0.51424287856072,0.554222888555722,0.647176411794103,0.382808595702149,0.272863568215892,0.438780609695152
"SNP-64_2",0.0693850211939864,0.0867027448783106,0.0713511258703524,0.0610214824695765,0.311844077961019,0.168415792103948,0.143928035982009,0.332333833083458,0.0779094000795671,0.091379304328827,0.0764034370442735,0.207896051974013,0.0771797642637064,0.533233383308346,0.132433783108446,0.0638284657473139,0.0605545071463322,0.181909045477261,0.0660578458935162,0.118440779610195,0.128435782108946,0.547726136931534,0.355322338830585,0.129435282358821,0.176411794102949,0.0816272521163959,0.104947526236882,0.0709844246588993,0.213893053473263,0.096260163389723,0.138430784607696,0.0682773166529406,0.315342328835582,0.0666342051019789,0.119940029985007,0.16591704147926,0.28535732133933,0.403798100949525,0.345327336331834,0.245877061469265,0.171414292853573,0.345827086456772,0.32783608195902,0.150424787606197,0.942028985507246,0.11544227886057,0.766116941529235,0.0686421466566906,0.490254872563718,0.28135932033983
"SNP-65_1",0.563218390804598,0.446276861569215,0.160419790104948,0.110944527736132,0.462268865567216,0.0948578768273313,0.826586706646677,0.161419290354823,0.114942528735632,0.578210894552724,0.31784107946027,0.399300349825087,0.588705647176412,0.162918540729635,0.522738630684658,0.118940529735132,0.424287856071964,0.369315342328836,0.388805597201399,0.267366316841579,0.312843578210895,0.699650174912544,0.514742628685657,0.44727636181909,0.0871458447580305,0.406296851574213,0.547226386806597,0.414292853573213,0.68815592203898,0.420289855072464,0.47376311844078,0.527736131934033,0.517241379310345,0.0715471807671087,0.311344327836082,0.075939636117213,0.924037981009495,0.302348825587206,0.504247876061969,0.945527236381809,0.105947026486757,0.534732633683158,0.187406296851574,0.639180409795102,0.0822342091045177,0.677161419290355,0.211394302848576,0.0729122425526262,0.299850074962519,0.172413793103448
"SNP-65_2",0.382808595702149,0.506746626686657,0.370314842578711,0.150424787606197,0.769615192403798,0.455772113943028,0.158920539730135,0.3928035982009,0.158920539730135,0.283858070964518,0.540729635182409,0.237381309345327,0.16791604197901,0.278360819590205,0.292853573213393,0.16591704147926,0.234382808595702,0.455272363818091,0.467266366816592,0.484257871064468,0.0674345064228332,0.572713643178411,0.699650174912544,0.0817407577332387,0.685157421289355,0.185907046476762,0.119940029985007,0.211894052973513,0.160419790104948,0.653173413293353,0.36231884057971,0.125937031484258,0.580709645177411,0.459270364817591,0.368815592203898,0.189905047476262,0.493753123438281,0.186906546726637,0.419790104947526,0.663668165917041,0.407796101949025,0.0683493307955841,0.294352823588206,0.0846997685304819,0.542728635682159,0.87656171914043,0.906046976511744,0.845577211394303,0.664167916041979,0.170414792603698
"SNP-66_1",0.858570714642679,0.427786106946527,0.559220389805097,0.445777111444278,0.563218390804598,0.489255372313843,0.482758620689655,0.126436781609195,0.182408795602199,0.47576211894053,0.437781109445277,0.467766116941529,0.200899550224888,0.909545227386307,0.347826086956522,0.286856571714143,0.477261369315342,0.394302848575712,0.348825587206397,0.286356821589205,0.40679660169915,0.355322338830585,0.158420789605197,0.231884057971014,0.0873958301855516,0.491254372813593,0.368315842078961,0.35232383808096,0.429285357321339,0.608695652173913,0.497751124437781,0.2023988005997,0.711644177911045,0.0844851110961006,0.421789105447276,0.100449775112444,0.138930534732634,0.472763618190905,0.39880059970015,0.884057971014493,0.35232383808096,0.389805097451274,0.556221889055472,0.468765617191404,0.221889055472264,0.513743128435782,0.601699150424788,0.440279860069965,0.504247876061969,0.589205397301349
"SNP-66_2",0.436281859070465,0.250874562718641,0.536731634182909,0.27936031984008,0.710144927536232,0.207396301849075,0.706646676661669,0.604697651174413,0.506746626686657,0.291354322838581,0.481259370314843,0.36631684157921,0.403298350824588,0.659670164917541,0.0991923347455521,0.425787106446777,0.423288355822089,0.530234882558721,0.332333833083458,0.579710144927536,0.429285357321339,0.648175912043978,0.35832083958021,0.419290354822589,0.626686656671664,0.405797101449275,0.468765617191404,0.332833583208396,0.291354322838581,0.636681659170415,0.621189405297351,0.601699150424788,0.43928035982009,0.209895052473763,0.560219890054973,0.251874062968516,0.329335332333833,0.648675662168916,0.35432283858071,0.390304847576212,0.24687656171914,0.0833860902013074,0.348325837081459,0.490754622688656,0.841579210394803,0.361319340329835,0.389805097451274,0.0948008538116586,0.0801736889534855,0.441779110444778
"SNP-67_1",0.822088955522239,0.374812593703148,0.342328835582209,0.260369815092454,0.634682658670665,0.258370814592704,0.363318340829585,0.567716141929036,0.32583708145927,0.528235882058971,0.432283858070965,0.254872563718141,0.307846076961519,0.0912670180704934,0.600199900049975,0.613693153423288,0.205897051474263,0.569715142428786,0.704147926036982,0.263868065967017,0.641179410294853,0.55872063968016,0.747626186906547,0.222888555722139,0.52423788105947,0.608695652173913,0.217391304347826,0.319340329835082,0.242378810594703,0.356821589205397,0.646176911544228,0.345827086456772,0.249875062468766,0.314842578710645,0.457771114442779,0.143928035982009,0.485257371314343,0.378310844577711,0.359320339830085,0.940029985007496,0.693653173413293,0.509745127436282,0.278360819590205,0.415792103948026,0.369815092453773,0.435782108945527,0.0813681768824907,0.496751624187906,0.166916541729135,0.754622688655672
"SNP-67_2",0.632683658170915,0.634682658670665,0.39880059970015,0.457771114442779,0.303348325837081,0.625187406296852,0.652173913043478,0.668165917041479,0.556221889055472,0.319340329835082,0.586706646676662,0.519240379810095,0.39880059970015,0.453273363318341,0.253373313343328,0.368815592203898,0.730134932533733,0.694152923538231,0.210394802598701,0.23488255872064,0.192903548225887,0.101949025487256,0.490254872563718,0.387806096951524,0.365817091454273,0.661669165417291,0.452773613193403,0.442778610694653,0.428785607196402,0.376811594202899,0.322338830584708,0.442278860569715,0.629185407296352,0.521739130434783,0.494252873563218,0.379310344827586,0.537731134432784,0.320839580209895,0.381309345327336,0.320839580209895,0.365317341329335,0.23488255872064,0.715142428785607,0.23488255872064,0.398300849575212,0.0864928556052827,0.932533733133433,0.627186406796602,0.0999162867648415,0.100488376281074
"SNP-68_1",0.779110444777611,0.764117941029485,0.488255872063968,0.393303348325837,0.588705647176412,0.55672163918041,0.432783608195902,0.337331334332834,0.609695152423788,0.312843578210895,0.446776611694153,0.346326836581709,0.638180909545227,0.721639180409795,0.507246376811594,0.413793103448276,0.314842578710645,0.714142928535732,0.428285857071464,0.364817591204398,0.621689155422289,0.389305347326337,0.728135932033983,0.481259370314843,0.876061969015492,0.55272363818091,0.318340829585207,0.43728135932034,0.303848075962019,0.434782608695652,0.385307346326837,0.485257371314343,0.717141429285357,0.718140929535232,0.52623688155922,0.401799100449775,0.537231384307846,0.162418790604698,0.189405297351324,0.532233883058471,0.735632183908046,0.340329835082459,0.648175912043978,0.357321339330335,0.663168415792104,0.223888055972014,0.261369315342329,0.804597701149425,0.605697151424288,0.815592203898051
"SNP-68_2",0.475262368815592,0.106446776611694,0.249375312343828,0.487256371814093,0.567216391804098,0.467266366816592,0.133433283358321,0.189405297351324,0.0788383354888535,0.35832083958021,0.331834082958521,0.108945527236382,0.117941029485257,0.596701649175412,0.431284357821089,0.188405797101449,0.310844577711144,0.229385307346327,0.256871564217891,0.413293353323338,0.662168915542229,0.185407296351824,0.660169915042479,0.145927036481759,0.63768115942029,0.147926036981509,0.306846576711644,0.420289855072464,0.551724137931034,0.204897551224388,0.537731134432784,0.650174912543728,0.283858070964518,0.140429785107446,0.175912043978011,0.243878060969515,0.553223388305847,0.573213393303348,0.43328335832084,0.816091954022989,0.572713643178411,0.0777970938945811,0.350324837581209,0.926536731634183,0.263868065967017,0.627186406796602,0.119940029985007,0.801099450274863,0.437781109445277,0.268365817091454
"SNP-69_1",0.456271864067966,0.4007996001999,0.416791604197901,0.248375812093953,0.286856571714143,0.291354322838581,0.383808095952024,0.381309345327336,0.558220889555222,0.11344327836082,0.519240379810095,0.810094952523738,0.672663668165917,0.563218390804598,0.284357821089455,0.789105447276362,0.432283858070965,0.430284857571214,0.440279860069965,0.146926536731634,0.649675162418791,0.527736131934033,0.747126436781609,0.643178410794603,0.296351824087956,0.529235382308846,0.512743628185907,0.197901049475262,0.585707146426787,0.349825087456272,0.172913543228386,0.91904047976012,0.685657171414293,0.484757621189405,0.657671164417791,0.484757621189405,0.374812593703148,0.0912533269985189,0.616191904047976,0.371314342828586,0.691154422788606,0.427286356821589,0.143428285857071,0.168915542228886,0.454272863568216,0.92703648175912,0.240379810094953,0.468265867066467,0.444277861069465,0.393303348325837
"SNP-69_2",0.438780609695152,0.291354322838581,0.557721139430285,0.446776611694153,0.351324337831084,0.744127936031984,0.920539730134933,0.511244377811094,0.404297851074463,0.182908545727136,0.491754122938531,0.541229385307346,0.821589205397301,0.738630684657671,0.567716141929036,0.517741129435282,0.615692153923038,0.288355822088956,0.701149425287356,0.411794102948526,0.468765617191404,0.533733133433283,0.707646176911544,0.591704147926037,0.173413293353323,0.522738630684658,0.299350324837581,0.784607696151924,0.523738130934533,0.663168415792104,0.337831084457771,0.409795102448776,0.546726636681659,0.286856571714143,0.708145927036482,0.372813593203398,0.225387306346827,0.401299350324838,0.0828254945174344,0.818590704647676,0.802098950524738,0.405297351324338,0.818590704647676,0.0856895494856541,0.128935532233883,0.424787606196902,0.467266366816592,0.606196901549225,0.401799100449775,0.591204397801099
"SNP-70_1",0.500749625187406,0.591704147926037,0.284857571214393,0.0618110699459576,0.322838580709645,0.313343328335832,0.227886056971514,0.513243378310845,0.212893553223388,0.110444777611194,0.502248875562219,0.40279860069965,0.665167416291854,0.383308345827086,0.389805097451274,0.382308845577211,0.0577013254294729,0.681159420289855,0.0846271134276944,0.353323338330835,0.0928704413834738,0.353823088455772,0.126436781609195,0.547726136931534,0.108445777111444,0.126936531734133,0.583708145927036,0.237881059470265,0.420789605197401,0.745127436281859,0.348325837081459,0.585707146426787,0.679660169915043,0.300349825087456,0.208895552223888,0.386306846576712,0.532233883058471,0.293353323338331,0.0736520704752771,0.0847783535453479,0.278360819590205,0.503248375812094,0.28535732133933,0.222388805597201,0.405297351324338,0.657171414292854,0.793103448275862,0.926536731634183,0.522738630684658,0.444777611194403
"SNP-70_2",0.5992003998001,0.284357821089455,0.309345327336332,0.105447276361819,0.602698650674663,0.438780609695152,0.521239380309845,0.213393303348326,0.657171414292854,0.378310844577711,0.27336331834083,0.176911544227886,0.162918540729635,0.508245877061469,0.32183908045977,0.456771614192904,0.369315342328836,0.141929035482259,0.503748125937031,0.296851574212894,0.282358820589705,0.466266866566717,0.623188405797101,0.324837581209395,0.32183908045977,0.494752623688156,0.201399300349825,0.518740629685157,0.529735132433783,0.278860569715142,0.225387306346827,0.671664167916042,0.274362818590705,0.216391804097951,0.233383308345827,0.393803098450775,0.276361819090455,0.468765617191404,0.216891554222889,0.28735632183908,0.383808095952024,0.56471764117941,0.490754622688656,0.375812093953024,0.271364317841079,0.290354822588706,0.580709645177411,0.708645677161419,0.401299350324838,0.570714642678661
"SNP-71_1",0.0958242902389934,0.252373813093453,0.408795602198901,0.631684157921039,0.508745627186407,0.76111944027986,0.364817591204398,0.203398300849575,0.0911840126075137,0.656671664167916,0.312843578210895,0.418790604697651,0.570214892553723,0.835582208895552,0.549225387306347,0.436781609195402,0.101449275362319,0.434282858570715,0.635182408795602,0.719140429785107,0.508245877061469,0.813093453273363,0.684657671164418,0.368315842078961,0.421789105447276,0.314842578710645,0.457771114442779,0.460269865067466,0.64167916041979,0.338330834582709,0.544227886056971,0.669165417291354,0.214892553723138,0.233383308345827,0.40679660169915,0.501749125437281,0.484257871064468,0.146426786606697,0.758620689655172,0.658170914542729,0.521739130434783,0.157421289355322,0.336831584207896,0.63768115942029,0.458770614692654,0.0893698856995379,0.664167916041979,0.377811094452774,0.225887056471764,0.727636181909045
"SNP-71_2",0.0916984149504977,0.397301349325337,0.715142428785607,0.489755122438781,0.764117941029485,0.60119940029985,0.694652673663168,0.79160419790105,0.596201899050475,0.251874062968516,0.598200899550225,0.260369815092454,0.512743628185907,0.340829585207396,0.0790268733190178,0.736131934032983,0.567216391804098,0.359320339830085,0.457771114442779,0.647176411794103,0.0850153509161679,0.689655172413793,0.625687156421789,0.850574712643678,0.830084957521239,0.0738382891890303,0.72263868065967,0.428285857071464,0.490754622688656,0.710144927536232,0.136931534232884,0.844577711144428,0.616191904047976,0.742628685657171,0.533733133433283,0.698650674662669,0.446276861569215,0.809095452273863,0.503248375812094,0.792603698150925,0.520739630184908,0.369815092453773,0.612193903048476,0.669165417291354,0.138930534732634,0.439780109945027,0.626186906546727,0.811094452773613,0.666166916541729,0.362818590704648
"SNP-72_1",0.088778911263545,0.455272363818091,0.330334832583708,0.175912043978011,0.628185907046477,0.385307346326837,0.752123938030985,0.541229385307346,0.559220389805097,0.114442778610695,0.469265367316342,0.488755622188906,0.333333333333333,0.343328335832084,0.500249875062469,0.390304847576212,0.305847076461769,0.63768115942029,0.513243378310845,0.682658670664668,0.580209895052474,0.439780109945027,0.694152923538231,0.445777111444278,0.126436781609195,0.76711644177911,0.545727136431784,0.202898550724638,0.421289355322339,0.470264867566217,0.559720139930035,0.509245377311344,0.229885057471264,0.675162418790605,0.290854572713643,0.502248875562219,0.543728135932034,0.499750124937531,0.450774612693653,0.519240379810095,0.416791604197901,0.83808095952024,0.539730134932534,0.662168915542229,0.122438780609695,0.900549725137431,0.590204897551224,0.881559220389805,0.823588205897052,0.84007996001999
"SNP-72_2",0.478260869565217,0.52023988005997,0.169915042478761,0.0702685419087513,0.0662955805021345,0.0948591967126167,0.442278860569715,0.459770114942529,0.461269365317341,0.0951861880514926,0.322838580709645,0.0819813498711057,0.0768365263407105,0.571714142928536,0.221889055472264,0.0637996957647838,0.305347326336832,0.570214892553723,0.300849575212394,0.346826586706647,0.180909545227386,0.162918540729635,0.368815592203898,0.484257871064468,0.134432783608196,0.470264867566217,0.366816591704148,0.548725637181409,0.183908045977011,0.455272363818091,0.238380809595202,0.428285857071464,0.586206896551724,0.270864567716142,0.656171914042978,0.318340829585207,0.501749125437281,0.220389805097451,0.0608073864730136,0.125937031484258,0.264867566216892,0.0626841964363962,0.635182408795602,0.195902048975512,0.430784607696152,0.144927536231884,0.0711849086184023,0.944527736131934,0.0770841685923149,0.858070964517741
"SNP-73_1",0.494252873563218,0.419790104947526,0.249375312343828,0.358820589705147,0.426786606696652,0.466266866566717,0.535732133933034,0.510244877561219,0.320839580209895,0.711144427786107,0.461769115442279,0.318840579710145,0.278860569715142,0.0842168451686835,0.24087956021989,0.640179910044978,0.269865067466267,0.396301849075462,0.650174912543728,0.576211894052973,0.272363818090955,0.339330334832584,0.426786606696652,0.703148425787106,0.420789605197401,0.51424287856072,0.76111944027986,0.141429285357321,0.547226386806597,0.281859070464768,0.289355322338831,0.271364317841079,0.411294352823588,0.922538730634683,0.513243378310845,0.740629685157421,0.721139430284858,0.35632183908046,0.741129435282359,0.83608195902049,0.401299350324838,0.606696651674163,0.345827086456772,0.492253873063468,0.909545227386307,0.900549725137431,0.537231384307846,0.656671664167916,0.475262368815592,0.855072463768116
"SNP-73_2",0.311344327836082,0.232383808095952,0.223888055972014,0.316341829085457,0.658170914542729,0.259370314842579,0.496751624187906,0.405297351324338,0.104947526236882,0.067551324169159,0.419290354822589,0.0829138969081776,0.328835582208896,0.116941529235382,0.636181909045477,0.454772613693153,0.152423788105947,0.543728135932034,0.362818590704648,0.461269365317341,0.510244877561219,0.438280859570215,0.618690654672664,0.245377311344328,0.258370814592704,0.0895561518828587,0.765617191404298,0.398300849575212,0.0683274839538766,0.197901049475262,0.0883891395548455,0.415792103948026,0.451774112943528,0.804597701149425,0.0923894704824391,0.621689155422289,0.372313843078461,0.310844577711144,0.154922538730635,0.623188405797101,0.36431784107946,0.0787162489239143,0.0848587278877076,0.208395802098951,0.695652173913043,0.0891057003545659,0.498750624687656,0.752623688155922,0.167416291854073,0.3968015992004
"SNP-74_1",0.132933533233383,0.577211394302849,0.480259870064968,0.697151424287856,0.611194402798601,0.473263368315842,0.453273363318341,0.223888055972014,0.457271364317841,0.613193403298351,0.446276861569215,0.452273863068466,0.668665667166417,0.281859070464768,0.23288355822089,0.389305347326337,0.586206896551724,0.650174912543728,0.256371814092954,0.414792603698151,0.504747626186906,0.421789105447276,0.63368315842079,0.453773113443278,0.500249875062469,0.39880059970015,0.429785107446277,0.553223388305847,0.207896051974013,0.280859570214893,0.839080459770115,0.412293853073463,0.899050474762619,0.583208395802099,0.380309845077461,0.922538730634683,0.374312843578211,0.400299850074962,0.23288355822089,0.100949525237381,0.742628685657171,0.522738630684658,0.312343828085957,0.510244877561219,0.583708145927036,0.721139430284858,0.758120939530235,0.0668941935224965,0.464267866066967,0.110444777611194
"SNP-74_2",0.43328335832084,0.685657171414293,0.529235382308846,0.177911044477761,0.551224387806097,0.763618190904548,0.506746626686657,0.155422288855572,0.471764117941029,0.31584207896052,0.43928035982009,0.281859070464768,0.454272863568216,0.505747126436782,0.263868065967017,0.15792103948026,0.232383808095952,0.733633183408296,0.31584207896052,0.150424787606197,0.430784607696152,0.55872063968016,0.130934532733633,0.319340329835082,0.498250874562719,0.535232383808096,0.490254872563718,0.585207396301849,0.488255872063968,0.55472263868066,0.713643178410795,0.822088955522239,0.600199900049975,0.624687656171914,0.627186406796602,0.187406296851574,0.548225887056472,0.105447276361819,0.437781109445277,0.178410794602699,0.493753123438281,0.103948025987006,0.68415792103948,0.100949525237381,0.340829585207396,0.416291854072964,0.544227886056971,0.785107446276862,0.0901091399083445,0.557221389305347
"SNP-75_1",0.190404797601199,0.220889555222389,0.0691173258108877,0.172413793103448,0.258870564717641,0.240379810094953,0.0668863767048873,0.189905047476262,0.149425287356322,0.0683494563397839,0.0823696665023541,0.224387806096952,0.0896273277857328,0.0977876564732456,0.0870168881400606,0.301849075462269,0.0756399007601767,0.11944027986007,0.0856864658896036,0.146426786606697,0.428285857071464,0.519740129935032,0.451774112943528,0.0715049653011355,0.304847576211894,0.159420289855072,0.303848075962019,0.109945027486257,0.156421789105447,0.173413293353323,0.152423788105947,0.385307346326837,0.36431784107946,0.216391804097951,0.0800259575437486,0.349825087456272,0.0816305906138704,0.374312843578211,0.245877061469265,0.421289355322339,0.259370314842579,0.178410794602699,0.16391804097951,0.0734217365355797,0.460269865067466,0.388305847076462,0.289855072463768,0.835082458770615,0.721139430284858,0.255872063968016
"SNP-75_2",0.0941123017951377,0.0740656724799302,0.07468794580709,0.0658833118800069,0.0690242915637299,0.0659366257780331,0.249375312343828,0.0888921532526708,0.0658076313992292,0.258370814592704,0.0677289634910546,0.0678487571693939,0.0644927121097623,0.345327336331834,0.375812093953024,0.0639816334883108,0.113943028485757,0.067095494385996,0.0886583200680685,0.0602874889636095,0.0732660069772241,0.405797101449275,0.120939530234883,0.0659347382691398,0.0623249984462342,0.217391304347826,0.0710593899504904,0.0593832319768318,0.0688209537201052,0.076176143681692,0.478760619690155,0.0985724893648084,0.0595870896103164,0.0715240712704299,0.0684303575007255,0.0627545345556149,0.0636135934115108,0.832583708145927,0.105447276361819,0.226886556721639,0.0672194393338267,0.0701187426576359,0.0637335675970513,0.458270864567716,0.0959786666862232,0.114942528735632,0.91904047976012,0.0625924979039718,0.0717454425235656,0.103448275862069
"SNP-76_1",0.0654815508034714,0.0598916244555456,0.0603593623160156,0.0612008738933756,0.391804097951024,0.164417791104448,0.286356821589205,0.0651655325382171,0.088627142498618,0.27936031984008,0.0652595384409146,0.0587274357134077,0.0813284349202273,0.307346326836582,0.479260369815092,0.0619384464182868,0.0914921021599582,0.218890554722639,0.0596941939776965,0.0589028708886284,0.0932477632281858,0.0665412383513746,0.0882136702548753,0.103948025987006,0.0745326604377716,0.0648894780912974,0.0861470271096315,0.0641771022447679,0.183908045977011,0.0655071224074959,0.399800099950025,0.132933533233383,0.11944027986007,0.0680673239139768,0.0626932547681801,0.0612853727540882,0.109945027486257,0.15592203898051,0.363818090954523,0.798100949525237,0.217391304347826,0.446276861569215,0.365817091454273,0.740629685157421,0.913543228385807,0.209895052473763,0.383308345827086,0.0616507598534435,0.079120473311546,0.342828585707146
"SNP-76_2",0.381309345327336,0.368815592203898,0.457271364317841,0.301849075462269,0.43928035982009,0.44327836081959,0.707646176911544,0.461269365317341,0.739130434782609,0.140929535232384,0.422788605697151,0.061701211575112,0.472263868065967,0.595702148925537,0.182908545727136,0.690154922538731,0.370814592703648,0.650674662668666,0.162918540729635,0.540229885057471,0.540729635182409,0.871564217891054,0.475262368815592,0.295352323838081,0.414292853573213,0.348325837081459,0.386806596701649,0.554222888555722,0.216891554222889,0.411794102948526,0.163418290854573,0.851574212893553,0.149425287356322,0.310344827586207,0.709145427286357,0.620689655172414,0.496751624187906,0.515242378810595,0.708145927036482,0.679660169915043,0.297851074462769,0.735132433783108,0.377811094452774,0.106946526736632,0.849575212393803,0.794602698650675,0.806596701649175,0.380809595202399,0.0871913680890086,0.35432283858071
"SNP-77_1",0.430284857571214,0.43328335832084,0.473263368315842,0.309845077461269,0.548225887056472,0.707146426786607,0.135432283858071,0.497751124437781,0.289355322338831,0.297351324337831,0.523738130934533,0.0577959224439946,0.217391304347826,0.203398300849575,0.43728135932034,0.222388805597201,0.476261869065467,0.377811094452774,0.519740129935032,0.574712643678161,0.425787106446777,0.712143928035982,0.216391804097951,0.51824087956022,0.489255372313843,0.421789105447276,0.787106446776612,0.466766616691654,0.301349325337331,0.897051474262869,0.343328335832084,0.229885057471264,0.523238380809595,0.55472263868066,0.378810594702649,0.354822588705647,0.488255872063968,0.276361819090455,0.602198900549725,0.389805097451274,0.148925537231384,0.639180409795102,0.0728469009108701,0.339330334832584,0.534232883558221,0.0929699913235063,0.47376311844078,0.245377311344328,0.120939530234883,0.348825587206397
"SNP-77_2",0.575212393803098,0.386806596701649,0.286856571714143,0.446276861569215,0.648675662168916,0.658170914542729,0.259370314842579,0.500749625187406,0.220889555222389,0.1984007996002,0.463268365817091,0.375312343828086,0.648675662168916,0.0790432218025566,0.469765117441279,0.274362818590705,0.611194402798601,0.411794102948526,0.197901049475262,0.144427786106947,0.0953686459342781,0.173913043478261,0.55872063968016,0.384307846076962,0.0861656833421673,0.554222888555722,0.629685157421289,0.703648175912044,0.391804097951024,0.802098950524738,0.405797101449275,0.813593203398301,0.782608695652174,0.52223888055972,0.504747626186906,0.448775612193903,0.587706146926537,0.494752623688156,0.823588205897052,0.591704147926037,0.148425787106447,0.264867566216892,0.217391304347826,0.205897051474263,0.476761619190405,0.142428785607196,0.744627686156922,0.253373313343328,0.0769385381461917,0.743628185907046
"SNP-78_1",0.936531734132934,0.456771614192904,0.452773613193403,0.343328335832084,0.695152423788106,0.324837581209395,0.569215392303848,0.333833083458271,0.370814592703648,0.0725758805668388,0.71664167916042,0.207396301849075,0.582708645677161,0.0687958811807082,0.872063968015992,0.494752623688156,0.220389805097451,0.488755622188906,0.32383808095952,0.296851574212894,0.411294352823588,0.274362818590705,0.663168415792104,0.823088455772114,0.31984007996002,0.574212893553223,0.788105947026487,0.343828085957021,0.23488255872064,0.679660169915043,0.525737131434283,0.0927625897260823,0.484257871064468,0.798100949525237,0.640179910044978,0.68015992003998,0.43728135932034,0.528235882058971,0.447776111944028,0.092670125687227,0.741129435282359,0.625687156421789,0.718140929535232,0.136431784107946,0.995502248875562,0.32783608195902,0.517741129435282,0.387806096951524,0.598200899550225,0.214892553723138
"SNP-78_2",0.24487756121939,0.337831084457771,0.0849690364250492,0.328335832083958,0.500249875062469,0.604697651174413,0.197401299350325,0.100449775112444,0.436281859070465,0.0824720214951769,0.178910544727636,0.214892553723138,0.251874062968516,0.149925037481259,0.194902548725637,0.420789605197401,0.47576211894053,0.383308345827086,0.52023988005997,0.2063968015992,0.221889055472264,0.156421789105447,0.0692311656337353,0.304847576211894,0.500749625187406,0.353823088455772,0.420789605197401,0.145927036481759,0.373313343328336,0.460269865067466,0.273863068465767,0.188405797101449,0.275862068965517,0.760619690154923,0.284357821089455,0.431784107946027,0.276361819090455,0.0911513778498859,0.122938530734633,0.374312843578211,0.453773113443278,0.0709160709543603,0.452273863068466,0.352823588205897,0.924037981009495,0.417291354322839,0.606196901549225,0.892553723138431,0.190404797601199,0.314842578710645
"SNP-79_1",0.320839580209895,0.316341829085457,0.437781109445277,0.347326336831584,0.457771114442779,0.644177911044478,0.64567716141929,0.367316341829085,0.293353323338331,0.379310344827586,0.203898050974513,0.314342828585707,0.480759620189905,0.901049475262369,0.399800099950025,0.0729961568585267,0.528735632183908,0.0690372068252694,0.599700149925038,0.551224387806097,0.40679660169915,0.606196901549225,0.490254872563718,0.387306346826587,0.282858570714643,0.600199900049975,0.0724692756675718,0.44327836081959,0.160419790104948,0.791104447776112,0.456271864067966,0.228385807096452,0.40679660169915,0.0690775152192259,0.312343828085957,0.0721798369006909,0.527236381809095,0.366816591704148,0.584207896051974,0.438780609695152,0.23288355822089,0.270364817591204,0.75712143928036,0.598700649675162,0.695152423788106,0.521739130434783,0.140929535232384,0.853073463268366,0.494252873563218,0.0784713018746863
"SNP-79_2",0.239880059970015,0.342328835582209,0.199400299850075,0.354822588705647,0.620689655172414,0.196901549225387,0.635182408795602,0.220389805097451,0.103448275862069,0.0944541043971537,0.290354822588706,0.0774390030600799,0.208895552223888,0.203898050974513,0.35232383808096,0.372813593203398,0.463768115942029,0.291854072963518,0.230384807596202,0.422788605697151,0.101449275362319,0.167416291854073,0.342328835582209,0.130434782608696,0.399800099950025,0.220389805097451,0.696651674162919,0.274862568715642,0.0912173785090236,0.711144427786107,0.472263868065967,0.224887556221889,0.417291354322839,0.500749625187406,0.587206396801599,0.39880059970015,0.72863568215892,0.384807596201899,0.0662938066326088,0.102747454082581,0.417291354322839,0.100949525237381,0.139930034982509,0.598700649675162,0.446776611694153,0.190404797601199,0.266866566716642,0.754122938530735,0.0981943821936283,0.909545227386307
"SNP-80_1",0.473263368315842,0.112943528235882,0.303848075962019,0.171414292853573,0.140429785107446,0.0852208711780934,0.387306346826587,0.518740629685157,0.509245377311344,0.285857071464268,0.151424287856072,0.23288355822089,0.153423288355822,0.526736631684158,0.488755622188906,0.241379310344828,0.0754223236284378,0.0841468549959293,0.67216391804098,0.392303848075962,0.0807728046170871,0.256871564217891,0.0807438585950368,0.0737898878991264,0.0850777329599374,0.526736631684158,0.340329835082459,0.0870127786554721,0.155422288855572,0.463768115942029,0.325337331334333,0.511744127936032,0.259370314842579,0.789605197401299,0.369815092453773,0.789605197401299,0.224387806096952,0.333333333333333,0.130934532733633,0.429285357321339,0.237881059470265,0.0631702530615939,0.163418290854573,0.0690868548189668,0.129435282358821,0.188905547226387,0.235382308845577,0.974012993503248,0.593703148425787,0.707146426786607
"SNP-80_2",0.304847576211894,0.639180409795102,0.553723138430785,0.627186406796602,0.39880059970015,0.859570214892554,0.308345827086457,0.307846076961519,0.626686656671664,0.43528235882059,0.811094452773613,0.481259370314843,0.505747126436782,0.133433283358321,0.887556221889055,0.604197901049475,0.448775612193903,0.455772113943028,0.942028985507246,0.139930034982509,0.839080459770115,0.214392803598201,0.517741129435282,0.358820589705147,0.80759620189905,0.378810594702649,0.979510244877561,0.533233383308346,0.68815592203898,0.740629685157421,0.732633683158421,0.478260869565217,0.345327336331834,0.963018490754623,0.5952023988006,0.823088455772114,0.354822588705647,0.371814092953523,0.702148925537231,0.675662168915542,0.611694152923538,0.23488255872064,0.456771614192904,0.382808595702149,0.171414292853573,0.937031484257871,0.304347826086957,0.199900049975012,0.853073463268366,0.546226886556722
"SNP-81_1",0.196901549225387,0.363318340829585,0.188405797101449,0.502748625687156,0.581209395302349,0.0882430017499772,0.290854572713643,0.16191904047976,0.212893553223388,0.168415792103948,0.205897051474263,0.0901307987233582,0.222888555722139,0.293353323338331,0.259370314842579,0.260369815092454,0.12143928035982,0.252373813093453,0.151424287856072,0.160419790104948,0.0852229903335299,0.189405297351324,0.209395302348826,0.310344827586207,0.265367316341829,0.0871690535444007,0.15792103948026,0.0863900765366251,0.107446276861569,0.608695652173913,0.548725637181409,0.425287356321839,0.56071964017991,0.129435282358821,0.219890054972514,0.0744279593472669,0.391804097951024,0.0825498992948506,0.0707257479754384,0.486756621689155,0.798600699650175,0.351824087956022,0.12143928035982,0.123938030984508,0.76711644177911,0.895052473763118,0.821089455272364,0.905547226386807,0.510744627686157,0.578210894552724
"SNP-81_2",0.678660669665167,0.52623688155922,0.489255372313843,0.423288355822089,0.330834582708646,0.303848075962019,0.868565717141429,0.570214892553723,0.343828085957021,0.304347826086957,0.499750124937531,0.296351824087956,0.51824087956022,0.664667666166917,0.413793103448276,0.419790104947526,0.355822088955522,0.528235882058971,0.826586706646677,0.748125937031484,0.318340829585207,0.434782608695652,0.692153923038481,0.333833083458271,0.550724637681159,0.48175912043978,0.582708645677161,0.615192403798101,0.760619690154923,0.508245877061469,0.342328835582209,0.555722138930535,0.455272363818091,0.755622188905547,0.318840579710145,0.755622188905547,0.461269365317341,0.56071964017991,0.337831084457771,0.245877061469265,0.462768615692154,0.682658670664668,0.32383808095952,0.622688655672164,0.0864163837248625,0.530234882558721,0.438280859570215,0.95352323838081,0.669165417291354,0.371814092953523
"SNP-82_1",0.503248375812094,0.323338330834583,0.525237381309345,0.24687656171914,0.686656671664168,0.203898050974513,0.265867066466767,0.0688155291118214,0.422788605697151,0.262368815592204,0.114942528735632,0.464767616191904,0.51624187906047,0.595702148925537,0.388305847076462,0.831584207896052,0.131934032983508,0.258870564717641,0.44527736131934,0.55672163918041,0.471764117941029,0.530734632683658,0.0891110665729842,0.279860069965017,0.303348325837081,0.195902048975512,0.628685657171414,0.342828585707146,0.124437781109445,0.393803098450775,0.180909545227386,0.520739630184908,0.567216391804098,0.251874062968516,0.472263868065967,0.308345827086457,0.443778110944528,0.0649220404106316,0.138430784607696,0.287856071964018,0.264867566216892,0.221389305347326,0.732633683158421,0.531734132933533,0.654172913543228,0.348825587206397,0.241379310344828,0.520739630184908,0.156421789105447,0.497751124437781
"SNP-82_2",0.109445277361319,0.172913543228386,0.0603778867492379,0.0813194852449266,0.399800099950025,0.434282858570715,0.301849075462269,0.141929035482259,0.0692140436142787,0.539230384807596,0.223388305847076,0.0857820848438771,0.0595037849474421,0.0958537514830676,0.077337669641988,0.383308345827086,0.091180992295868,0.434782608695652,0.061229952670278,0.0676054962769012,0.263368315842079,0.181409295352324,0.19240379810095,0.176411794102949,0.250374812593703,0.0691747319414072,0.066651247061749,0.0644014280347974,0.320339830084958,0.0881158828208012,0.836581709145427,0.0712599437130358,0.0597308528563626,0.230884557721139,0.0672686834819475,0.239880059970015,0.656671664167916,0.0911492901996777,0.118940529735132,0.12143928035982,0.463268365817091,0.114442778610695,0.119940029985007,0.79960019990005,0.0764848883270589,0.930034982508746,0.298850574712644,0.214392803598201,0.399300349825087,0.327336331834083
"SNP-83_1",0.0640749433794496,0.0856279676543123,0.0579901101973697,0.0645709669437999,0.437781109445277,0.0665917354433212,0.086584811303379,0.143428285857071,0.0659725572247668,0.0890919786995495,0.259370314842579,0.0579719839071913,0.056963886834579,0.0642090261242029,0.0704843241534108,0.0783344092062469,0.0582809859020954,0.288855572213893,0.0613706248997159,0.0594226340593419,0.0664687150850216,0.255872063968016,0.0899530143568692,0.229885057471264,0.0628223368538888,0.0631908248155593,0.0606152955812631,0.0598713084560327,0.0595061663707001,0.0892965179887551,0.0771254763192343,0.0631866252682094,0.0567423923387575,0.066103328996382,0.0622091672688244,0.0634702913989723,0.902548725637181,0.0786162262101856,0.0602495121019,0.0812723242458663,0.357821089455272,0.0617500949079009,0.0641773522326589,0.0765596097876782,0.454272863568216,0.0974583266173801,0.75912043978011,0.636681659170415,0.0968562810876876,0.0735197100258285
"SNP-83_2",0.12743628185907,0.369315342328836,0.534732633683158,0.691154422788606,0.67216391804098,0.693653173413293,0.419790104947526,0.943028485757121,0.446276861569215,0.332333833083458,0.549225387306347,0.64767616191904,0.75512243878061,0.120439780109945,0.283858070964518,0.634182908545727,0.551224387806097,0.755622188905547,0.32783608195902,0.573213393303348,0.663668165917041,0.407796101949025,0.103448275862069,0.602698650674663,0.639180409795102,0.0848212540288746,0.357321339330335,0.152923538230885,0.830584707646177,0.696651674162919,0.172913543228386,0.0943152620624911,0.723638180909545,0.330334832583708,0.950524737631184,0.582708645677161,0.578210894552724,0.937031484257871,0.196901549225387,0.080629283036592,0.247376311844078,0.559220389805097,0.27936031984008,0.451774112943528,0.948025987006497,0.580709645177411,0.842578710644678,0.554222888555722,0.12543728135932,0.611694152923538
"SNP-84_1",0.849575212393803,0.184907546226887,0.644177911044478,0.457271364317841,0.271864067966017,0.520739630184908,0.385307346326837,0.330834582708646,0.623188405797101,0.747626186906547,0.127936031984008,0.766116941529235,0.698650674662669,0.706146926536732,0.364817591204398,0.446776611694153,0.480259870064968,0.233383308345827,0.215892053973014,0.468765617191404,0.5992003998001,0.737131434282859,0.251874062968516,0.64567716141929,0.591204397801099,0.56271864067966,0.790604697651174,0.44127936031984,0.586206896551724,0.408795602198901,0.638680659670165,0.640679660169915,0.156421789105447,0.777111444277861,0.496251874062969,0.67816091954023,0.116941529235382,0.413793103448276,0.623688155922039,0.704147926036982,0.178410794602699,0.71864067966017,0.807096451774113,0.404297851074463,0.575712143928036,0.847576211894053,0.408295852073963,0.858070964517741,0.417291354322839,0.348825587206397
"SNP-84_2",0.0823581853980535,0.150424787606197,0.268865567216392,0.417791104447776,0.359820089955023,0.379810094952524,0.307346326836582,0.16391804097951,0.067072550832216,0.080640806787992,0.0836946854605316,0.15792103948026,0.231884057971014,0.0666210009361957,0.176411794102949,0.316341829085457,0.415292353823088,0.0771670724674395,0.136431784107946,0.441779110444778,0.0819971590182172,0.211894052973513,0.207396301849075,0.122938530734633,0.112943528235882,0.144927536231884,0.314842578710645,0.0733970660837873,0.0720590465644989,0.534732633683158,0.144927536231884,0.697151424287856,0.379810094952524,0.158920539730135,0.242378810594703,0.182408795602199,0.140429785107446,0.592703648175912,0.16191904047976,0.2023988005997,0.585707146426787,0.0642143243936015,0.0697329077196284,0.417291354322839,0.842578710644678,0.0803962761403203,0.446276861569215,0.0741262259750523,0.215892053973014,0.202898550724638
"SNP-85_1",0.187406296851574,0.841079460269865,0.171414292853573,0.652673663168416,0.270864567716142,0.27936031984008,0.896051974012994,0.15392303848076,0.424787606196902,0.0841410916620343,0.891054472763618,0.879060469765117,0.250874562718641,0.893553223388306,0.388305847076462,0.55672163918041,0.365817091454273,0.143428285857071,0.705647176411794,0.143428285857071,0.714142928535732,0.590204897551224,0.757621189405297,0.723138430784608,0.712143928035982,0.430784607696152,0.709145427286357,0.227386306846577,0.545227386306847,0.599700149925038,0.0644293636184807,0.191404297851074,0.658670664667666,0.190404797601199,0.966516741629185,0.356821589205397,0.5952023988006,0.494752623688156,0.11944027986007,0.166416791604198,0.902548725637181,0.735632183908046,0.235382308845577,0.273863068465767,0.625687156421789,0.442278860569715,0.835582208895552,0.850074962518741,0.295852073963018,0.428285857071464
"SNP-85_2",0.572213893053473,0.424287856071964,0.517241379310345,0.397301349325337,0.310844577711144,0.660169915042479,0.684657671164418,0.443778110944528,0.328835582208896,0.773613193403298,0.722138930534733,0.318340829585207,0.345327336331834,0.174412793603198,0.283858070964518,0.781109445277361,0.590704647676162,0.482258870564718,0.792103948025987,0.261369315342329,0.580209895052474,0.612193903048476,0.141929035482259,0.568715642178911,0.287856071964018,0.588705647176412,0.709145427286357,0.254872563718141,0.346826586706647,0.5952023988006,0.376311844077961,0.609195402298851,0.600199900049975,0.570214892553723,0.662168915542229,0.381309345327336,0.689655172413793,0.414792603698151,0.446776611694153,0.835082458770615,0.174412793603198,0.0879377729517287,0.526736631684158,0.450274862568716,0.206896551724138,0.528735632183908,0.763618190904548,0.528735632183908,0.173913043478261,0.838580709645177
"SNP-86_1",0.318340829585207,0.36231884057971,0.417791104447776,0.214392803598201,0.385307346326837,0.250374812593703,0.340829585207396,0.787606196901549,0.0718783200423151,0.175912043978011,0.410794602698651,0.222388805597201,0.232383808095952,0.0649961090456514,0.318340829585207,0.168915542228886,0.189905047476262,0.142928535732134,0.27336331834083,0.323338330834583,0.328335832083958,0.582708645677161,0.286356821589205,0.254872563718141,0.405797101449275,0.0910741968350302,0.469265367316342,0.0661311654950358,0.0761499499881002,0.634682658670665,0.299350324837581,0.369315342328836,0.300349825087456,0.653173413293353,0.618190904547726,0.24087956021989,0.539230384807596,0.667666166916542,0.0776418479429668,0.291354322838581,0.457271364317841,0.0700485912174993,0.760619690154923,0.297351324337831,0.823088455772114,0.55872063968016,0.166916541729135,0.84807596201899,0.457771114442779,0.678660669665167
"SNP-86_2",0.43528235882059,0.417791104447776,0.453273363318341,0.440779610194903,0.520739630184908,0.184907546226887,0.304347826086957,0.186406796601699,0.418790604697651,0.160419790104948,0.180409795102449,0.639180409795102,0.269365317341329,0.0829285634489079,0.407296351824088,0.572713643178411,0.241379310344828,0.286856571714143,0.586206896551724,0.267866066966517,0.251374312843578,0.238380809595202,0.463768115942029,0.421789105447276,0.581209395302349,0.48575712143928,0.412793603198401,0.342828585707146,0.367816091954023,0.657171414292854,0.0981659331237254,0.620689655172414,0.496751624187906,0.700649675162419,0.522738630684658,0.277861069465267,0.7936031984008,0.0737132724102232,0.203398300849575,0.611694152923538,0.585207396301849,0.36031984007996,0.174912543728136,0.297851074462769,0.339830084957521,0.117941029485257,0.692653673163418,0.24687656171914,0.169415292353823,0.381809095452274
"SNP-87_1",0.625687156421789,0.376811594202899,0.678660669665167,0.489255372313843,0.340329835082459,0.276361819090455,0.474762618690655,0.285857071464268,0.28135932033983,0.212893553223388,0.126936531734133,0.282358820589705,0.413293353323338,0.284357821089455,0.313343328335832,0.421289355322339,0.203898050974513,0.284857571214393,0.575712143928036,0.496751624187906,0.208395802098951,0.257871064467766,0.48375812093953,0.0825006872528412,0.159420289855072,0.296851574212894,0.378810594702649,0.208895552223888,0.110444777611194,0.522738630684658,0.308345827086457,0.199900049975012,0.294352823588206,0.655672163918041,0.433783108445777,0.376811594202899,0.35432283858071,0.262368815592204,0.276861569215392,0.501249375312344,0.305847076461769,0.233383308345827,0.208895552223888,0.335832083958021,0.88455772113943,0.63768115942029,0.792603698150925,0.627686156921539,0.0850305380793284,0.609195402298851
"SNP-87_2",0.675162418790605,0.595702148925537,0.52423788105947,0.549225387306347,0.335832083958021,0.559720139930035,0.505247376311844,0.645177411294353,0.306346826586707,0.458270864567716,0.411794102948526,0.458770614692654,0.523238380809595,0.250374812593703,0.518740629685157,0.815592203898051,0.781109445277361,0.518740629685157,0.648675662168916,0.774612693653173,0.790604697651174,0.657671164417791,0.0738639560772796,0.697651174412794,0.432783608195902,0.734632683658171,0.620189905047476,0.44127936031984,0.704147926036982,0.513243378310845,0.448775612193903,0.40279860069965,0.325337331334333,0.205897051474263,0.68015992003998,0.414292853573213,0.32783608195902,0.622688655672164,0.491254372813593,0.108445777111444,0.690654672663668,0.697651174412794,0.368315842078961,0.632183908045977,0.523238380809595,0.636681659170415,0.277861069465267,0.772613693153423,0.270364817591204,0.87256371814093
"SNP-88_1",0.578710644677661,0.264367816091954,0.567216391804098,0.0969779913911309,0.465267366316842,0.707646176911544,0.324337831084458,0.893553223388306,0.0856787683423094,0.0892028163778465,0.400299850074962,0.39480259870065,0.408295852073963,0.201399300349825,0.555722138930535,0.706146926536732,0.0947474468479499,0.182908545727136,0.573713143428286,0.274362818590705,0.47576211894053,0.230884557721139,0.193403298350825,0.373313343328336,0.301849075462269,0.178910544727636,0.268365817091454,0.475262368815592,0.480759620189905,0.178410794602699,0.0730210907816393,0.412793603198401,0.330834582708646,0.76111944027986,0.344827586206897,0.386306846576712,0.587206396801599,0.500249875062469,0.551724137931034,0.817591204397801,0.460269865067466,0.199400299850075,0.697151424287856,0.658670664667666,0.367816091954023,0.228385807096452,0.51624187906047,0.67216391804098,0.649175412293853,0.254872563718141
"SNP-88_2",0.620189905047476,0.648675662168916,0.570214892553723,0.406296851574213,0.572213893053473,0.456771614192904,0.806596701649175,0.348825587206397,0.349325337331334,0.0669140614986895,0.433783108445777,0.414292853573213,0.499250374812594,0.696151924037981,0.0670907936150903,0.274362818590705,0.255872063968016,0.565717141429285,0.928035982008996,0.484257871064468,0.523238380809595,0.858570714642679,0.594202898550725,0.685657171414293,0.766616691654173,0.431284357821089,0.533233383308346,0.510244877561219,0.480759620189905,0.310344827586207,0.630184907546227,0.461769115442279,0.631184407796102,0.397801099450275,0.371814092953523,0.412793603198401,0.656671664167916,0.503748125937031,0.325337331334333,0.162418790604698,0.853073463268366,0.421289355322339,0.647176411794103,0.523238380809595,0.182408795602199,0.399300349825087,0.475262368815592,0.662168915542229,0.609695152423788,0.676661669165417
"CD46-1",0.563718140929535,0.377811094452774,0.577711144427786,0.453273363318341,0.654172913543228,0.383808095952024,0.375312343828086,0.748125937031484,0.0810160199276953,0.0649631560912426,0.411794102948526,0.537731134432784,0.632183908045977,0.163418290854573,0.0665620357591405,0.683658170914543,0.703648175912044,0.405797101449275,0.289355322338831,0.395802098950525,0.441779110444778,0.160419790104948,0.302348825587206,0.669165417291354,0.519240379810095,0.630184907546227,0.368315842078961,0.529735132433783,0.219890054972514,0.641179410294853,0.480259870064968,0.772613693153423,0.443778110944528,0.748625687156422,0.508745627186407,0.691654172913543,0.461769115442279,0.80359820089955,0.573713143428286,0.264367816091954,0.3968015992004,0.179410294852574,0.238380809595202,0.427286356821589,0.324337831084458,0.696651674162919,0.144927536231884,0.64767616191904,0.363318340829585,0.350324837581209
"CD46-2",0.247876061969015,0.606696651674163,0.1944027986007,0.545727136431784,0.12543728135932,0.162418790604698,0.325337331334333,0.583708145927036,0.329335332333833,0.603698150924538,0.402298850574713,0.434282858570715,0.286856571714143,0.303348325837081,0.302848575712144,0.371314342828586,0.325337331334333,0.525737131434283,0.814092953523238,0.399800099950025,0.379310344827586,0.439780109945027,0.289355322338831,0.0783424627849516,0.0693850963444374,0.362818590704648,0.598700649675162,0.457271364317841,0.230384807596202,0.555222388805597,0.457771114442779,0.821089455272364,0.440279860069965,0.604697651174413,0.485257371314343,0.248875562218891,0.076984935221972,0.655672163918041,0.0960472681871293,0.595702148925537,0.619690154922539,0.769615192403798,0.187406296851574,0.663668165917041,0.911044477761119,0.187406296851574,0.924037981009495,0.699150424787606,0.833583208395802,0.514742628685657
"CD52-1",0.911044477761119,0.504247876061969,0.451774112943528,0.530234882558721,0.200899550224888,0.515742128935532,0.292853573213393,0.646676661669165,0.668165917041479,0.355322338830585,0.51824087956022,0.508745627186407,0.400299850074962,0.668165917041479,0.303848075962019,0.628185907046477,0.271864067966017,0.365317341329335,0.725637181409295,0.294852573713143,0.438780609695152,0.466266866566717,0.875062468765617,0.55872063968016,0.431284357821089,0.702648675662169,0.416291854072964,0.454772613693153,0.373313343328336,0.746126936531734,0.201399300349825,0.703148425787106,0.379810094952524,0.84607696151924,0.560219890054973,0.872063968015992,0.685157421289355,0.515742128935532,0.749125437281359,0.881059470264868,0.415292353823088,0.704647676161919,0.519740129935032,0.900049975012494,0.640179910044978,0.772113943028486,0.0908335286512853,0.486256871564218,0.333833083458271,0.298350824587706
"CD52-2",0.260369815092454,0.377311344327836,0.0753672476548826,0.0599803909150312,0.318840579710145,0.27536231884058,0.286356821589205,0.124937531234383,0.0629722305377395,0.394302848575712,0.0565711857193835,0.0625204870921984,0.0577412541515689,0.324837581209395,0.484757621189405,0.081201380335961,0.0570438589594344,0.0574030175076897,0.137431284357821,0.0590923331426109,0.197901049475262,0.0638919169851184,0.398300849575212,0.0599408877195745,0.0605292044467998,0.473263368315842,0.0574861244821206,0.165417291354323,0.199400299850075,0.505747126436782,0.731134432783608,0.0827254657838548,0.16191904047976,0.275862068965517,0.405297351324338,0.229385307346327,0.461269365317341,0.0868145989159521,0.460769615192404,0.0677506262093865,0.267866066966517,0.0610606544578943,0.0904264512032239,0.406296851574213,0.907046476761619,0.0817325318924354,0.527236381809095,0.246376811594203,0.496251874062969,0.178410794602699
"HSPA8-1",0.267866066966517,0.316841579210395,0.105947026486757,0.0825086155077138,0.06597633869492,0.0717418823968015,0.0784329514033214,0.0830138487688565,0.178910544727636,0.211394302848576,0.133433283358321,0.0678383763580981,0.0880641159636102,0.106946526736632,0.240379810094953,0.586706646676662,0.0704200851239198,0.152423788105947,0.411294352823588,0.241879060469765,0.553723138430785,0.0634637586662185,0.543228385807096,0.120939530234883,0.11344327836082,0.376311844077961,0.0922966864330153,0.0751181182095004,0.20039980009995,0.487756121939031,0.666166916541729,0.0738876564673199,0.181409295352324,0.174912543728136,0.162918540729635,0.376811594202899,0.087881850398982,0.136931534232884,0.118940529735132,0.0673271509062606,0.0645543943296877,0.0681994383574372,0.23688155922039,0.275862068965517,0.340329835082459,0.218890554722639,0.904547726136932,0.268865567216392,0.727636181909045,0.551224387806097
"HSPA8-2",0.381809095452274,0.503748125937031,0.11744127936032,0.145427286356822,0.451274362818591,0.363818090954523,0.102448775612194,0.131934032983508,0.501249375312344,0.213393303348326,0.282358820589705,0.171914042978511,0.134932533733133,0.0887952675945796,0.31784107946027,0.669165417291354,0.477261369315342,0.535732133933034,0.297351324337831,0.55872063968016,0.152423788105947,0.521739130434783,0.348325837081459,0.164417791104448,0.35432283858071,0.570214892553723,0.615192403798101,0.0785998274685305,0.473263368315842,0.678660669665167,0.091091427532225,0.0880705630427909,0.221889055472264,0.471764117941029,0.427786106946527,0.371814092953523,0.178410794602699,0.0939349107408378,0.344327836081959,0.409295352323838,0.0899230709124766,0.283858070964518,0.613193403298351,0.290854572713643,0.268365817091454,0.0969745056338009,0.619190404797601,0.934532733633183,0.222388805597201,0.385307346326837
"NMU-1",0.0851087980774356,0.149925037481259,0.0893518185327846,0.114442778610695,0.143928035982009,0.0964089095992704,0.168915542228886,0.0701977289028704,0.136431784107946,0.0717293420119929,0.119940029985007,0.0603206906337952,0.197901049475262,0.171414292853573,0.0753852832114341,0.296351824087956,0.0612145696075054,0.0576725213939219,0.153423288355822,0.129435282358821,0.185407296351824,0.386806596701649,0.616691654172913,0.116441779110445,0.803098450774613,0.221389305347326,0.0788970496742796,0.0830307797628339,0.0883154850382247,0.190404797601199,0.133433283358321,0.228885557221389,0.222388805597201,0.165417291354323,0.12143928035982,0.218390804597701,0.246376811594203,0.175412293853073,0.112443778110945,0.0711884781031053,0.397801099450275,0.0712855488923283,0.0789821435192421,0.0994549719476463,0.805097451274363,0.209395302348826,0.960519740129935,0.732133933033483,0.537231384307846,0.0733603859819355
"NMU-2",0.561719140429785,0.35632183908046,0.425787106446777,0.364817591204398,0.330334832583708,0.249375312343828,0.0706974621739729,0.0672193279445832,0.449275362318841,0.499750124937531,0.0635936110991504,0.217891054472764,0.146426786606697,0.134932533733133,0.248875562218891,0.257371314342829,0.303848075962019,0.130934532733633,0.133433283358321,0.258370814592704,0.226386806596702,0.290354822588706,0.0944862858187571,0.322838580709645,0.0716162863742217,0.393803098450775,0.638180909545227,0.467766116941529,0.259870064967516,0.613693153423288,0.544727636181909,0.44527736131934,0.23288355822089,0.124937531234383,0.197401299350325,0.269365317341329,0.348325837081459,0.0750656717889763,0.504747626186906,0.0720641550764655,0.0880941401548671,0.0710962437924504,0.535732133933034,0.0761798706791002,0.0996881816760626,0.478260869565217,0.561719140429785,0.878060969515242,0.0983791081958028,0.855072463768116
"PPIA-1",0.0921523540562951,0.152923538230885,0.0849274624408881,0.0793752592605323,0.104447776111944,0.198900549725137,0.0656584108963218,0.118440779610195,0.160419790104948,0.0709424606891985,0.19240379810095,0.0610232304308464,0.221889055472264,0.268865567216392,0.178410794602699,0.084920789844894,0.0578308688245623,0.082876435498257,0.207396301849075,0.253373313343328,0.420289855072464,0.480759620189905,0.450774612693653,0.306346826586707,0.267866066966517,0.0850524773922213,0.0922036936777013,0.102448775612194,0.0604704539824461,0.194902548725637,0.144927536231884,0.263868065967017,0.524737631184408,0.0803154572814276,0.361319340329835,0.0664681132046786,0.414292853573213,0.202898550724638,0.0695467966991806,0.131934032983508,0.540229885057471,0.0623214107007599,0.168915542228886,0.0675901938450867,0.531234382808596,0.531234382808596,0.146926536731634,0.454272863568216,0.288355822088956,0.173413293353323
"PPIA-2",0.486756621689155,0.423288355822089,0.249875062468766,0.187406296851574,0.464767616191904,0.546226886556722,0.205897051474263,0.328835582208896,0.474762618690655,0.109945027486257,0.542728635682159,0.23488255872064,0.455272363818091,0.284357821089455,0.465267366316842,0.31784107946027,0.16591704147926,0.476261869065467,0.061957221695581,0.24487756121939,0.503748125937031,0.385307346326837,0.346826586706647,0.191404297851074,0.218890554722639,0.218890554722639,0.603698150924538,0.233883058470765,0.200899550224888,0.489255372313843,0.090785541500515,0.11344327836082,0.71464267866067,0.456271864067966,0.15392303848076,0.417791104447776,0.507246376811594,0.381809095452274,0.704647676161919,0.12743628185907,0.524737631184408,0.0794050184045377,0.226886556721639,0.15192403798101,0.349325337331334,0.423788105947026,0.544227886056971,0.631684157921039,0.0689970047405553,0.215392303848076
"RPL22-1",0.424787606196902,0.426286856571714,0.0965591288709258,0.0743609874954158,0.592703648175912,0.150924537731134,0.0656395089561117,0.129935032483758,0.089066306970118,0.122938530734633,0.153423288355822,0.0821332976678674,0.0948293638771635,0.427286356821589,0.411294352823588,0.531234382808596,0.373813093453273,0.229385307346327,0.0588234637552161,0.0604994654841625,0.332833583208396,0.36031984007996,0.142428785607196,0.0636251633914741,0.343328335832084,0.250374812593703,0.0849959819646147,0.131434282858571,0.338330834582709,0.375812093953024,0.103250234737462,0.536231884057971,0.19240379810095,0.070416238994302,0.152423788105947,0.0737671647190426,0.0658914495374222,0.292353823088456,0.0664692590546316,0.307346326836582,0.0717947707788543,0.0799988801700203,0.328835582208896,0.72063968015992,0.380309845077461,0.467266366816592,0.174912543728136,0.405297351324338,0.087378926691155,0.51624187906047
"RPL22-2",0.322838580709645,0.563218390804598,0.541229385307346,0.410794602698651,0.433783108445777,0.547226386806597,0.675662168915542,0.724137931034483,0.513243378310845,0.841079460269865,0.717141429285357,0.399300349825087,0.715142428785607,0.417291354322839,0.650674662668666,0.431284357821089,0.355322338830585,0.476261869065467,0.444277861069465,0.6031984007996,0.521739130434783,0.716141929035482,0.288855572213893,0.776611694152924,0.610694652673663,0.606696651674163,0.549725137431284,0.665667166416792,0.404297851074463,0.92103948025987,0.748625687156422,0.733633183408296,0.685157421289355,0.272863568215892,0.837581209395302,0.478260869565217,0.795102448775612,0.297851074462769,0.601699150424788,0.758120939530235,0.670664667666167,0.700149925037481,0.346826586706647,0.579210394802599,0.95752123938031,0.585207396301849,0.909545227386307,0.989005497251374,0.580709645177411,0.519740129935032
"NTC-1",0.355822088955522,0.119940029985007,0.575712143928036,0.223888055972014,0.452773613193403,0.257871064467766,0.27936031984008,0.263868065967017,0.608195902048976,0.166916541729135,0.294852573713143,0.276861569215392,0.357821089455272,0.346326836581709,0.259870064967516,0.624687656171914,0.349325337331334,0.529235382308846,0.0748820204494462,0.420289855072464,0.365817091454273,0.418790604697651,0.243378310844578,0.762618690654673,0.426786606696652,0.340829585207396,0.573713143428286,0.175912043978011,0.125937031484258,0.355322338830585,0.352823588205897,0.497251374312844,0.331834082958521,0.47776111944028,0.229385307346327,0.48575712143928,0.361319340329835,0.512243878060969,0.0672831930315787,0.213393303348326,0.734632683658171,0.0847115817185623,0.31584207896052,0.0961237157566165,0.555222388805597,0.870064967516242,0.213893053473263,0.668665667166417,0.0728469311571172,0.571214392803598
"NTC-2",0.83808095952024,0.160419790104948,0.414792603698151,0.110944527736132,0.337831084457771,0.0845868027903665,0.748625687156422,0.457771114442779,0.112443778110945,0.263868065967017,0.44527736131934,0.218890554722639,0.489255372313843,0.184407796101949,0.276861569215392,0.350824587706147,0.145427286356822,0.168415792103948,0.362818590704648,0.434782608695652,0.428785607196402,0.178910544727636,0.471764117941029,0.336331834082959,0.52023988005997,0.525237381309345,0.313343328335832,0.434782608695652,0.20439780109945,0.227386306846577,0.857071464267866,0.286356821589205,0.212393803098451,0.947026486756622,0.969515242378811,0.600199900049975,0.785607196401799,0.483258370814593,0.292853573213393,0.084789265625581,0.941529235382309,0.378310844577711,0.506746626686657,0.271864067966017,0.556221889055472,0.64767616191904,0.343328335832084,0.774112943528236,0.142928535732134,0.958520739630185
"NTC-4",0.510244877561219,0.375812093953024,0.391804097951024,0.371314342828586,0.472763618190905,0.309845077461269,0.567716141929036,0.40279860069965,0.373313343328336,0.602698650674663,0.499250374812594,0.328835582208896,0.393303348325837,0.186406796601699,0.488755622188906,0.588205897051474,0.35432283858071,0.211894052973513,0.306346826586707,0.389805097451274,0.387306346826587,0.365817091454273,0.452273863068466,0.488755622188906,0.703648175912044,0.774612693653173,0.506746626686657,0.470764617691154,0.206896551724138,0.745127436281859,0.964017991004498,0.545227386306847,0.278860569715142,0.72663668165917,0.436781609195402,0.36631684157921,0.68615692153923,0.400299850074962,0.226886556721639,0.0712719898089693,0.399300349825087,0.611194402798601,0.119940029985007,0.256871564217891,0.95552223888056,0.664667666166917,0.0789914589526022,0.427786106946527,0.656671664167916,0.620689655172414
"NTC-5",0.528735632183908,0.604697651174413,0.334832583708146,0.592203898050975,0.469765117441279,0.405297351324338,0.321339330334833,0.250374812593703,0.424287856071964,0.567716141929036,0.347326336831584,0.178410794602699,0.516741629185407,0.596201899050475,0.535232383808096,0.245377311344328,0.100449775112444,0.282858570714643,0.455772113943028,0.145927036481759,0.340829585207396,0.505747126436782,0.489755122438781,0.110944527736132,0.736131934032983,0.55472263868066,0.516741629185407,0.227886056971514,0.44527736131934,0.277861069465267,0.386306846576712,0.523738130934533,0.681659170414793,0.794602698650675,0.482258870564718,0.72063968015992,0.810594702648676,0.441779110444778,0.440279860069965,0.149425287356322,0.496251874062969,0.0946000375150588,0.072323868377626,0.405797101449275,0.765617191404298,0.306846576711644,0.506746626686657,0.966016991504248,0.331334332833583,0.687156421789105
"NTC-6",0.606696651674163,0.480259870064968,0.40679660169915,0.39480259870065,0.509245377311344,0.212393803098451,0.468265867066467,0.391804097951024,0.590204897551224,0.463268365817091,0.355322338830585,0.454272863568216,0.347826086956522,0.596201899050475,0.347326336831584,0.566216891554223,0.306846576711644,0.290354822588706,0.635182408795602,0.577711144427786,0.167416291854073,0.661669165417291,0.23288355822089,0.659170414792604,0.335332333833083,0.839580209895052,0.490754622688656,0.696151924037981,0.382308845577211,0.744127936031984,0.251874062968516,0.51424287856072,0.580209895052474,0.338830584707646,0.351824087956022,0.23888055972014,0.312343828085957,0.685157421289355,0.622688655672164,0.226386806596702,0.274862568715642,0.40279860069965,0.302348825587206,0.509245377311344,0.835082458770615,0.185407296351824,0.129935032483758,0.891554222888556,0.698650674662669,0.243878060969515
"NTC-7",0.474262868565717,0.185907046476762,0.210894552723638,0.377811094452774,0.565717141429285,0.134932533733133,0.16191904047976,0.454772613693153,0.293353323338331,0.158420789605197,0.170414792603698,0.126436781609195,0.272363818090955,0.0849766183921249,0.459270364817591,0.519740129935032,0.227386306846577,0.16591704147926,0.241379310344828,0.426286856571714,0.342828585707146,0.092627885521071,0.569215392303848,0.56671664167916,0.783108445777111,0.306846576711644,0.133933033483258,0.337831084457771,0.0777956943362514,0.458770614692654,0.222888555722139,0.137931034482759,0.628685657171414,0.375312343828086,0.469765117441279,0.184407796101949,0.381309345327336,0.444277861069465,0.114942528735632,0.0710284036911697,0.289855072463768,0.12143928035982,0.0690951283212906,0.128435782108946,0.286856571714143,0.12143928035982,0.467766116941529,0.865067466266867,0.0801127502745894,0.130934532733633
"NTC-8",0.340329835082459,0.193903048475762,0.578710644677661,0.246376811594203,0.27536231884058,0.31384307846077,0.461269365317341,0.0812442821635285,0.269365317341329,0.0863683464932936,0.193903048475762,0.155422288855572,0.149925037481259,0.381309345327336,0.764117941029485,0.302848575712144,0.547726136931534,0.0689241268198785,0.152923538230885,0.821089455272364,0.0809295785011809,0.0721804306501738,0.103948025987006,0.131934032983508,0.136431784107946,0.401799100449775,0.335332333833083,0.452273863068466,0.0643878609685759,0.737131434282859,0.319340329835082,0.419290354822589,0.514742628685657,0.373313343328336,0.198900549725137,0.36431784107946,0.504747626186906,0.0729895617418012,0.231384307846077,0.0699777247932785,0.528735632183908,0.0668555705287772,0.127936031984008,0.521739130434783,0.647176411794103,0.0779575293113774,0.500749625187406,0.710144927536232,0.48575712143928,0.51424287856072
"NTC-9",0.16791604197901,0.485257371314343,0.245877061469265,0.0912541160886515,0.508245877061469,0.586206896551724,0.0845988057551832,0.0710351634276717,0.228385807096452,0.244377811094453,0.150924537731134,0.0747079611669895,0.272363818090955,0.176911544227886,0.162418790604698,0.101949025487256,0.284857571214393,0.212393803098451,0.442778610694653,0.447776111944028,0.104947526236882,0.0893974801012885,0.461769115442279,0.123938030984508,0.143428285857071,0.384307846076962,0.0895062612997233,0.205397301349325,0.226386806596702,0.793103448275862,0.493253373313343,0.724137931034483,0.134432783608196,0.0677461363219076,0.181409295352324,0.06261480709191,0.640179910044978,0.51424287856072,0.275862068965517,0.825087456271864,0.549225387306347,0.0693237774526976,0.082031953367324,0.598700649675162,0.36431784107946,0.131934032983508,0.598700649675162,0.937031484257871,0.821589205397301,0.618690654672664
"NTC-10",0.201399300349825,0.56071964017991,0.570714642678661,0.237881059470265,0.574212893553223,0.425287356321839,0.187906046976512,0.451774112943528,0.533733133433283,0.107946026986507,0.584207896051974,0.392303848075962,0.220389805097451,0.236381809095452,0.249375312343828,0.457271364317841,0.558220889555222,0.688655672163918,0.286356821589205,0.423288355822089,0.466266866566717,0.533233383308346,0.515242378810595,0.27936031984008,0.696151924037981,0.539730134932534,0.653173413293353,0.519240379810095,0.500749625187406,0.28735632183908,0.319340329835082,0.492753623188406,0.908545727136432,0.418790604697651,0.355322338830585,0.354822588705647,0.639180409795102,0.580709645177411,0.925537231384308,0.0899717863887055,0.288355822088956,0.452773613193403,0.226886556721639,0.0751758404528762,0.911544227886057,0.441779110444778,0.0881690161790952,0.459270364817591,0.370814592703648,0.409295352323838
"NTC-11",0.0939192392952258,0.174412793603198,0.283858070964518,0.0900054732053792,0.357321339330335,0.162918540729635,0.199400299850075,0.0896599984194968,0.215892053973014,0.131934032983508,0.646676661669165,0.11944027986007,0.15392303848076,0.12543728135932,0.0847020780673089,0.310844577711144,0.101449275362319,0.129935032483758,0.217891054472764,0.2063968015992,0.084462628579902,0.32783608195902,0.500249875062469,0.171914042978511,0.459770114942529,0.0715635815715502,0.157421289355322,0.451274362818591,0.350824587706147,0.132433783108446,0.418790604697651,0.168915542228886,0.308845577211394,0.0927134601590207,0.0732278505447767,0.154922538730635,0.135432283858071,0.293353323338331,0.154922538730635,0.788605697151424,0.346826586706647,0.085262602469429,0.430784607696152,0.438780609695152,0.511744127936032,0.180409795102449,0.334832583708146,0.900549725137431,0.135432283858071,0.292853573213393
"CD55-1",0.141429285357321,0.134432783608196,0.108945527236382,0.169915042478761,0.0631654282991067,0.231884057971014,0.162418790604698,0.180909545227386,0.125937031484258,0.0816562118393376,0.130434782608696,0.0624329968352314,0.0644530595964756,0.570714642678661,0.15592203898051,0.074884604096199,0.360819590204898,0.0762801998161674,0.191904047976012,0.0899727464940344,0.0893204079688348,0.35832083958021,0.0846915163946449,0.0632591436584611,0.0606026932883489,0.148925537231384,0.172913543228386,0.0916551003581944,0.0684844280968686,0.266866566716642,0.0767310873426051,0.190904547726137,0.0772324289826754,0.1944027986007,0.219390304847576,0.12543728135932,0.0941586518547018,0.742128935532234,0.0744418844775864,0.823088455772114,0.0643339650978623,0.0728261107009483,0.339330334832584,0.747626186906547,0.0749875998638075,0.100949525237381,0.357321339330335,0.983008495752124,0.0913843277737852,0.0695042446037529
"CD55-2",0.242378810594703,0.291354322838581,0.290354822588706,0.162418790604698,0.316341829085457,0.251374312843578,0.596201899050475,0.0810236145712918,0.225887056471764,0.171914042978511,0.169915042478761,0.0854875316156363,0.301849075462269,0.095490567479253,0.0786465815801637,0.160919540229885,0.171914042978511,0.0928552619156746,0.425287356321839,0.27536231884058,0.202898550724638,0.141429285357321,0.0964254597683369,0.212893553223388,0.0599721495981239,0.379310344827586,0.659170414792604,0.245877061469265,0.0640460550065604,0.631684157921039,0.0837104370151848,0.43728135932034,0.335332333833083,0.715142428785607,0.621189405297351,0.173413293353323,0.594202898550725,0.248875562218891,0.075887970225481,0.0715233530386216,0.402298850574713,0.0621712496821642,0.384307846076962,0.750124937531234,0.904547726136932,0.0749977319089697,0.313343328335832,0.879060469765117,0.700149925037481,0.434782608695652
"CD55-3",0.223388305847076,0.375812093953024,0.423788105947026,0.330334832583708,0.173913043478261,0.379310344827586,0.438280859570215,0.262368815592204,0.44127936031984,0.0868990063583245,0.248875562218891,0.214892553723138,0.176411794102949,0.090296643729978,0.129435282358821,0.264867566216892,0.258870564717641,0.201899050474763,0.794602698650675,0.330334832583708,0.0782445927092419,0.11344327836082,0.108945527236382,0.39480259870065,0.0596886987486537,0.344327836081959,0.397801099450275,0.0762208189389311,0.142928535732134,0.701149425287356,0.116941529235382,0.0843519904946395,0.266866566716642,0.110444777611194,0.36231884057971,0.129435282358821,0.195902048975512,0.626686656671664,0.0879896533946422,0.630184907546227,0.152923538230885,0.224887556221889,0.224387806096952,0.444277861069465,0.134932533733133,0.0983138481949867,0.217891054472764,0.615192403798101,0.079303160058735,0.841579210394803
"CD55-4",0.470264867566217,0.158920539730135,0.407796101949025,0.475262368815592,0.0678123648616593,0.259370314842579,0.0614228415538953,0.337831084457771,0.0944528710055631,0.571214392803598,0.493253373313343,0.249875062468766,0.1944027986007,0.268865567216392,0.303848075962019,0.475262368815592,0.374312843578211,0.137931034482759,0.783608195902049,0.427286356821589,0.224387806096952,0.438280859570215,0.0769095867529656,0.527236381809095,0.349825087456272,0.245377311344328,0.355822088955522,0.226386806596702,0.215892053973014,0.71864067966017,0.357321339330335,0.346826586706647,0.0888903508509189,0.0937842349059758,0.2023988005997,0.0895516693474675,0.272863568215892,0.199900049975012,0.235882058970515,0.302348825587206,0.0755960612800377,0.565717141429285,0.561219390304848,0.16591704147926,0.75712143928036,0.09342040493428,0.71664167916042,0.751124437781109,0.100828394805071,0.339330334832584
"CD55-5",0.186906546726637,0.20439780109945,0.333333333333333,0.0929282775997028,0.469765117441279,0.447776111944028,0.312343828085957,0.111444277861069,0.196901549225387,0.384807596201899,0.265367316341829,0.165417291354323,0.420289855072464,0.084149177594318,0.12543728135932,0.130434782608696,0.0821042654084017,0.117941029485257,0.0901963784005489,0.465267366316842,0.171914042978511,0.297351324337831,0.226386806596702,0.0741487718728118,0.0604174512859224,0.47776111944028,0.290354822588706,0.436281859070465,0.525737131434283,0.613693153423288,0.326836581709145,0.0874639164900675,0.406296851574213,0.0725571816250143,0.15792103948026,0.0728620602237094,0.0819106434902831,0.24487756121939,0.0862270957656027,0.0837112172348099,0.193903048475762,0.0837688517504825,0.373313343328336,0.186906546726637,0.16791604197901,0.146926536731634,0.492253873063468,0.955022488755622,0.239880059970015,0.748125937031484
"CD55-6",0.0642944479699608,0.438280859570215,0.220889555222389,0.0614590478577458,0.400299850074962,0.0781189212128416,0.492753623188406,0.733133433283358,0.0821056541058865,0.0833603988775315,0.160419790104948,0.0672608380514029,0.0887770885386414,0.723638180909545,0.144427786106947,0.0628605413498632,0.227886056971514,0.140929535232384,0.103448275862069,0.389805097451274,0.0796255985322904,0.0773547562694882,0.100013960023005,0.243378310844578,0.0618874375545101,0.0834671300810616,0.369315342328836,0.411294352823588,0.0896557069103264,0.390804597701149,0.15792103948026,0.193903048475762,0.313343328335832,0.828585707146427,0.555722138930535,0.743128435782109,0.548225887056472,0.276861569215392,0.0642115096945013,0.0802861808538496,0.389805097451274,0.0638620550872636,0.489755122438781,0.383308345827086,0.338830584707646,0.0774330618711428,0.323338330834583,0.913543228385807,0.0723244606323526,0.363818090954523
"CD55-7",0.0825668350503444,0.0620303779469283,0.0616972269648786,0.0686784512001664,0.0799173721120657,0.0765318201140472,0.112943528235882,0.329835082458771,0.0765336833365863,0.0686671103334307,0.0680864864448641,0.0584277522925667,0.0632286593694418,0.23288355822089,0.47376311844078,0.0739521616409485,0.0620048756240001,0.0744945413712909,0.228385807096452,0.0732249282572338,0.245877061469265,0.263368315842079,0.0690998974156192,0.0607554227640936,0.0637815934360033,0.133433283358321,0.0753548333871067,0.06041356096137,0.060174509293177,0.0794214021572608,0.0718545203466027,0.075688402454634,0.075335270795065,0.496251874062969,0.064019894156419,0.191904047976012,0.064554813428045,0.238380809595202,0.27936031984008,0.339330334832584,0.0624525481659345,0.222888555722139,0.0684552201207076,0.0718067930169882,0.471764117941029,0.372313843078461,0.0736116689396768,0.157421289355322,0.0700976287580201,0.101449275362319
"CD55-8",0.683158420789605,0.465767116441779,0.624187906046976,0.667166416791604,0.334332833583208,0.224387806096952,0.808595702148926,0.649675162418791,0.47776111944028,0.744627686156922,0.447776111944028,0.589705147426287,0.331334332833583,0.611694152923538,0.772113943028486,0.493253373313343,0.617191404297851,0.341829085457271,0.696651674162919,0.411294352823588,0.118940529735132,0.578710644677661,0.862568715642179,0.24287856071964,0.0634505358200779,0.703148425787106,0.541229385307346,0.425787106446777,0.422788605697151,0.661169415292354,0.661169415292354,0.56271864067966,0.294852573713143,0.640179910044978,0.350824587706147,0.527236381809095,0.545227386306847,0.620189905047476,0.172913543228386,0.71664167916042,0.505747126436782,0.3968015992004,0.592203898050975,0.824587706146927,0.794602698650675,0.604197901049475,0.555722138930535,0.419290354822589,0.0869663913774614,0.543228385807096
"CD55-9",0.621689155422289,0.0602293992227785,0.0610584440506478,0.702148925537231,0.649675162418791,0.516741629185407,0.257371314342829,0.55272363818091,0.420789605197401,0.735132433783108,0.831584207896052,0.0614701308366188,0.372313843078461,0.101283041821951,0.549225387306347,0.372813593203398,0.079456726607375,0.627686156921539,0.0869579557471416,0.145427286356822,0.0983970825213169,0.753623188405797,0.660669665167416,0.628185907046477,0.386306846576712,0.0641572719876389,0.196901549225387,0.360819590204898,0.585207396301849,0.0654564188355879,0.679160419790105,0.575712143928036,0.721639180409795,0.458770614692654,0.0637621742619873,0.541729135432284,0.388805597201399,0.411294352823588,0.256371814092954,0.962518740629685,0.562218890554723,0.32183908045977,0.240379810094953,0.346326836581709,0.683158420789605,0.459770114942529,0.52223888055972,0.787606196901549,0.259370314842579,0.256871564217891
"CD55-10",1,1,1,1,1,1,1,1,1,1,1,1,1,1,1,1,1,1,1,1,1,1,1,1,1,1,1,1,1,1,1,1,1,1,1,1,1,1,1,1,1,1,1,1,1,1,1,1,1,1
