"","HALLMARK_TNFA_SIGNALING_VIA_NFKB","HALLMARK_HYPOXIA","HALLMARK_G2M_CHECKPOINT","HALLMARK_ADIPOGENESIS","HALLMARK_ESTROGEN_RESPONSE_EARLY","HALLMARK_ESTROGEN_RESPONSE_LATE","HALLMARK_MYOGENESIS","HALLMARK_INTERFERON_GAMMA_RESPONSE","HALLMARK_APICAL_JUNCTION","HALLMARK_COMPLEMENT","HALLMARK_MTORC1_SIGNALING","HALLMARK_E2F_TARGETS","HALLMARK_MYC_TARGETS_V1","HALLMARK_EPITHELIAL_MESENCHYMAL_TRANSITION","HALLMARK_INFLAMMATORY_RESPONSE","HALLMARK_XENOBIOTIC_METABOLISM","HALLMARK_OXIDATIVE_PHOSPHORYLATION","HALLMARK_GLYCOLYSIS","HALLMARK_P53_PATHWAY","HALLMARK_HEME_METABOLISM","HALLMARK_ALLOGRAFT_REJECTION","HALLMARK_KRAS_SIGNALING_UP","HALLMARK_KRAS_SIGNALING_DN","HALLMARK_MITOTIC_SPINDLE","HALLMARK_IL2_STAT5_SIGNALING","HALLMARK_APOPTOSIS","HALLMARK_FATTY_ACID_METABOLISM","HALLMARK_UV_RESPONSE_UP","HALLMARK_DNA_REPAIR","HALLMARK_UV_RESPONSE_DN","HALLMARK_COAGULATION","HALLMARK_SPERMATOGENESIS","HALLMARK_UNFOLDED_PROTEIN_RESPONSE","HALLMARK_BILE_ACID_METABOLISM","HALLMARK_PI3K_AKT_MTOR_SIGNALING","HALLMARK_PEROXISOME","HALLMARK_ANDROGEN_RESPONSE","HALLMARK_INTERFERON_ALPHA_RESPONSE","HALLMARK_PROTEIN_SECRETION","HALLMARK_IL6_JAK_STAT3_SIGNALING","HALLMARK_CHOLESTEROL_HOMEOSTASIS","HALLMARK_MYC_TARGETS_V2","HALLMARK_TGF_BETA_SIGNALING","HALLMARK_REACTIVE_OXYGEN_SPECIES_PATHWAY","HALLMARK_APICAL_SURFACE","HALLMARK_WNT_BETA_CATENIN_SIGNALING","HALLMARK_PANCREAS_BETA_CELLS","HALLMARK_HEDGEHOG_SIGNALING","HALLMARK_ANGIOGENESIS","HALLMARK_NOTCH_SIGNALING"
"SNP-1_1",0.809595202398801,0.247376311844078,0.336831584207896,0.133933033483258,0.525737131434283,0.538230884557721,0.226886556721639,0.677661169415292,0.269365317341329,0.138930534732634,0.567216391804098,0.39880059970015,0.471264367816092,0.88255872063968,0.879060469765117,0.549725137431284,0.168415792103948,0.261869065467266,0.701649175412294,0.279860069965017,0.753623188405797,0.324837581209395,0.0215515252942938,0.393803098450775,0.399300349825087,0.710644677661169,0.564217891054473,0.212893553223388,0.528235882058971,0.644677661169415,0.0596266011336966,0.600199900049975,0.301349325337331,0.628185907046477,0.419790104947526,0.532233883058471,0.463268365817091,0.697651174412794,0.426286856571714,0.540229885057471,0.0273965998230755,0.305847076461769,0.225887056471764,0.858570714642679,0.769115442278861,0.0449978003597979,0.113943028485757,0.333333333333333,0.418290854572714,0.518740629685157
"SNP-1_2",0.607196401799101,0.0583706899650311,0.293853073463268,0.147426286856572,0.319340329835082,0.450274862568716,0.263368315842079,0.111944027986007,0.505247376311844,0.262368815592204,0.189905047476262,0.0696141212637504,0.680659670164918,0.162418790604698,0.441779110444778,0.283858070964518,0.329835082458771,0.125937031484258,0.445777111444278,0.233383308345827,0.626186906546727,0.334332833583208,0.418790604697651,0.308845577211394,0.521739130434783,0.0681159171743206,0.251874062968516,0.110444777611194,0.199900049975012,0.0538607802073386,0.334832583708146,0.729635182408796,0.0698014209444224,0.265367316341829,0.0410003385543597,0.171414292853573,0.613693153423288,0.0381705122912376,0.0628813435410654,0.278860569715142,0.719640179910045,0.174412793603198,0.412293853073463,0.567716141929036,0.747126436781609,0.770614692653673,0.351824087956022,0.0661118973809703,0.312343828085957,0.436781609195402
"SNP-2_1",0.359320339830085,0.538730634682659,0.607696151924038,0.261869065467266,0.743628185907046,0.484757621189405,0.254872563718141,0.228385807096452,0.0666239931266075,0.0231119436089943,0.176411794102949,0.526736631684158,0.427286356821589,0.0238504578398134,0.28535732133933,0.886056971514243,0.39880059970015,0.273863068465767,0.191904047976012,0.254372813593203,0.189905047476262,0.114942528735632,0.629685157421289,0.272363818090955,0.546726636681659,0.310844577711144,0.369315342328836,0.0439662510128913,0.249875062468766,0.859070464767616,0.294352823588206,0.236381809095452,0.834582708645677,0.218890554722639,0.516741629185407,0.253373313343328,0.252873563218391,0.382308845577211,0.0453011907959864,0.00383353283499788,0.358820589705147,0.0361997645290569,0.443778110944528,0.257871064467766,0.955022488755622,0.219390304847576,0.186406796601699,0.916041979010495,0.214392803598201,0.32783608195902
"SNP-2_2",0.343828085957021,0.380309845077461,0.506746626686657,0.230384807596202,0.679160419790105,0.48175912043978,0.768615692153923,0.285857071464268,0.487256371814093,0.351324337831084,0.264367816091954,0.534232883558221,0.679160419790105,0.648175912043978,0.458770614692654,0.88655672163918,0.149425287356322,0.55472263868066,0.488755622188906,0.609695152423788,0.440279860069965,0.1944027986007,0.0162189782702753,0.624187906046976,0.705647176411794,0.706646676661669,0.700649675162419,0.382308845577211,0.1984007996002,0.665167416291854,0.662668665667166,0.63768115942029,0.302848575712144,0.948525737131434,0.890554722638681,0.519740129935032,0.83208395802099,0.124937531234383,0.111444277861069,0.421289355322339,0.930534732633683,0.665667166416792,0.164417791104448,0.627186406796602,0.231384307846077,0.195902048975512,0.195402298850575,0.253373313343328,0.573213393303348,0.410794602698651
"SNP-3_1",0.576211894052973,0.120939530234883,0.343328335832084,0.225887056471764,0.602698650674663,0.667666166916542,0.614192903548226,0.749125437281359,0.27536231884058,0.35632183908046,0.15192403798101,0.234382808595702,0.371814092953523,0.744627686156922,0.523238380809595,0.785607196401799,0.343828085957021,0.0261898927976243,0.366816591704148,0.663168415792104,0.290354822588706,0.888555722138931,0.381809095452274,0.263868065967017,0.229385307346327,0.546226886556722,0.464767616191904,0.217391304347826,0.377311344327836,0.715142428785607,0.820589705147426,0.646676661669165,0.681659170414793,0.469765117441279,0.560219890054973,0.311344327836082,0.530734632683658,0.799100449775112,0.318340829585207,0.582208895552224,0.363818090954523,0.0718925962634229,0.738130934532734,0.462768615692154,0.372813593203398,0.389805097451274,0.783608195902049,0.76711644177911,0.478760619690155,0.591204397801099
"SNP-3_2",0.700149925037481,0.43528235882059,0.430284857571214,0.264367816091954,0.265367316341829,0.717141429285357,0.741629185407296,0.392303848075962,0.223388305847076,0.681659170414793,0.43328335832084,0.311344327836082,0.43528235882059,0.24687656171914,0.168915542228886,0.43928035982009,0.286856571714143,0.254372813593203,0.84607696151924,0.546726636681659,0.16791604197901,0.0717333870496297,0.384807596201899,0.645177411294353,0.401299350324838,0.353323338330835,0.444277861069465,0.469765117441279,0.0751394573222185,0.772113943028486,0.721139430284858,0.213893053473263,0.382308845577211,0.264867566216892,0.551724137931034,0.151424287856072,0.618690654672664,0.36431784107946,0.177411294352824,0.35832083958021,0.211394302848576,0.411794102948526,0.848575712143928,0.372813593203398,0.210394802598701,0.0585256346213211,0.678660669665167,0.999000499750125,0.1984007996002,0.508745627186407
"SNP-4_1",0.650174912543728,0.230384807596202,0.175412293853073,0.0120787992476938,0.16591704147926,0.276861569215392,0.125937031484258,0.600699650174913,0.295352323838081,0.43728135932034,0.36231884057971,0.0611867630693613,0.178910544727636,0.838580709645177,0.651674162918541,0.305847076461769,0.0661186999722081,0.283858070964518,0.722138930534733,0.154422788605697,0.193403298350825,0.345827086456772,0.0011867788119645,0.144427786106947,0.168415792103948,0.543728135932034,0.245877061469265,0.0189859702445494,0.381309345327336,0.569215392303848,0.348825587206397,0.344827586206897,0.322338830584708,0.648175912043978,0.587706146926537,0.368315842078961,0.474762618690655,0.411794102948526,0.240379810094953,0.2023988005997,0.100449775112444,0.292353823088456,0.32783608195902,0.365317341329335,0.149425287356322,0.0274476326023129,0.619190404797601,0.766616691654173,0.213893053473263,0.324837581209395
"SNP-4_2",0.610694652673663,0.340829585207396,0.0761523409708527,0.138930534732634,0.334832583708146,0.390304847576212,0.433783108445777,0.259870064967516,0.0317115109652905,0.114442778610695,0.164417791104448,0.0794529942159076,0.228885557221389,0.158920539730135,0.183408295852074,0.787106446776612,0.0728764345420796,0.411794102948526,0.20439780109945,0.228885557221389,0.12143928035982,0.252373813093453,0.00795535121143609,0.176411794102949,0.114442778610695,0.340829585207396,0.409295352323838,0.00689519878702183,0.426786606696652,0.3968015992004,0.159420289855072,0.304347826086957,0.183908045977011,0.579710144927536,0.444277861069465,0.642678660669665,0.250874562718641,0.0664953711059495,0.133433283358321,0.879560219890055,0.0635400375941914,0.39880059970015,0.112943528235882,0.711644177911045,0.374812593703148,0.153423288355822,0.777611194402799,0.963018490754623,0.126436781609195,0.549225387306347
"SNP-5_1",0.594702648675662,0.682658670664668,0.493753123438281,0.27936031984008,0.305847076461769,0.103948025987006,0.654172913543228,0.76311844077961,0.373813093453273,0.679160419790105,0.320339830084958,0.485257371314343,0.310844577711144,0.551724137931034,0.706146926536732,0.489755122438781,0.449775112443778,0.500249875062469,0.632683658170915,0.401299350324838,0.474262868565717,0.843578210894553,0.128935532233883,0.461769115442279,0.681159420289855,0.811094452773613,0.758620689655172,0.0730110601724617,0.313343328335832,0.491754122938531,0.5992003998001,0.620189905047476,0.418790604697651,0.851574212893553,0.485257371314343,0.464767616191904,0.683658170914543,0.531234382808596,0.505247376311844,0.958020989505247,0.152423788105947,0.391804097951024,0.190904547726137,0.890554722638681,0.419790104947526,0.43928035982009,0.132433783108446,0.948525737131434,0.348825587206397,0.562218890554723
"SNP-5_2",0.163418290854573,0.039776000861883,0.339330334832584,0.0706494828319684,0.449275362318841,0.255872063968016,0.274862568715642,0.0452147233105837,0.0290628162540146,0.0426121902550509,0.0156549750742745,0.27736131934033,0.0807615372586021,0.5992003998001,0.473263368315842,0.43928035982009,0.167416291854073,0.0184338239117374,0.400299850074962,0.145427286356822,0.138930534732634,0.399300349825087,0.378310844577711,0.0477317091294979,0.11944027986007,0.425787106446777,0.0633600091882419,0.39480259870065,0.261869065467266,0.235382308845577,0.48175912043978,0.329335332333833,0.486756621689155,0.0112817216233433,0.148925537231384,0.0223407119735076,0.370314842578711,0.156421789105447,0.407796101949025,0.016484285540011,0.171414292853573,0.0176817112315564,0.248875562218891,0.565217391304348,0.665667166416792,0.702148925537231,0.317341329335332,0.196901549225387,0.15792103948026,0.457771114442779
"SNP-6_1",0.00449968734298667,0.0210545096027412,0.0251240809393499,0.0369082692944005,0.0395196642004485,0.00384341026143464,0.00383184343985743,0.00170661105198233,0.00195210776218191,1.29609406282054e-05,0.00534486034888615,0.0143188173125391,0.00017187296406537,0.168415792103948,0.0103944419696104,0.0147647782079914,0.0178356628586877,0.00416989772386889,0.017554983130467,0.0730787562943083,0.00138733467415386,0.0448443894009786,0.156421789105447,9.70409316125576e-07,0.0379250199401541,0.00457871114911967,0.171914042978511,0.00436524137318043,0.0530792059920921,0.0358693924585557,1.30398578046531e-07,0.128435782108946,0.000996155768562046,3.03880481888896e-08,0.000264012136808654,0.000935804125458706,1.55128769829815e-08,0.232383808095952,0.000581182778084721,0.895052473763118,0.0277561271708407,0.0152057472376522,0.0130380638070422,0.0322376627120484,0.675162418790605,0.0674557982333266,0.416291854072964,0.677661169415292,0.000588993643868996,0.0148309446161334
"SNP-6_2",0.443778110944528,0.515742128935532,0.640679660169915,0.425287356321839,0.423288355822089,0.72863568215892,0.887056471764118,0.79560219890055,0.438780609695152,0.807096451774113,0.68415792103948,0.428285857071464,0.409795102448776,0.655672163918041,0.617691154422789,0.542228885557221,0.249875062468766,0.213393303348326,0.470764617691154,0.335832083958021,0.533233383308346,0.575212393803098,0.0599905690031308,0.614192903548226,0.569215392303848,0.423288355822089,0.654172913543228,0.682658670664668,0.368815592203898,0.655172413793103,0.205397301349325,0.518740629685157,0.590204897551224,0.176911544227886,0.859570214892554,0.455272363818091,0.675162418790605,0.88055972013993,0.914042978510745,0.821089455272364,0.330834582708646,0.654172913543228,0.668165917041479,0.131434282858571,0.511244377811094,0.313343328335832,0.0668708781154357,0.874062968515742,0.206896551724138,0.552223888055972
"SNP-7_1",0.146426786606697,0.542728635682159,0.299350324837581,0.486256871564218,0.579710144927536,0.503248375812094,0.156921539230385,0.11744127936032,0.291354322838581,0.511244377811094,0.265367316341829,0.47376311844078,0.308845577211394,0.0172396829564485,0.103448275862069,0.502248875562219,0.494252873563218,0.687656171914043,0.205897051474263,0.597701149425287,0.148425787106447,0.276861569215392,0.363818090954523,0.569215392303848,0.295852073963018,0.428785607196402,0.15992003998001,0.479260369815092,0.468265867066467,0.679660169915043,0.243878060969515,0.342328835582209,0.775112443778111,0.23288355822089,0.432283858070965,0.315342328835582,0.325337331334333,0.555222388805597,0.608195902048976,0.109945027486257,0.591204397801099,0.305347326336832,0.247876061969015,0.253373313343328,0.926536731634183,0.505247376311844,0.373313343328336,0.427286356821589,0.122438780609695,0.32783608195902
"SNP-7_2",0.687156421789105,0.727136431784108,0.308345827086457,0.306846576711644,0.593703148425787,0.471764117941029,0.563718140929535,0.437781109445277,0.55872063968016,0.553723138430785,0.473263368315842,0.447776111944028,0.31584207896052,0.429285357321339,0.420289855072464,0.568215892053973,0.259870064967516,0.423788105947026,0.599700149925038,0.103448275862069,0.369815092453773,0.709645177411294,0.297851074462769,0.394302848575712,0.318840579710145,0.599700149925038,0.678660669665167,0.665667166416792,0.461269365317341,0.668165917041479,0.52623688155922,0.754122938530735,0.830584707646177,0.588705647176412,0.450274862568716,0.48575712143928,0.565217391304348,0.612193903048476,0.0428757304968435,0.183408295852074,0.866566716641679,0.717641179410295,0.911044477761119,0.0571209633388904,0.988005997001499,0.264367816091954,0.528235882058971,0.817591204397801,0.461269365317341,0.716141929035482
"SNP-8_1",0.701149425287356,0.652673663168416,0.361819090454773,0.809595202398801,0.596201899050475,0.470764617691154,0.056797180535339,0.800099950024987,0.24687656171914,0.355822088955522,0.478260869565217,0.405297351324338,0.493253373313343,0.510744627686157,0.48175912043978,0.381309345327336,0.467266366816592,0.412793603198401,0.0702469752037276,0.367816091954023,0.44527736131934,0.28735632183908,0.276361819090455,0.434282858570715,0.727136431784108,0.714142928535732,0.324337831084458,0.460269865067466,0.304347826086957,0.691154422788606,0.468265867066467,0.666666666666667,0.541729135432284,0.32383808095952,0.257871064467766,0.0838483117186983,0.825587206396802,0.662668665667166,0.531734132933533,0.244377811094453,0.76111944027986,0.478760619690155,0.290854572713643,0.0240956672217857,0.841079460269865,0.484257871064468,0.395302348825587,0.770614692653673,0.316841579210395,0.147926036981509
"SNP-8_2",0.744627686156922,0.412793603198401,0.186406796601699,0.495252373813093,0.608195902048976,0.0376957116442262,0.0270121170191278,0.723138430784608,0.870564717641179,0.281859070464768,0.248375812093953,0.872063968015992,0.0241517637891026,0.0115189213215695,0.0764710508652769,0.774612693653173,0.600699650174913,0.218390804597701,0.546226886556722,0.672663668165917,0.36231884057971,0.647176411794103,0.0451891678162435,0.976011994002999,0.60119940029985,0.816091954022989,0.71864067966017,0.060397619157328,0.67616191904048,0.852573713143428,0.715142428785607,0.134932533733133,0.40679660169915,0.330834582708646,0.0697204268451836,0.504747626186906,0.157421289355322,0.624687656171914,0.491254372813593,0.87456271864068,0.908045977011494,0.825587206396802,0.941529235382309,0.374812593703148,0.0404775361551689,0.417291354322839,0.924537731134433,0.579710144927536,0.045846966962625,0.19240379810095
"SNP-9_1",0.536731634182909,0.329335332333833,0.696151924037981,0.521239380309845,0.52623688155922,0.194902548725637,0.201899050474763,0.411294352823588,0.261869065467266,0.627186406796602,0.269865067466267,0.671164417791104,0.671664167916042,0.278860569715142,0.482258870564718,0.907046476761619,0.350324837581209,0.284857571214393,0.444277861069465,0.276861569215392,0.363318340829585,0.217391304347826,0.422788605697151,0.460769615192404,0.463768115942029,0.454772613693153,0.608195902048976,0.259370314842579,0.322838580709645,0.788105947026487,0.632683658170915,0.296351824087956,0.311844077961019,0.416291854072964,0.23288355822089,0.521739130434783,0.634682658670665,0.417291354322839,0.493753123438281,0.560219890054973,0.395802098950525,0.211894052973513,0.630184907546227,0.882058970514743,0.0595101313044152,0.540729635182409,0.603698150924538,0.571214392803598,0.698150924537731,0.772113943028486
"SNP-9_2",0.505747126436782,0.212393803098451,0.0625985269783881,0.0663685030213798,0.129935032483758,0.0412032092324182,0.524737631184408,0.949525237381309,0.229385307346327,0.198900549725137,0.293853073463268,0.0405085694850414,0.0242207574715055,0.425287356321839,0.771614192903548,0.48575712143928,0.065401817231824,0.446276861569215,0.173913043478261,0.35432283858071,0.11544227886057,0.152423788105947,0.309345327336332,0.554222888555722,0.653673163418291,0.122438780609695,0.246376811594203,0.154922538730635,0.230884557721139,0.182908545727136,0.208395802098951,0.0744018043882456,0.274862568715642,0.294352823588206,0.138430784607696,0.32383808095952,0.818590704647676,0.712143928035982,0.269365317341329,0.011874346747709,0.444777611194403,0.817591204397801,0.28535732133933,0.0034261139756081,0.3928035982009,0.572713643178411,0.462768615692154,0.1984007996002,0.329335332333833,0.0311805376970005
"SNP-10_1",0.0648498439526255,0.167416291854073,0.514742628685657,0.51424287856072,0.770614692653673,0.710144927536232,0.55672163918041,0.238380809595202,0.373813093453273,0.478760619690155,0.244377811094453,0.209895052473763,0.182908545727136,0.489755122438781,0.15992003998001,0.509245377311344,0.417791104447776,0.330334832583708,0.149425287356322,0.625687156421789,0.205397301349325,0.206896551724138,0.653173413293353,0.505747126436782,0.116941529235382,0.717641179410295,0.466266866566717,0.519740129935032,0.250374812593703,0.675662168915542,0.529235382308846,0.68215892053973,0.749125437281359,0.833583208395802,0.732633683158421,0.535732133933034,0.407296351824088,0.638680659670165,0.381309345327336,0.235882058970515,0.658170914542729,0.139430284857571,0.0227540850420287,0.52423788105947,0.218390804597701,0.752623688155922,0.640679660169915,0.28535732133933,0.52623688155922,0.147426286856572
"SNP-10_2",0.720139930034983,0.490754622688656,0.482758620689655,0.189905047476262,0.535232383808096,0.490754622688656,0.465767116441779,0.462268865567216,0.431784107946027,0.767616191904048,0.708645677161419,0.486256871564218,0.318840579710145,0.63968015992004,0.659670164917541,0.829585207396302,0.129935032483758,0.320339830084958,0.414792603698151,0.367816091954023,0.594202898550725,0.865567216391804,0.574212893553223,0.637181409295352,0.731634182908546,0.733133433283358,0.338330834582709,0.688655672163918,0.474262868565717,0.769615192403798,0.937531234382809,0.576211894052973,0.547726136931534,0.575712143928036,0.537731134432784,0.641179410294853,0.703148425787106,0.558220889555222,0.594202898550725,0.0766369681635953,0.346326836581709,0.741129435282359,0.563218390804598,0.185407296351824,0.5992003998001,0.965017491254373,0.244377811094453,0.439780109945027,0.183408295852074,0.984507746126936
"SNP-11_1",0.737131434282859,0.442278860569715,0.44127936031984,0.579210394802599,0.64767616191904,0.534732633683158,0.487756121939031,0.64767616191904,0.634182908545727,0.361319340329835,0.535232383808096,0.359320339830085,0.0301620664183023,0.311844077961019,0.587206396801599,0.304847576211894,0.558220889555222,0.499250374812594,0.709145427286357,0.752123938030985,0.357821089455272,0.706146926536732,0.255372313843078,0.417291354322839,0.731134432783608,0.651674162918541,0.452273863068466,0.701649175412294,0.460769615192404,0.389805097451274,0.181909045477261,0.885557221389305,0.732633683158421,0.262868565717141,0.521739130434783,0.264367816091954,0.395302348825587,0.694652673663168,0.205897051474263,0.440779610194903,0.300349825087456,0.0282229704387699,0.40279860069965,0.340829585207396,0.174912543728136,0.796601699150425,0.372313843078461,0.982508745627186,0.218390804597701,0.55472263868066
"SNP-11_2",0.307346326836582,0.607196401799101,0.64567716141929,0.429285357321339,0.611194402798601,0.397801099450275,0.306846576711644,0.549225387306347,0.505747126436782,0.572713643178411,0.36431784107946,0.501249375312344,0.311344327836082,0.726136931534233,0.248375812093953,0.392303848075962,0.60519740129935,0.609195402298851,0.92503748125937,0.452773613193403,0.667166416791604,0.309345327336332,0.96751624187906,0.281859070464768,0.180909545227386,0.488255872063968,0.444277861069465,0.5992003998001,0.32183908045977,0.0682669808818316,0.0553685313049456,0.466766616691654,0.386806596701649,0.337331334332834,0.450274862568716,0.35832083958021,0.101449275362319,0.800099950024987,0.750124937531234,0.87856071964018,0.226386806596702,0.678660669665167,0.776111944027986,0.43528235882059,0.733633183408296,0.451274362818591,0.583708145927036,0.134432783608196,0.253373313343328,0.0368516810847416
"SNP-12_1",0.0458946810188674,0.338330834582709,0.213393303348326,0.314842578710645,0.0195984701560414,0.186906546726637,0.56671664167916,0.252373813093453,0.36031984007996,0.154422788605697,0.433783108445777,0.071303587751876,0.242378810594703,0.349325337331334,0.00992288664883212,0.32583708145927,0.0421335337633429,0.409295352323838,0.541229385307346,0.507246376811594,0.223388305847076,0.699150424787606,0.199400299850075,0.397301349325337,0.231884057971014,0.567716141929036,0.0451499393550867,0.130934532733633,0.0502507245033934,0.162418790604698,0.355322338830585,0.680659670164918,0.457271364317841,0.778110944527736,0.583208395802099,0.67616191904048,0.0428222324405645,0.181409295352324,0.00650654467551626,0.48175912043978,0.0373151081062758,0.0194858516433679,0.135432283858071,0.355322338830585,0.889555222388806,0.192903548225887,1.05958196477001e-07,0.792603698150925,0.0032779731289061,0.51624187906047
"SNP-12_2",0.528235882058971,0.15792103948026,0.260369815092454,0.587206396801599,0.573213393303348,0.532233883058471,0.717641179410295,0.567216391804098,0.395802098950525,0.0277433890524216,0.350324837581209,0.434782608695652,0.292353823088456,0.156921539230385,0.414292853573213,0.828585707146427,0.620689655172414,0.380809595202399,0.541729135432284,0.39480259870065,0.444277861069465,0.127936031984008,0.609195402298851,0.586206896551724,0.154922538730635,0.321339330334833,0.559720139930035,0.575712143928036,0.440279860069965,0.769615192403798,0.0360420432931604,0.295352323838081,0.662668665667166,0.808595702148926,0.617191404297851,0.662668665667166,0.63768115942029,0.581709145427286,0.494252873563218,0.96151924037981,0.460769615192404,0.144427786106947,0.110444777611194,0.40279860069965,0.344827586206897,0.341329335332334,0.149925037481259,0.902548725637181,0.250374812593703,0.421289355322339
"SNP-13_1",0.441779110444778,0.708645677161419,0.497251374312844,0.181409295352324,0.266866566716642,0.23288355822089,0.0389237748107498,0.735132433783108,0.0251710397762298,0.249375312343828,0.369315342328836,0.434782608695652,0.357321339330335,0.0114357667226885,0.632183908045977,0.225387306346827,0.388305847076462,0.353323338330835,0.426786606696652,0.288855572213893,0.813093453273363,0.221389305347326,0.399300349825087,0.303848075962019,0.197401299350325,0.684657671164418,0.681659170414793,0.299850074962519,0.621189405297351,0.134932533733133,0.136931534232884,0.11344327836082,0.397301349325337,0.324337831084458,0.524737631184408,0.247876061969015,0.116441779110445,0.768615692153923,0.309845077461269,0.527236381809095,0.468765617191404,0.395302348825587,0.648675662168916,0.410794602698651,0.270864567716142,0.632683658170915,0.137931034482759,0.138430784607696,0.547226386806597,0.390804597701149
"SNP-13_2",0.47976011994003,0.299850074962519,0.365317341329335,0.164417791104448,0.523238380809595,0.368815592203898,0.580709645177411,0.782108945527236,0.132433783108446,0.183908045977011,0.435782108945527,0.351324337831084,0.343828085957021,0.496251874062969,0.253373313343328,0.199900049975012,0.176911544227886,0.255372313843078,0.644177911044478,0.143928035982009,0.530234882558721,0.495752123938031,0.0646445493528141,0.210894552723638,0.504747626186906,0.353823088455772,0.375312343828086,0.112443778110945,0.250874562718641,0.237881059470265,0.221389305347326,0.468765617191404,0.384807596201899,0.769615192403798,0.252873563218391,0.430284857571214,0.4047976011994,0.582208895552224,0.533233383308346,0.587206396801599,0.537731134432784,0.715142428785607,0.215392303848076,0.148425787106447,0.152923538230885,0.719640179910045,0.383808095952024,0.253373313343328,0.00933941493340118,0.314342828585707
"SNP-14_1",0.265867066466767,0.505247376311844,0.269865067466267,0.561219390304848,0.372813593203398,0.104447776111944,0.125937031484258,0.610194902548726,0.470264867566217,0.368315842078961,0.84007996001999,0.482758620689655,0.36631684157921,0.382808595702149,0.599700149925038,0.707146426786607,0.747126436781609,0.367816091954023,0.43328335832084,0.144427786106947,0.135432283858071,0.589205397301349,0.302348825587206,0.176411794102949,0.198900549725137,0.656171914042978,0.574712643678161,0.236381809095452,0.0633286479640162,0.455772113943028,0.394302848575712,0.624187906046976,0.625687156421789,0.43328335832084,0.712143928035982,0.245877061469265,0.145927036481759,0.622688655672164,0.724137931034483,0.773113443278361,0.760619690154923,0.676661669165417,0.653173413293353,0.0264103503904372,0.148925537231384,0.668165917041479,0.968015992003998,0.0193056750859621,0.220889555222389,0.836581709145427
"SNP-14_2",0.96151924037981,0.771114442778611,0.869565217391304,0.0287560982720546,0.27336331834083,0.0703615598614721,0.591704147926037,0.56271864067966,0.498250874562719,0.903048475762119,0.0206784516368326,0.721639180409795,0.190904547726137,0.713643178410795,0.785607196401799,0.808095952023988,0.602198900549725,0.297851074462769,0.80759620189905,0.648175912043978,0.64567716141929,0.653673163418291,0.571214392803598,0.610694652673663,0.705147426286857,0.922538730634683,0.0619819964281927,0.912543728135932,0.805097451274363,0.0843384193870638,0.702648675662169,0.961019490254873,0.136431784107946,0.632183908045977,0.548725637181409,0.100949525237381,0.826586706646677,0.837081459270365,0.653673163418291,0.865567216391804,0.694152923538231,0.658170914542729,0.129435282358821,0.575712143928036,0.474762618690655,0.853573213393303,0.00304422495514534,0.218390804597701,0.656171914042978,0.945527236381809
"SNP-15_1",0.395802098950525,0.135932033983008,0.494252873563218,0.16791604197901,0.230884557721139,0.561719140429785,0.108445777111444,0.306846576711644,0.282858570714643,0.114442778610695,0.0417606817086492,0.19240379810095,0.0636782897342639,0.0190569374635091,0.258870564717641,0.71864067966017,0.139430284857571,0.0539705645939146,0.232383808095952,0.408295852073963,0.31384307846077,0.827586206896552,0.0118671687054524,0.123938030984508,0.0428096293530729,0.0173433891034891,0.108945527236382,0.195402298850575,0.304347826086957,0.508745627186407,0.182908545727136,0.199900049975012,0.0634405313799006,0.798100949525237,0.00852748407695836,0.586206896551724,0.0359090072002232,0.510744627686157,0.245877061469265,0.854572713643178,0.071328868064251,0.0269669655893933,0.462768615692154,0.604197901049475,0.3968015992004,0.341829085457271,0.112943528235882,0.276861569215392,0.418790604697651,0.588705647176412
"SNP-15_2",0.321339330334833,0.249375312343828,0.461769115442279,0.354822588705647,0.193903048475762,0.428285857071464,0.520739630184908,0.177411294352824,0.393803098450775,0.193403298350825,0.300849575212394,0.302848575712144,0.341829085457271,0.383808095952024,0.140929535232384,0.515242378810595,0.169915042478761,0.133933033483258,0.63968015992004,0.141929035482259,0.547226386806597,0.83808095952024,0.27936031984008,0.367316341829085,0.342828585707146,0.822588705647176,0.017348774641618,0.412793603198401,0.436781609195402,0.584707646176912,0.28135932033983,0.744627686156922,0.519740129935032,0.537731134432784,0.282358820589705,0.554222888555722,0.220389805097451,0.066993915365241,0.221889055472264,0.866566716641679,0.244377811094453,0.182908545727136,0.330834582708646,0.279860069965017,0.0639291823738928,0.603698150924538,0.451774112943528,0.0447717714988944,0.579210394802599,0.576711644177911
"SNP-16_1",0.413793103448276,0.553223388305847,0.408795602198901,0.521239380309845,0.510744627686157,0.546726636681659,0.786606696651674,0.63368315842079,0.330834582708646,0.411294352823588,0.612193903048476,0.341329335332334,0.536731634182909,0.550224887556222,0.187906046976512,0.518740629685157,0.133433283358321,0.160419790104948,0.420289855072464,0.377311344327836,0.261869065467266,0.359320339830085,0.368315842078961,0.581709145427286,0.391304347826087,0.598700649675162,0.363318340829585,0.470264867566217,0.192903548225887,0.738130934532734,0.854072963518241,0.454772613693153,0.527736131934033,0.72063968015992,0.447776111944028,0.542728635682159,0.680659670164918,0.815092453773113,0.503248375812094,0.219890054972514,0.263868065967017,0.407296351824088,0.596201899050475,0.507746126936532,0.501249375312344,0.860069965017491,0.819090454772614,0.153423288355822,0.881559220389805,0.0562977557636904
"SNP-16_2",0.331334332833583,0.128435782108946,0.24087956021989,0.328835582208896,0.247876061969015,0.194902548725637,0.0195574973887156,0.355822088955522,0.043171792799752,0.267366316841579,0.189905047476262,0.215892053973014,0.265867066466767,0.0403081534506751,0.423788105947026,0.407796101949025,0.185407296351824,0.0432574778339496,0.148925537231384,0.0371611226274775,0.0354106097042913,0.0459668465021768,0.0150892909708599,0.00938177321151534,0.0334730264590782,0.226886556721639,0.452273863068466,0.218390804597701,0.333833083458271,0.395802098950525,0.423288355822089,0.300849575212394,0.289855072463768,0.726136931534233,0.299850074962519,0.349825087456272,0.182408795602199,0.242378810594703,0.604197901049475,0.00660510606071907,0.489755122438781,0.0351646863780309,0.168915542228886,0.0159557393158823,0.829085457271364,0.0286001864626714,0.36631684157921,0.499750124937531,0.51424287856072,0.446276861569215
"SNP-17_1",0.379810094952524,0.379310344827586,0.645177411294353,0.467766116941529,0.299850074962519,0.504247876061969,0.31784107946027,0.498250874562719,0.266366816591704,0.459270364817591,0.437781109445277,0.575212393803098,0.550724637681159,0.12343828085957,0.0503832437149007,0.370314842578711,0.312843578210895,0.485257371314343,0.349825087456272,0.56471764117941,0.295352323838081,0.738130934532734,0.731634182908546,0.214892553723138,0.259870064967516,0.15792103948026,0.415292353823088,0.509245377311344,0.267366316841579,0.610194902548726,0.438280859570215,0.256871564217891,0.530234882558721,0.725137431284358,0.408795602198901,0.732633683158421,0.381809095452274,0.876061969015492,0.153423288355822,0.752123938030985,0.390304847576212,0.102448775612194,0.314342828585707,0.31584207896052,0.502248875562219,0.146426786606697,0.276361819090455,0.828585707146427,0.403798100949525,0.470264867566217
"SNP-17_2",0.402298850574713,0.173413293353323,0.706646676661669,0.328335832083958,0.448775612193903,0.211894052973513,0.91304347826087,0.678660669665167,0.248875562218891,0.294352823588206,0.196901549225387,0.390304847576212,0.359320339830085,0.258870564717641,0.63368315842079,0.612693653173413,0.207396301849075,0.193403298350825,0.540729635182409,0.252373813093453,0.287856071964018,0.235882058970515,0.199900049975012,0.355822088955522,0.149425287356322,0.788605697151424,0.403798100949525,0.425787106446777,0.0429960276897263,0.563718140929535,0.329835082458771,0.180409795102449,0.449275362318841,0.628185907046477,0.582208895552224,0.417291354322839,0.338830584707646,0.560219890054973,0.2023988005997,0.626686656671664,0.36231884057971,0.0268497302887667,0.235382308845577,0.883058470764618,0.746126936531734,0.652673663168416,0.0707329921782495,0.863068465767116,0.160919540229885,0.558220889555222
"SNP-18_1",0.28335832083958,0.197401299350325,0.210894552723638,0.36631684157921,0.24287856071964,0.0493832600689526,0.0556474450226441,0.0738703614159387,0.395302348825587,0.165417291354323,0.40679660169915,0.228885557221389,0.395802098950525,0.64167916041979,0.186906546726637,0.274362818590705,0.582708645677161,0.185407296351824,0.597701149425287,0.430284857571214,0.139930034982509,0.72463768115942,0.376811594202899,0.436281859070465,0.529735132433783,0.231884057971014,0.407796101949025,0.0175142138279876,0.226886556721639,0.300849575212394,0.104447776111944,0.529735132433783,0.217391304347826,0.156921539230385,0.347826086956522,0.24487756121939,0.23688155922039,0.715642178910545,0.392303848075962,0.109945027486257,0.12343828085957,0.0458050199872151,0.216391804097951,0.00688381372835167,0.308345827086457,0.513243378310845,0.976011994002999,0.508245877061469,0.508245877061469,0.000651984349292256
"SNP-18_2",0.481259370314843,0.249375312343828,0.334832583708146,0.124437781109445,0.129935032483758,0.192903548225887,0.172913543228386,0.0438449811304805,0.252873563218391,0.546226886556722,0.440779610194903,0.27536231884058,0.332333833083458,0.620689655172414,0.28335832083958,0.331334332833583,0.267366316841579,0.169415292353823,0.395802098950525,0.122938530734633,0.324837581209395,0.427786106946527,0.596701649175412,0.0321115931787288,0.114942528735632,0.528235882058971,0.480759620189905,0.0587098413112686,0.0733216199133914,0.579210394802599,0.613193403298351,0.326836581709145,0.197401299350325,0.134432783608196,0.509745127436282,0.063671623919943,0.510244877561219,0.0591544525624927,0.580709645177411,0.413793103448276,0.610194902548726,0.198900549725137,0.201399300349825,0.511744127936032,0.232383808095952,0.252873563218391,0.136431784107946,0.454772613693153,0.15992003998001,0.816591704147926
"SNP-19_1",0.0286741496046828,0.122938530734633,0.546226886556722,0.63968015992004,0.216391804097951,0.257371314342829,0.448775612193903,0.866566716641679,0.287856071964018,0.11544227886057,0.191904047976012,0.584207896051974,0.654672663668166,0.293853073463268,0.562218890554723,0.43328335832084,0.542228885557221,0.142928535732134,0.896051974012994,0.705647176411794,0.628185907046477,0.177911044477761,0.698150924537731,0.71264367816092,0.7936031984008,0.0629717129434074,0.739130434782609,0.191404297851074,0.0402073623715955,0.521239380309845,0.741629185407296,0.548725637181409,0.499250374812594,0.146926536731634,0.0599442871604881,0.847576211894053,0.501249375312344,0.755622188905547,0.0726884913884865,0.188905547226387,0.133433283358321,0.281859070464768,0.0237427984691395,0.390804597701149,0.314842578710645,0.291854072963518,0.756621689155422,0.401299350324838,0.701649175412294,0.659170414792604
"SNP-19_2",0.52623688155922,0.676661669165417,0.619690154922539,0.517241379310345,0.529235382308846,0.631184407796102,0.253373313343328,0.635182408795602,0.446776611694153,0.32783608195902,0.644677661169415,0.724137931034483,0.266366816591704,0.420789605197401,0.408295852073963,0.781609195402299,0.544227886056971,0.406296851574213,0.453773113443278,0.468765617191404,0.464267866066967,0.470764617691154,0.281859070464768,0.394302848575712,0.637181409295352,0.667666166916542,0.512743628185907,0.274862568715642,0.474762618690655,0.259370314842579,0.587706146926537,0.434782608695652,0.525237381309345,0.84207896051974,0.224887556221889,0.657171414292854,0.63768115942029,0.687656171914043,0.530234882558721,0.663668165917041,0.586206896551724,0.656171914042978,0.102448775612194,0.942028985507246,0.865067466266867,0.408295852073963,0.195402298850575,0.642178910544728,0.312343828085957,0.249375312343828
"SNP-20_1",0.101949025487256,0.532733633183408,0.240379810094953,0.398300849575212,0.534232883558221,0.0248651711464569,0.630684657671164,0.0377398346081586,0.303848075962019,0.260369815092454,0.195902048975512,0.0704886122668994,0.509245377311344,0.240379810094953,0.126936531734133,0.517741129435282,0.185907046476762,0.215392303848076,0.459770114942529,0.16191904047976,0.416791604197901,0.372813593203398,0.624687656171914,0.491254372813593,0.753623188405797,0.27936031984008,0.417291354322839,0.226386806596702,0.208395802098951,0.701649175412294,0.384307846076962,0.456771614192904,0.668665667166417,0.351824087956022,0.580209895052474,0.270364817591204,0.432283858070965,0.0698182681555478,0.362818590704648,0.162918540729635,0.574212893553223,0.257871064467766,0.804597701149425,0.164417791104448,0.988505747126437,0.419290354822589,0.803098450774613,0.494252873563218,0.859570214892554,0.842578710644678
"SNP-20_2",0.812593703148426,0.387806096951524,0.601699150424788,0.259370314842579,0.446276861569215,0.185407296351824,0.431284357821089,0.223888055972014,0.44327836081959,0.700649675162419,0.442278860569715,0.189905047476262,0.59720139930035,0.744127936031984,0.519740129935032,0.281859070464768,0.265367316341829,0.440779610194903,0.526736631684158,0.652673663168416,0.369315342328836,0.294352823588206,0.0444721007657662,0.731634182908546,0.888055972013993,0.576711644177911,0.289855072463768,0.305847076461769,0.503248375812094,0.536731634182909,0.800599700149925,0.573713143428286,0.360819590204898,0.491254372813593,0.0793315863308588,0.590204897551224,0.717141429285357,0.0652815068181997,0.124937531234383,0.170414792603698,0.615192403798101,0.0166796005080638,0.629185407296352,0.669165417291354,0.576711644177911,0.23488255872064,0.566216891554223,0.873063468265867,0.355322338830585,0.617691154422789
"SNP-21_1",0.612693653173413,0.329835082458771,0.551224387806097,0.379310344827586,0.421789105447276,0.487756121939031,0.0819540643917349,0.164917541229385,0.522738630684658,0.0290359741217249,0.336831584207896,0.267366316841579,0.200899550224888,0.186906546726637,0.405297351324338,0.651174412793603,0.107446276861569,0.381309345327336,0.393803098450775,0.236381809095452,0.0191490598449011,0.227886056971514,0.601699150424788,0.165417291354323,0.325337331334333,0.413793103448276,0.1944027986007,0.405797101449275,0.242378810594703,0.456771614192904,0.0198262571704169,0.221889055472264,0.509245377311344,0.0686119408629835,0.339330334832584,0.187406296851574,0.961019490254873,0.685157421289355,0.203898050974513,0.00117172537833399,0.662668665667166,0.0274749042877226,0.0319363721584236,0.32383808095952,0.362818590704648,0.268865567216392,0.536731634182909,0.351824087956022,0.664667666166917,0.15792103948026
"SNP-21_2",0.814592703648176,0.420789605197401,0.589205397301349,0.644177911044478,0.112943528235882,0.0454177949427982,0.629185407296352,0.610194902548726,0.458270864567716,0.176911544227886,0.543728135932034,0.636681659170415,0.334332833583208,0.353323338330835,0.340329835082459,0.345327336331834,0.529235382308846,0.264867566216892,0.609695152423788,0.621689155422289,0.550224887556222,0.464767616191904,0.928535732133933,0.464267866066967,0.555222388805597,0.451774112943528,0.322338830584708,0.115942028985507,0.580209895052474,0.610694652673663,0.2023988005997,0.630184907546227,0.338830584707646,0.814592703648176,0.601699150424788,0.544227886056971,0.548725637181409,0.703648175912044,0.667166416791604,0.684657671164418,0.860569715142429,0.554222888555722,0.504747626186906,0.0447453736132432,0.659670164917541,0.954022988505747,0.449275362318841,0.648675662168916,0.83608195902049,0.278360819590205
"SNP-22_1",0.627686156921539,0.576211894052973,0.381309345327336,0.501749125437281,0.68015992003998,0.607196401799101,0.589705147426287,0.680659670164918,0.161419290354823,0.00542318203120129,0.356821589205397,0.426786606696652,0.419290354822589,0.36631684157921,0.268365817091454,0.545727136431784,0.424287856071964,0.338830584707646,0.631684157921039,0.112943528235882,0.551224387806097,0.318840579710145,0.257871064467766,0.560219890054973,0.507246376811594,0.495752123938031,0.754122938530735,0.614692653673163,0.285857071464268,0.339830084957521,0.363818090954523,0.739630184907546,0.318840579710145,0.471264367816092,0.267866066966517,0.533233383308346,0.407796101949025,0.498250874562719,0.264867566216892,0.218890554722639,0.612193903048476,0.064676236247448,0.205397301349325,0.209395302348826,0.823588205897052,0.460269865067466,0.897051474262869,0.781109445277361,0.622188905547226,0.648675662168916
"SNP-22_2",0.427286356821589,0.397801099450275,0.341829085457271,0.492753623188406,0.64367816091954,0.186906546726637,0.813093453273363,0.530234882558721,0.667166416791604,0.534732633683158,0.486756621689155,0.0744525973788066,0.06057646346891,0.15792103948026,0.621689155422289,0.277861069465267,0.629185407296352,0.220889555222389,0.291354322838581,0.385307346326837,0.716141929035482,0.457771114442779,0.692653673163418,0.654672663668166,0.472263868065967,0.610194902548726,0.732633683158421,0.5992003998001,0.445777111444278,0.751624187906047,0.444777611194403,0.377311344327836,0.274862568715642,0.632683658170915,0.627686156921539,0.685657171414293,0.553223388305847,0.452273863068466,0.743128435782109,0.472763618190905,0.229385307346327,0.542228885557221,0.172913543228386,0.423788105947026,0.281859070464768,0.0539353860758214,0.459770114942529,0.471764117941029,0.170914542728636,0.155422288855572
"SNP-23_1",0.165417291354323,0.39480259870065,0.24087956021989,0.325337331334333,0.104447776111944,0.3928035982009,0.476261869065467,0.0611942793275718,0.227386306846577,0.685657171414293,0.251374312843578,0.593703148425787,0.347826086956522,0.544727636181909,0.0193264331208782,0.138930534732634,0.357821089455272,0.497251374312844,0.67216391804098,0.44727636181909,0.388305847076462,0.792103948025987,0.0160163948058333,0.249875062468766,0.266866566716642,0.503748125937031,0.466266866566717,0.214892553723138,0.416291854072964,0.682658670664668,0.339830084957521,0.529735132433783,0.609695152423788,0.811594202898551,0.505747126436782,0.496751624187906,0.102948525737131,0.110444777611194,0.0661284791760404,0.177411294352824,0.0310194160043944,0.374812593703148,0.557721139430285,0.633183408295852,0.627686156921539,0.040450704351598,0.669665167416292,0.889555222388806,0.0443627071657461,0.723638180909545
"SNP-23_2",0.381309345327336,0.405297351324338,0.655672163918041,0.193403298350825,0.647176411794103,0.240379810094953,0.631684157921039,0.217391304347826,0.491254372813593,0.600699650174913,0.616691654172913,0.306846576711644,0.550724637681159,0.374812593703148,0.16391804097951,0.0710530799049787,0.337831084457771,0.444777611194403,0.495752123938031,0.623188405797101,0.116941529235382,0.573713143428286,0.340829585207396,0.198900549725137,0.427786106946527,0.317341329335332,0.249375312343828,0.469765117441279,0.32583708145927,0.259370314842579,0.636681659170415,0.387306346826587,0.278860569715142,0.138430784607696,0.315342328835582,0.207896051974013,0.628185907046477,0.334832583708146,0.55272363818091,0.109945027486257,0.053571184360051,0.357321339330335,0.0282481311882649,0.145927036481759,0.190404797601199,0.187906046976512,0.781609195402299,0.0442756472293692,0.76311844077961,0.377811094452774
"SNP-24_1",0.542728635682159,0.369815092453773,0.436781609195402,0.445777111444278,0.590204897551224,0.434282858570715,0.873563218390805,0.282858570714643,0.704147926036982,0.67616191904048,0.328835582208896,0.394302848575712,0.623188405797101,0.288355822088956,0.568715642178911,0.829085457271364,0.373813093453273,0.616191904047976,0.177911044477761,0.0653594221766836,0.387306346826587,0.0154322669073821,0.267366316841579,0.666166916541729,0.276861569215392,0.200899550224888,0.742628685657171,0.83808095952024,0.334332833583208,0.400299850074962,0.477261369315342,0.324337831084458,0.272863568215892,0.23488255872064,0.577711144427786,0.200899550224888,0.784107946026987,0.257371314342829,0.233383308345827,0.0429900952031892,0.87656171914043,0.458270864567716,0.617191404297851,0.518740629685157,0.726136931534233,0.0476434788947324,0.201399300349825,0.572713643178411,0.140429785107446,0.380309845077461
"SNP-24_2",0.0226927288995061,0.265867066466767,0.141429285357321,0.237881059470265,0.0388135715790235,0.0431659652068953,0.110944527736132,0.0226586789513474,0.319340329835082,0.0554022198827905,0.0708169097745898,0.140429785107446,0.422288855572214,0.631684157921039,0.00257421732395358,0.534232883558221,0.176411794102949,0.413293353323338,0.671664167916042,0.429785107446277,0.015547600685006,0.218890554722639,0.365817091454273,0.0621904951404666,0.624687656171914,0.0703966567551783,0.638180909545227,0.0142516562544138,0.0818101002464281,0.569215392303848,0.0706134129080107,0.137431284357821,0.253873063468266,0.478260869565217,0.0582384283616068,0.416791604197901,0.315342328835582,0.386306846576712,0.0624028725417349,0.772613693153423,0.0413776232081909,0.19240379810095,0.179410294852574,0.316341829085457,0.91504247876062,0.200899550224888,0.751624187906047,0.988505747126437,0.451274362818591,0.27536231884058
"SNP-25_1",0.423788105947026,0.35232383808096,0.357321339330335,0.128435782108946,0.178910544727636,0.312343828085957,0.403798100949525,0.328335832083958,0.331334332833583,0.243378310844578,0.147426286856572,0.235882058970515,0.542728635682159,0.815592203898051,0.600699650174913,0.15792103948026,0.40279860069965,0.251874062968516,0.501249375312344,0.182408795602199,0.76311844077961,0.515242378810595,0.606696651674163,0.324337831084458,0.199400299850075,0.333333333333333,0.265367316341829,0.393803098450775,0.268865567216392,0.375312343828086,0.192903548225887,0.599700149925038,0.397801099450275,0.126436781609195,0.166916541729135,0.158420789605197,0.63568215892054,0.647176411794103,0.617191404297851,0.0466037794703019,0.0300638800525993,0.363818090954523,0.499750124937531,0.55472263868066,0.427286356821589,0.889555222388806,0.343828085957021,0.683658170914543,0.233883058470765,0.59720139930035
"SNP-25_2",0.240379810094953,0.355822088955522,0.162918540729635,0.182408795602199,0.775612193903048,0.378810594702649,0.0578353671719651,0.525237381309345,0.416291854072964,0.00569112368102132,0.178410794602699,0.0800116472859574,0.347826086956522,0.00969510217798164,0.418290854572714,0.604197901049475,0.427286356821589,0.134432783608196,0.593703148425787,0.344827586206897,0.278360819590205,0.581709145427286,0.815592203898051,0.201399300349825,0.573713143428286,0.203898050974513,0.429285357321339,0.192903548225887,0.323338330834583,0.450274862568716,0.015776777510903,0.251874062968516,0.154922538730635,0.187406296851574,0.072736543544633,0.215892053973014,0.435782108945527,0.545727136431784,0.614192903548226,0.249375312343828,0.393303348325837,0.19640179910045,0.0480164294711439,0.591704147926037,0.325337331334333,0.608695652173913,0.139430284857571,0.258870564717641,0.660169915042479,0.467266366816592
"SNP-26_1",0.0710233581363142,0.286356821589205,0.550724637681159,0.0591276697939055,0.254872563718141,0.0320391182291415,0.193903048475762,0.00454421366795998,0.0284842796001924,0.0206101373156358,0.189405297351324,0.284857571214393,0.124937531234383,0.00583198493611481,0.0314689679880256,0.683158420789605,0.024289358841618,0.0470965609657423,0.239380309845077,0.278360819590205,0.139930034982509,0.241379310344828,0.626686656671664,0.156421789105447,0.0120692433484669,0.465267366316842,0.126936531734133,0.117941029485257,0.106946526736632,0.689155422288856,0.266866566716642,0.0702245660258863,0.386806596701649,0.119940029985007,0.346826586706647,0.1984007996002,0.619690154922539,0.0287644035448148,0.071212081965,0.00961294783528965,0.712143928035982,0.0572498843686192,0.262368815592204,0.310844577711144,0.711644177911045,0.750624687656172,0.0259952460081603,0.03404276151542,0.292353823088456,0.594202898550725
"SNP-26_2",0.299850074962519,0.579710144927536,0.707646176911544,0.309345327336332,0.794102948525737,0.295852073963018,0.187906046976512,0.0580012464726605,0.0787730728033086,0.0637750686680003,0.129935032483758,0.20039980009995,0.359820089955023,0.00227409632171527,0.0162552155991353,0.331334332833583,0.345827086456772,0.15592203898051,0.312343828085957,0.177911044477761,0.214392803598201,0.453773113443278,0.608695652173913,0.543228385807096,0.457771114442779,0.499250374812594,0.526736631684158,0.339830084957521,0.243878060969515,0.899550224887556,0.265367316341829,0.359820089955023,0.84407796101949,3.29949897404092e-08,0.218390804597701,0.601699150424788,0.436281859070465,0.16591704147926,0.285857071464268,0.588705647176412,0.515242378810595,0.606196901549225,0.274862568715642,0.0643643227455335,0.553223388305847,0.803098450774613,0.849575212393803,0.87456271864068,0.897051474262869,0.219390304847576
"SNP-27_1",0.567716141929036,0.723138430784608,0.616691654172913,0.494752623688156,0.451774112943528,0.399800099950025,0.857071464267866,0.63968015992004,0.747126436781609,0.489755122438781,0.550724637681159,0.375312343828086,0.639180409795102,0.31984007996002,0.657171414292854,0.741629185407296,0.399300349825087,0.678660669665167,0.481259370314843,0.503248375812094,0.487256371814093,0.495752123938031,0.67616191904048,0.473263368315842,0.210394802598701,0.549725137431284,0.635182408795602,0.785107446276862,0.213893053473263,0.555222388805597,0.211394302848576,0.733133433283358,0.500249875062469,0.725137431284358,0.361319340329835,0.638680659670165,0.323338330834583,0.781609195402299,0.468765617191404,0.664667666166917,0.470764617691154,0.44127936031984,0.536731634182909,0.504247876061969,0.0176284726988687,0.107946026986507,0.556221889055472,0.652173913043478,0.212393803098451,0.931034482758621
"SNP-27_2",0.899050474762619,0.535732133933034,0.670164917541229,0.389805097451274,0.442778610694653,0.480759620189905,0.290354822588706,0.596701649175412,0.47776111944028,0.499750124937531,0.661669165417291,0.482258870564718,0.704647676161919,0.32583708145927,0.338330834582709,0.407296351824088,0.344327836081959,0.387806096951524,0.620689655172414,0.31584207896052,0.557721139430285,0.761619190404798,0.471764117941029,0.609695152423788,0.781109445277361,0.499250374812594,0.576711644177911,0.668665667166417,0.23488255872064,0.823588205897052,0.507746126936532,0.757621189405297,0.621689155422289,0.343828085957021,0.462268865567216,0.48375812093953,0.560219890054973,0.72463768115942,0.482258870564718,0.51824087956022,0.342828585707146,0.498250874562719,0.660169915042479,0.019863496405999,0.812593703148426,0.431784107946027,0.407296351824088,0.606696651674163,0.414792603698151,0.809095452273863
"SNP-28_1",0.453773113443278,0.298850574712644,0.484757621189405,0.422288855572214,0.709645177411294,0.817091454272864,0.333833083458271,0.681659170414793,0.236381809095452,0.118440779610195,0.502248875562219,0.589705147426287,0.492753623188406,0.0776385151368046,0.310344827586207,0.384307846076962,0.461769115442279,0.199900049975012,0.491754122938531,0.293853073463268,0.20439780109945,0.335832083958021,0.368315842078961,0.183408295852074,0.226886556721639,0.494752623688156,0.172913543228386,0.31784107946027,0.19640179910045,0.863568215892054,0.0122592066868844,0.229885057471264,0.418790604697651,0.0331068081354801,0.773113443278361,0.165417291354323,0.303348325837081,0.792103948025987,0.603698150924538,0.227886056971514,0.548225887056472,0.210394802598701,0.692653673163418,0.481259370314843,0.0336730194481016,0.341829085457271,0.20439780109945,0.783608195902049,0.415792103948026,0.149925037481259
"SNP-28_2",0.622188905547226,0.559720139930035,0.308345827086457,0.418790604697651,0.784107946026987,0.540729635182409,0.15592203898051,0.634682658670665,0.35632183908046,0.259370314842579,0.348325837081459,0.548725637181409,0.494252873563218,0.221389305347326,0.694652673663168,0.411794102948526,0.460269865067466,0.733133433283358,0.0475737520613277,0.485257371314343,0.614192903548226,0.245877061469265,0.716141929035482,0.472763618190905,0.587706146926537,0.357821089455272,0.477261369315342,0.590204897551224,0.492253873063468,0.520739630184908,0.328335832083958,0.599700149925038,0.656671664167916,0.239880059970015,0.648175912043978,0.334832583708146,0.425287356321839,0.860069965017491,0.523238380809595,0.0530767638585302,0.809095452273863,0.129435282358821,0.124937531234383,0.660669665167416,0.605697151424288,0.546726636681659,0.476261869065467,0.693153423288356,0.27936031984008,0.412793603198401
"SNP-29_1",0.15192403798101,0.0684468167861429,0.416291854072964,0.239880059970015,0.197901049475262,0.11944027986007,0.210394802598701,0.221389305347326,0.350824587706147,0.512243878060969,0.0601919448155952,0.180409795102449,0.301849075462269,0.76511744127936,0.108445777111444,0.111944027986007,0.240379810094953,0.0663221793382486,0.423288355822089,0.591704147926037,0.358820589705147,0.351824087956022,0.642178910544728,0.171914042978511,0.0630563215030568,0.564217891054473,0.201399300349825,0.0036549600375837,0.0341322020164512,0.327336331834083,0.16391804097951,0.598200899550225,0.120939530234883,0.267366316841579,0.231884057971014,0.285857071464268,0.255872063968016,0.207896051974013,0.395802098950525,0.599700149925038,0.126436781609195,0.0167887859608965,0.00186880789044663,0.225387306346827,0.852573713143428,0.260369815092454,0.1984007996002,0.769115442278861,0.1984007996002,0.416791604197901
"SNP-29_2",0.240379810094953,0.340329835082459,0.593703148425787,0.516741629185407,0.388805597201399,0.306346826586707,0.543228385807096,0.201899050474763,0.39480259870065,0.563218390804598,0.330834582708646,0.347826086956522,0.443778110944528,0.727636181909045,0.137431284357821,0.407796101949025,0.474262868565717,0.64367816091954,0.758120939530235,0.583208395802099,0.390804597701149,0.350824587706147,0.804097951024488,0.487256371814093,0.927536231884058,0.5952023988006,0.298850574712644,0.549725137431284,0.469265367316342,0.402298850574713,0.510744627686157,0.322838580709645,0.741129435282359,0.276361819090455,0.526736631684158,0.588205897051474,0.132433783108446,0.725137431284358,0.488755622188906,0.107446276861569,0.575212393803098,0.230884557721139,0.467766116941529,0.148925537231384,0.906046976511744,0.493753123438281,0.335332333833083,0.108945527236382,0.75312343828086,0.587706146926537
"SNP-30_1",0.515242378810595,0.335332333833083,0.628685657171414,0.588705647176412,0.35832083958021,0.671664167916042,0.640179910044978,0.398300849575212,0.607696151924038,0.418290854572714,0.665167416291854,0.541229385307346,0.531234382808596,0.734632683658171,0.268865567216392,0.512743628185907,0.592203898050975,0.498250874562719,0.384807596201899,0.543728135932034,0.221389305347326,0.241379310344828,0.557221389305347,0.636681659170415,0.43728135932034,0.234382808595702,0.633183408295852,0.247376311844078,0.297851074462769,0.3968015992004,0.533733133433283,0.442278860569715,0.425287356321839,0.678660669665167,0.506246876561719,0.678660669665167,0.478760619690155,0.331834082958521,0.545227386306847,0.169415292353823,0.303348325837081,0.368315842078961,0.0274565862921344,0.680659670164918,0.60119940029985,0.67416291854073,0.760119940029985,0.926536731634183,0.572213893053473,0.52623688155922
"SNP-30_2",0.391304347826087,0.195402298850575,0.72063968015992,0.423788105947026,0.610694652673663,0.643178410794603,0.791104447776112,0.440279860069965,0.20439780109945,0.675162418790605,0.713143428285857,0.87456271864068,0.446276861569215,0.544727636181909,0.393803098450775,0.727636181909045,0.224387806096952,0.577711144427786,0.959020489755122,0.5992003998001,0.569715142428786,0.0635565192417094,0.79960019990005,0.903048475762119,0.499250374812594,0.96351824087956,0.677161419290355,0.620689655172414,0.844577711144428,0.784607696151924,0.75712143928036,0.149925037481259,0.72063968015992,0.534732633683158,0.813093453273363,0.387306346826587,0.719640179910045,0.451774112943528,0.459770114942529,0.0771543342548686,0.766116941529235,0.549225387306347,0.706646676661669,0.064850345583756,0.368815592203898,0.1944027986007,0.609195402298851,0.525237381309345,0.772613693153423,0.227386306846577
"SNP-31_1",0.947526236881559,0.701649175412294,0.245377311344328,0.729635182408796,0.0465459299158393,0.0544186640586859,0.770114942528736,0.63568215892054,0.52023988005997,0.578710644677661,0.363318340829585,0.411794102948526,0.633183408295852,0.84407796101949,0.758120939530235,0.265367316341829,0.842578710644678,0.831084457771114,0.415292353823088,0.138930534732634,0.777611194402799,0.00577722694632699,0.803098450774613,0.0597544491253698,0.51424287856072,0.598200899550225,0.616191904047976,0.813093453273363,0.859070464767616,0.735132433783108,0.332333833083458,0.0729608974277443,0.750624687656172,0.645177411294353,0.649175412293853,0.868565717141429,0.216391804097951,0.386806596701649,0.719640179910045,0.856071964017991,0.222888555722139,0.596701649175412,0.764617691154423,0.4007996001999,0.293853073463268,0.28735632183908,0.225387306346827,0.154922538730635,0.147426286856572,0.578710644677661
"SNP-31_2",0.460269865067466,0.337331334332834,0.481259370314843,0.660669665167416,0.606196901549225,0.854572713643178,0.511744127936032,0.397801099450275,0.302848575712144,0.189405297351324,0.534232883558221,0.542228885557221,0.424287856071964,0.222888555722139,0.390304847576212,0.606696651674163,0.840579710144927,0.443778110944528,0.395302348825587,0.758620689655172,0.588205897051474,0.67216391804098,0.16191904047976,0.64167916041979,0.265367316341829,0.144927536231884,0.436781609195402,0.35632183908046,0.31384307846077,0.258370814592704,0.20439780109945,0.414292853573213,0.487756121939031,0.653673163418291,0.216391804097951,0.547726136931534,0.365817091454273,0.405297351324338,0.631684157921039,0.611194402798601,0.537231384307846,0.579210394802599,0.397301349325337,0.432783608195902,0.270864567716142,0.79560219890055,0.869065467266367,0.450774612693653,0.533233383308346,0.348825587206397
"SNP-32_1",0.600699650174913,0.56671664167916,0.586206896551724,0.640679660169915,0.323338330834583,0.573213393303348,0.546226886556722,0.783108445777111,0.8055972013993,0.745127436281859,0.709645177411294,0.638180909545227,0.655672163918041,0.100449775112444,0.467266366816592,0.646176911544228,0.509745127436282,0.446276861569215,0.720139930034983,0.638180909545227,0.508745627186407,0.71464267866067,0.657171414292854,0.571714142928536,0.334332833583208,0.467766116941529,0.621689155422289,0.580709645177411,0.743628185907046,0.12543728135932,0.540729635182409,0.79160419790105,0.570214892553723,0.544727636181909,0.368315842078961,0.569715142428786,0.792603698150925,0.849075462268866,0.652673663168416,0.349325337331334,0.508745627186407,0.730134932533733,0.846576711644178,0.792103948025987,0.227886056971514,0.704647676161919,0.572713643178411,0.658670664667666,0.555722138930535,0.329835082458771
"SNP-32_2",0.628685657171414,0.44727636181909,0.474262868565717,0.435782108945527,0.201399300349825,0.27936031984008,0.607696151924038,0.591704147926037,0.0230263918108378,0.28735632183908,0.508745627186407,0.340829585207396,0.637181409295352,0.610194902548726,0.523738130934533,0.255372313843078,0.55272363818091,0.190404797601199,0.451274362818591,0.228885557221389,0.297851074462769,0.412793603198401,0.722138930534733,0.068277813443235,0.685657171414293,0.466266866566717,0.421789105447276,0.75512243878061,0.149425287356322,0.356821589205397,0.304347826086957,0.626686656671664,0.450774612693653,0.268865567216392,0.607196401799101,0.464267866066967,0.386306846576712,0.626686656671664,0.437781109445277,0.283858070964518,0.0149068207871952,0.403298350824588,0.534732633683158,0.447776111944028,0.385307346326837,0.179410294852574,0.648675662168916,0.148925537231384,0.298850574712644,0.199400299850075
"SNP-33_1",0.79960019990005,0.606696651674163,0.48575712143928,0.264367816091954,0.546726636681659,0.406296851574213,0.0657473069026825,0.779610194902549,0.249375312343828,0.617691154422789,0.380309845077461,0.370814592703648,0.300349825087456,0.228885557221389,0.84607696151924,0.693653173413293,0.410294852573713,0.282858570714643,0.538230884557721,0.349825087456272,0.533233383308346,0.393303348325837,0.182908545727136,0.201899050474763,0.24487756121939,0.56071964017991,0.0621699231525625,0.780609695152424,0.317341329335332,0.362818590704648,0.452773613193403,0.460269865067466,0.511744127936032,0.429285357321339,0.337331334332834,0.373313343328336,0.173413293353323,0.449275362318841,0.487756121939031,0.781109445277361,0.539230384807596,0.744627686156922,0.371814092953523,0.456771614192904,0.324337831084458,0.680659670164918,0.184907546226887,0.529735132433783,0.789105447276362,0.821589205397301
"SNP-33_2",0.245377311344328,0.396301849075462,0.213893053473263,0.00713581179424361,0.339330334832584,0.427786106946527,0.0372293141247754,0.190904547726137,0.204897551224388,0.141429285357321,0.409295352323838,0.114442778610695,0.0331194383771749,0.419790104947526,0.315342328835582,0.297851074462769,0.211394302848576,0.365817091454273,0.654172913543228,0.288855572213893,0.459770114942529,0.596701649175412,0.303348325837081,0.145427286356822,0.483258370814593,0.379810094952524,0.262368815592204,0.147926036981509,0.409295352323838,0.188405797101449,0.152923538230885,0.444777611194403,0.0213216996397577,0.227886056971514,0.611194402798601,0.141429285357321,0.265367316341829,0.372813593203398,0.0299014626555631,0.826086956521739,0.218390804597701,0.251374312843578,0.253873063468266,0.0454184931184047,0.639180409795102,0.225387306346827,0.824587706146927,0.0673050823008778,0.35632183908046,0.691154422788606
"SNP-34_1",0.31584207896052,0.184907546226887,0.493753123438281,0.130934532733633,0.326836581709145,0.550724637681159,0.31984007996002,0.121939030484758,0.144427786106947,0.141429285357321,0.339330334832584,0.200899550224888,0.12743628185907,0.0403413361322614,0.131934032983508,0.0586753181366482,0.110944527736132,0.0671652098578476,0.145427286356822,0.254872563718141,0.0694489424192588,0.0157705292483171,0.43728135932034,0.102448775612194,0.304847576211894,0.348825587206397,0.481259370314843,0.454272863568216,0.208895552223888,0.51824087956022,0.420789605197401,0.430784607696152,0.324337831084458,0.138930534732634,0.629185407296352,0.230384807596202,0.423788105947026,0.324337831084458,0.385807096451774,0.153423288355822,0.558220889555222,0.00337522543595836,0.173913043478261,0.0592301431715051,0.977511244377811,0.181909045477261,0.864067966016992,0.789605197401299,0.0404583279230952,0.679160419790105
"SNP-34_2",0.557221389305347,0.523738130934533,0.307846076961519,0.0250956326507067,0.0647070427599633,0.147926036981509,0.162418790604698,0.0115926677554665,0.12343828085957,0.308345827086457,0.03112515792041,0.148425787106447,0.190904547726137,0.664167916041979,0.213893053473263,0.369815092453773,0.068919292350699,0.466266866566717,0.418290854572714,0.00832827462547736,0.253373313343328,0.648675662168916,0.388805597201399,0.0769701853019775,0.256871564217891,0.581709145427286,0.36431784107946,0.183408295852074,0.346326836581709,0.682658670664668,0.588705647176412,0.258870564717641,0.109445277361319,0.124437781109445,0.0657412258051098,0.0729203385172015,0.24487756121939,0.0199302368438665,0.0300837829265406,0.0254118470608315,0.100949525237381,0.163418290854573,0.285857071464268,0.509245377311344,0.146426786606697,0.291854072963518,0.781609195402299,0.611194402798601,0.147426286856572,0.396301849075462
"SNP-35_1",0.36031984007996,0.282858570714643,0.417291354322839,0.16191904047976,0.122438780609695,0.314842578710645,0.228885557221389,0.397301349325337,0.0600265732550067,0.168415792103948,0.239380309845077,0.393303348325837,0.0735473169302759,0.416791604197901,0.740129935032484,0.56471764117941,0.151424287856072,0.474262868565717,0.414292853573213,0.175412293853073,0.203898050974513,0.645177411294353,0.152923538230885,0.288855572213893,0.449275362318841,0.47376311844078,0.348825587206397,0.0384418104201726,0.261869065467266,0.611694152923538,0.177911044477761,0.612193903048476,0.15592203898051,0.715642178910545,0.207896051974013,0.535232383808096,0.135432283858071,0.565217391304348,0.116941529235382,0.427286356821589,0.00167117715533371,0.642178910544728,0.254372813593203,0.0607716459942006,0.32383808095952,0.375312343828086,0.251374312843578,0.901549225387306,0.0011864347405014,0.4007996001999
"SNP-35_2",0.483258370814593,0.667166416791604,0.614192903548226,0.51824087956022,0.695152423788106,0.542728635682159,0.640179910044978,0.331834082958521,0.607196401799101,0.195902048975512,0.453273363318341,0.511744127936032,0.450274862568716,0.763618190904548,0.589705147426287,0.509245377311344,0.5952023988006,0.879560219890055,0.651674162918541,0.527236381809095,0.433783108445777,0.525237381309345,0.784107946026987,0.766616691654173,0.650674662668666,0.411794102948526,0.5952023988006,0.55672163918041,0.650674662668666,0.705647176411794,0.75712143928036,0.517241379310345,0.578710644677661,0.770614692653673,0.331834082958521,0.56471764117941,0.343328335832084,0.440779610194903,0.555722138930535,0.0656396666675424,0.286856571714143,0.683158420789605,0.744127936031984,0.445777111444278,0.587206396801599,0.894552723638181,0.877061469265367,0.268365817091454,0.830584707646177,0.733633183408296
"SNP-36_1",0.56471764117941,0.615192403798101,0.741129435282359,0.56671664167916,0.314342828585707,0.802098950524738,0.666666666666667,0.0636777560363559,0.297851074462769,0.349325337331334,0.44527736131934,0.620689655172414,0.294852573713143,0.76311844077961,0.152423788105947,0.622688655672164,0.539230384807596,0.733633183408296,0.479260369815092,0.211894052973513,0.23288355822089,0.710644677661169,0.153423288355822,0.769615192403798,0.43328335832084,0.784107946026987,0.575212393803098,0.64367816091954,0.822588705647176,0.719140429785107,0.390304847576212,0.923538230884558,0.571214392803598,0.588205897051474,0.372813593203398,0.483258370814593,0.330834582708646,0.193903048475762,0.617691154422789,0.462768615692154,0.581209395302349,0.236381809095452,0.275862068965517,0.926036981509245,0.138930534732634,0.197401299350325,0.71664167916042,0.789105447276362,0.903048475762119,0.198900549725137
"SNP-36_2",0.485257371314343,0.612193903048476,0.666166916541729,0.265867066466767,0.501249375312344,0.375812093953024,0.618690654672664,0.0356975925248844,0.594202898550725,0.506746626686657,0.555722138930535,0.341829085457271,0.383308345827086,0.528235882058971,0.755622188905547,0.652673663168416,0.23488255872064,0.623188405797101,0.340329835082459,0.247376311844078,0.515242378810595,0.131434282858571,0.262368815592204,0.585207396301849,0.434282858570715,0.336331834082959,0.756621689155422,0.149425287356322,0.589705147426287,0.84207896051974,0.608695652173913,0.0409571516160961,0.345327336331834,0.27936031984008,0.756121939030485,0.392303848075962,0.862068965517241,0.00702867722723888,0.278860569715142,0.133433283358321,0.924037981009495,0.545227386306847,0.301349325337331,0.208395802098951,0.847576211894053,0.499750124937531,0.39480259870065,0.635182408795602,0.154422788605697,0.588705647176412
"SNP-37_1",0.827086456771614,0.522738630684658,0.489255372313843,0.455272363818091,0.258370814592704,0.130434782608696,0.423788105947026,0.763618190904548,0.574212893553223,0.462268865567216,0.84007996001999,0.378310844577711,0.250374812593703,0.639180409795102,0.719640179910045,0.410794602698651,0.384807596201899,0.530734632683658,0.544727636181909,0.485257371314343,0.621189405297351,0.40679660169915,0.0387403437793363,0.350324837581209,0.536731634182909,0.255872063968016,0.731634182908546,0.622688655672164,0.288855572213893,0.679660169915043,0.626686656671664,0.670664667666167,0.536731634182909,0.657171414292854,0.815092453773113,0.881559220389805,0.492253873063468,0.878060969515242,0.723638180909545,0.75712143928036,0.582208895552224,0.0188244942605736,0.743128435782109,0.28735632183908,0.372313843078461,0.0276241527567437,0.579710144927536,0.52623688155922,0.775112443778111,0.122438780609695
"SNP-37_2",0.570214892553723,0.276361819090455,0.173913043478261,0.0334807944135542,0.376311844077961,0.0692863536525327,0.120439780109945,0.00239089439068196,0.207396301849075,0.170914542728636,0.27536231884058,0.0487387567160841,0.222388805597201,0.0328609519710155,0.282358820589705,0.322338830584708,0.0463701681185271,0.0514407893830712,0.132933533233383,0.427286356821589,0.132433783108446,0.495252373813093,0.169415292353823,0.430784607696152,0.414292853573213,0.16591704147926,0.294852573713143,0.0725780374787276,0.152923538230885,0.12743628185907,0.0593131101894808,0.359820089955023,0.16391804097951,0.00192367753710743,0.143428285857071,0.0111501929401403,0.245377311344328,0.187406296851574,0.0296119732203364,0.252873563218391,0.472763618190905,0.00107187637881445,0.305347326336832,0.0385817513645006,0.384307846076962,0.305847076461769,0.452773613193403,0.584707646176912,0.0579044707193666,0.312843578210895
"SNP-38_1",0.697651174412794,0.420289855072464,0.422788605697151,0.52223888055972,0.517241379310345,0.297851074462769,0.598700649675162,0.722138930534733,0.268365817091454,0.335832083958021,0.387806096951524,0.479260369815092,0.487756121939031,0.239380309845077,0.5992003998001,0.394302848575712,0.313343328335832,0.309845077461269,0.722138930534733,0.0492434555938297,0.502748625687156,0.470764617691154,0.634182908545727,0.476761619190405,0.665667166416792,0.614192903548226,0.510744627686157,0.300349825087456,0.588205897051474,0.705147426286857,0.762618690654673,0.395302348825587,0.682658670664668,0.478760619690155,0.59720139930035,0.328835582208896,0.292353823088456,0.903048475762119,0.31584207896052,0.36231884057971,0.498250874562719,0.243878060969515,0.285857071464268,0.770114942528736,0.268365817091454,0.120439780109945,0.0348407751592605,0.0559750377927632,0.533233383308346,0.751124437781109
"SNP-38_2",0.0705841224576583,0.212893553223388,0.282858570714643,0.258370814592704,0.528735632183908,0.84807596201899,0.634682658670665,0.00641570407141423,0.28335832083958,0.186406796601699,0.154922538730635,0.110444777611194,0.209895052473763,0.201899050474763,0.101449275362319,0.482258870564718,0.576711644177911,0.253373313343328,0.282858570714643,0.450774612693653,0.360819590204898,0.137431284357821,0.540729635182409,0.230884557721139,0.722138930534733,0.278360819590205,0.495752123938031,0.662668665667166,0.0184491935564143,0.178410794602699,0.209895052473763,0.689655172413793,0.411294352823588,0.0253948086560612,0.0223070134540788,0.124437781109445,0.482758620689655,0.246376811594203,0.302848575712144,0.0112237865279938,0.259370314842579,0.00546871882207289,0.549725137431284,0.762118940529735,0.950024987506247,0.491754122938531,0.510744627686157,0.269365317341329,0.450274862568716,0.532733633183408
"SNP-39_1",0.107946026986507,0.154422788605697,0.0528060892208233,0.584207896051974,0.549725137431284,0.385807096451774,0.816091954022989,0.490254872563718,0.751624187906047,0.499750124937531,0.020657560606435,0.04365118637493,0.421789105447276,0.572213893053473,0.31784107946027,0.498750624687656,0.56471764117941,0.425287356321839,0.160919540229885,0.295352323838081,0.331334332833583,0.146426786606697,0.446776611694153,0.051317886659131,0.00928878299075941,0.332333833083458,0.483258370814593,0.115942028985507,0.653673163418291,0.299850074962519,0.342828585707146,0.104947526236882,0.325337331334333,0.330334832583708,0.568215892053973,0.648675662168916,0.739630184907546,0.222888555722139,0.770614692653673,0.426786606696652,0.388305847076462,0.00456228150319444,0.281859070464768,0.429285357321339,0.198900549725137,0.0433409424334076,0.933533233383308,0.775112443778111,0.203898050974513,0.816591704147926
"SNP-39_2",0.729635182408796,0.245877061469265,0.428285857071464,0.439780109945027,0.540729635182409,0.694152923538231,0.0654380833029466,0.851074462768616,0.482758620689655,0.135932033983008,0.719640179910045,0.308845577211394,0.203398300849575,0.0512179955924237,0.808595702148926,0.492253873063468,0.835582208895552,0.381309345327336,0.152423788105947,0.122438780609695,0.414792603698151,0.91704147926037,0.776611694152924,0.67416291854073,0.297851074462769,0.660169915042479,0.751124437781109,0.507746126936532,0.129935032483758,0.369315342328836,0.113943028485757,0.212393803098451,0.586706646676662,0.504747626186906,0.739130434782609,0.843578210894553,0.517241379310345,0.821589205397301,0.56671664167916,0.763618190904548,0.0120735251543964,0.00123155512830264,0.156421789105447,0.00923363183155723,0.686656671664168,0.945527236381809,0.191904047976012,0.339830084957521,0.180909545227386,0.231884057971014
"SNP-40_1",0.534732633683158,0.662168915542229,0.418790604697651,0.249375312343828,0.599700149925038,0.726136931534233,0.639180409795102,0.701649175412294,0.102948525737131,0.645177411294353,0.472763618190905,0.407296351824088,0.410294852573713,0.866066966516742,0.747126436781609,0.0300326486305451,0.318340829585207,0.130434782608696,0.255872063968016,0.619190404797601,0.584707646176912,0.31984007996002,0.0317875108392178,0.598200899550225,0.64167916041979,0.35832083958021,0.463768115942029,0.596701649175412,0.589205397301349,0.584707646176912,0.422788605697151,0.895552223888056,0.399300349825087,0.198900549725137,0.354822588705647,0.380309845077461,0.648175912043978,0.492253873063468,0.399300349825087,0.784107946026987,0.216891554222889,0.573213393303348,0.899050474762619,0.766116941529235,0.733133433283358,0.383308345827086,0.0464893130773679,0.838580709645177,0.581209395302349,0.395302348825587
"SNP-40_2",0.87256371814093,0.458270864567716,0.589205397301349,0.515742128935532,0.0788137477416126,0.448275862068966,0.419790104947526,0.799100449775112,0.741629185407296,0.833583208395802,0.75512243878061,0.787106446776612,0.56671664167916,0.129435282358821,0.689155422288856,0.340829585207396,0.655172413793103,0.453773113443278,0.599700149925038,0.717141429285357,0.368815592203898,0.533233383308346,0.256371814092954,0.658670664667666,0.931034482758621,0.375812093953024,0.503248375812094,0.603698150924538,0.489255372313843,0.701649175412294,0.683158420789605,0.732633683158421,0.435782108945527,0.626686656671664,0.405297351324338,0.820089955022489,0.969015492253873,0.607696151924038,0.145927036481759,0.228385807096452,0.586706646676662,0.913543228385807,0.96751624187906,0.483258370814593,0.0328436327872017,0.849075462268866,0.594202898550725,0.900049975012494,0.529235382308846,0.979510244877561
"SNP-41_1",0.569715142428786,0.791104447776112,0.455772113943028,0.573213393303348,0.190404797601199,0.114942528735632,0.732133933033483,0.621689155422289,0.902548725637181,0.661169415292354,0.499250374812594,0.523738130934533,0.47976011994003,0.492753623188406,0.472763618190905,0.572213893053473,0.731634182908546,0.697651174412794,0.697151424287856,0.386806596701649,0.703648175912044,0.904047976011994,0.890054972513743,0.438280859570215,0.370814592703648,0.605697151424288,0.494752623688156,0.589705147426287,0.411294352823588,0.582208895552224,0.272363818090955,0.620189905047476,0.71464267866067,0.407296351824088,0.765617191404298,0.458770614692654,0.341329335332334,0.784607696151924,0.535732133933034,0.777111444277861,0.642678660669665,0.15192403798101,0.535232383808096,0.768115942028985,0.596201899050475,0.495752123938031,0.924037981009495,0.602698650674663,0.44727636181909,0.703648175912044
"SNP-41_2",0.64767616191904,0.468765617191404,0.455772113943028,0.0397595213671831,0.56671664167916,0.592703648175912,0.580709645177411,0.428785607196402,0.673663168415792,0.0348195250747034,0.0382532249085944,0.750624687656172,0.15992003998001,0.0328622379071192,0.0550216995852588,0.541729135432284,0.0693941791383295,0.903048475762119,0.771114442778611,0.631684157921039,0.810094952523738,0.525237381309345,0.640679660169915,0.816591704147926,0.869065467266367,0.799100449775112,0.0238950282387401,0.235882058970515,0.287856071964018,0.478260869565217,0.719640179910045,0.410294852573713,0.528235882058971,0.893553223388306,0.714142928535732,0.864567716141929,0.429285357321339,0.0931905567092242,0.129935032483758,0.83608195902049,0.531234382808596,0.0102702747937887,0.621689155422289,0.487256371814093,0.292853573213393,0.63368315842079,0.511744127936032,0.127936031984008,0.656671664167916,0.713643178410795
"SNP-42_1",0.83808095952024,0.704147926036982,0.637181409295352,0.438780609695152,0.860069965017491,0.502248875562219,0.669665167416292,0.789105447276362,0.621689155422289,0.506746626686657,0.442778610694653,0.408295852073963,0.700149925037481,0.825587206396802,0.588205897051474,0.48375812093953,0.428285857071464,0.784607696151924,0.340829585207396,0.511244377811094,0.646676661669165,0.761619190404798,0.538230884557721,0.64767616191904,0.780609695152424,0.578210894552724,0.711644177911045,0.703148425787106,0.349325337331334,0.309845077461269,0.497251374312844,0.440779610194903,0.704647676161919,0.505247376311844,0.733633183408296,0.505747126436782,0.83208395802099,0.587206396801599,0.531734132933533,0.3968015992004,0.807096451774113,0.461769115442279,0.661169415292354,0.203398300849575,0.553223388305847,0.158920539730135,0.573213393303348,0.843078460769615,0.309845077461269,0.415792103948026
"SNP-42_2",0.424287856071964,0.448775612193903,0.298350824587706,0.502748625687156,0.179910044977511,0.355322338830585,0.337831084457771,0.274862568715642,0.202898550724638,0.237381309345327,0.657171414292854,0.239380309845077,0.143928035982009,0.590704647676162,0.298350824587706,0.601699150424788,0.347826086956522,0.320839580209895,0.418790604697651,0.19240379810095,0.679160419790105,0.693653173413293,0.180909545227386,0.743628185907046,0.11744127936032,0.421789105447276,0.195402298850575,0.312343828085957,0.463268365817091,0.252873563218391,0.442778610694653,0.490754622688656,0.488755622188906,0.422288855572214,0.495252373813093,0.616191904047976,0.461769115442279,0.0480171851009829,0.35832083958021,0.805097451274363,0.141429285357321,0.0146480194409201,0.767616191904048,0.572213893053473,0.756621689155422,0.335332333833083,0.942028985507246,0.697651174412794,0.451274362818591,0.257871064467766
"SNP-43_1",0.695652173913043,0.798600699650175,0.594702648675662,0.626686656671664,0.504247876061969,0.789605197401299,0.87856071964018,0.428285857071464,0.656171914042978,0.486756621689155,0.787606196901549,0.638180909545227,0.293853073463268,0.612193903048476,0.651174412793603,0.56471764117941,0.785107446276862,0.865567216391804,0.778110944527736,0.0337529154962954,0.818090954522739,0.666166916541729,0.52623688155922,0.581709145427286,0.428285857071464,0.648675662168916,0.582708645677161,0.812593703148426,0.467766116941529,0.725637181409295,0.362818590704648,0.585207396301849,0.670664667666167,0.489755122438781,0.478260869565217,0.603698150924538,0.742128935532234,0.491254372813593,0.821589205397301,0.747626186906547,0.75912043978011,0.576711644177911,0.796101949025487,0.263368315842079,0.0578933148163514,0.117941029485257,0.280859570214893,0.876061969015492,0.837581209395302,0.0333115539031248
"SNP-43_2",0.253373313343328,0.256371814092954,0.401299350324838,0.315342328835582,0.0179647493507767,0.131434282858571,0.355322338830585,0.386806596701649,0.492253873063468,0.0490009315982286,0.124937531234383,0.413293353323338,0.312843578210895,0.419790104947526,0.403798100949525,0.536231884057971,0.382808595702149,0.310844577711144,0.410294852573713,0.0752894947683598,0.195402298850575,0.373313343328336,0.231384307846077,0.154922538730635,0.711144427786107,0.768615692153923,0.181909045477261,0.152923538230885,0.193903048475762,0.406296851574213,0.304847576211894,0.0475568063660452,0.314842578710645,0.830584707646177,0.0629013615842096,0.616191904047976,0.178910544727636,0.720139930034983,0.105447276361819,0.609195402298851,0.251374312843578,0.386306846576712,0.158420789605197,0.666166916541729,0.474262868565717,0.158920539730135,0.553223388305847,0.065269090646853,0.0159371822212662,0.526736631684158
"SNP-44_1",2.49627806203634e-08,0.072348716906484,0.0118283028281131,0.00678008766058014,0.135932033983008,0.00253099197943582,0.197401299350325,0.0001022839912449,0.245877061469265,0.00326600565576285,0.000293124870759118,0.00168058585112174,2.5538746240561e-05,0.00563946265725468,4.1191688584589e-08,0.542228885557221,0.00237219444341896,1.03288388182064e-07,6.93552015818e-09,6.96091232541616e-06,0.0782558121222016,0.000708128450319085,0.610694652673663,0.0261543603802047,8.87258034435456e-05,0.621189405297351,0.28135932033983,0.0463277114116939,0.100449775112444,2.68146524984303e-08,0.12543728135932,1.56712805038373e-05,0.00215702322333926,0.52423788105947,0.000145997124557096,4.6303367304414e-06,0.261869065467266,0.00673281003860937,0.452773613193403,3.16131576840552e-05,0.0336353993219169,0.000606278160930507,0.000396152100750669,2.98534751363988e-08,0.424787606196902,0.67416291854073,0.120939530234883,0.121939030484758,0.585207396301849,0.252373813093453
"SNP-44_2",0.302848575712144,0.407296351824088,0.545227386306847,0.371814092953523,9.74924007068889e-05,0.000121992594031117,0.477261369315342,0.841579210394803,0.726136931534233,0.276861569215392,0.544227886056971,0.561219390304848,0.221889055472264,0.219390304847576,0.553223388305847,0.339330334832584,0.269865067466267,0.571214392803598,0.252873563218391,0.11544227886057,0.391304347826087,0.255872063968016,0.360819590204898,0.557721139430285,0.697151424287856,0.682658670664668,0.640179910044978,0.306346826586707,0.532233883058471,0.67416291854073,0.284357821089455,0.875062468765617,0.368315842078961,0.769615192403798,0.659670164917541,0.63968015992004,0.693153423288356,0.820589705147426,0.566216891554223,0.108445777111444,2.33853652788069e-08,0.804597701149425,0.175912043978011,0.251374312843578,0.84407796101949,0.452273863068466,0.363318340829585,0.829585207396302,0.0358117806463382,0.11544227886057
"SNP-45_1",0.761619190404798,0.830084957521239,0.39480259870065,0.419290354822589,0.76111944027986,0.311844077961019,0.83808095952024,0.777611194402799,0.201399300349825,0.259870064967516,0.831084457771114,0.231384307846077,0.507746126936532,0.303848075962019,0.434282858570715,0.512243878060969,0.356821589205397,0.736631684157921,0.228385807096452,0.455272363818091,0.289355322338831,0.542728635682159,0.510744627686157,0.723638180909545,0.537731134432784,0.897551224387806,0.704147926036982,0.754122938530735,0.513743128435782,0.899050474762619,0.36231884057971,0.506746626686657,0.776111944027986,0.890054972513743,0.772113943028486,0.803098450774613,0.51424287856072,0.701649175412294,0.598700649675162,0.00261100713642692,0.451274362818591,0.848575712143928,0.0480082889729239,0.0477718717478813,0.175412293853073,0.650674662668666,0.266366816591704,0.616691654172913,0.262868565717141,0.374812593703148
"SNP-45_2",0.555222388805597,0.367816091954023,0.710644677661169,0.5992003998001,0.88055972013993,0.692153923038481,0.255872063968016,0.267366316841579,0.568215892053973,0.590204897551224,0.47776111944028,0.540729635182409,0.585207396301849,0.0233405972364116,0.831584207896052,0.440779610194903,0.598700649675162,0.538230884557721,0.304347826086957,0.32783608195902,0.476761619190405,0.490754622688656,0.773613193403298,0.933533233383308,0.459270364817591,0.348825587206397,0.540229885057471,0.743128435782109,0.484757621189405,0.847076461769115,0.24087956021989,0.67416291854073,0.854572713643178,0.612193903048476,0.739130434782609,0.388305847076462,0.849075462268866,0.307346326836582,0.187406296851574,0.130934532733633,0.577211394302849,0.864567716141929,0.345827086456772,0.281859070464768,0.510244877561219,0.12543728135932,0.43528235882059,0.662668665667166,0.258870564717641,0.499250374812594
"SNP-46_1",0.56471764117941,0.425787106446777,0.464767616191904,0.465767116441779,0.808595702148926,0.574212893553223,0.191404297851074,0.323338330834583,0.157421289355322,0.553723138430785,0.332333833083458,0.410294852573713,0.297351324337831,0.217391304347826,0.508245877061469,0.455272363818091,0.444277861069465,0.441779110444778,0.150424787606197,0.474762618690655,0.127936031984008,0.177911044477761,0.343828085957021,0.326336831584208,0.284857571214393,0.420789605197401,0.432783608195902,0.610194902548726,0.391304347826087,0.339830084957521,0.436781609195402,0.875562218890555,0.456271864067966,0.211894052973513,0.594702648675662,0.0652297648105454,0.749625187406297,0.714142928535732,0.269365317341329,0.385307346326837,0.348325837081459,0.757621189405297,0.188905547226387,0.316341829085457,0.984507746126936,0.16791604197901,0.587706146926537,0.238380809595202,0.264867566216892,0.126436781609195
"SNP-46_2",0.0349982565164784,0.206896551724138,0.580209895052474,0.494252873563218,0.724137931034483,0.256371814092954,0.138930534732634,0.00760773538029635,0.323338330834583,0.0245987058436625,0.0113827179927373,0.347826086956522,0.476761619190405,0.190404797601199,0.00154794960892791,0.252873563218391,0.212393803098451,0.263368315842079,0.0415631586958417,0.128935532233883,0.0591342741792675,0.265367316341829,0.706146926536732,0.28735632183908,0.717141429285357,0.431784107946027,0.227386306846577,0.589705147426287,0.0638901977097203,0.71464267866067,0.246376811594203,0.268365817091454,0.567216391804098,0.422788605697151,0.0610528400546666,0.0617235085288373,0.302848575712144,0.547726136931534,0.503248375812094,0.373813093453273,0.403798100949525,0.116941529235382,0.382308845577211,0.170414792603698,0.0748631184002526,0.385807096451774,0.713143428285857,0.106946526736632,0.0176770281665419,0.156921539230385
"SNP-47_1",0.593703148425787,0.260369815092454,0.511244377811094,0.298850574712644,0.663168415792104,0.660169915042479,0.638680659670165,0.453773113443278,0.48575712143928,0.249375312343828,0.709645177411294,0.700149925037481,0.330834582708646,0.51624187906047,0.706646676661669,0.778610694652674,0.440779610194903,0.798600699650175,0.194902548725637,0.405297351324338,0.908045977011494,0.787606196901549,0.226886556721639,0.778110944527736,0.753623188405797,0.470264867566217,0.771614192903548,0.892053973013493,0.658670664667666,0.592203898050975,0.477261369315342,0.790604697651174,0.595702148925537,0.919540229885057,0.505747126436782,0.790604697651174,0.424787606196902,0.72263868065967,0.0440164352512751,0.381309345327336,0.723638180909545,0.387806096951524,0.681659170414793,0.130434782608696,0.345827086456772,0.800599700149925,0.578710644677661,0.591204397801099,0.0292617581727987,0.659170414792604
"SNP-47_2",0.280859570214893,0.329835082458771,0.463768115942029,0.405797101449275,0.307846076961519,0.463768115942029,0.126436781609195,0.662168915542229,0.537231384307846,0.400299850074962,0.264367816091954,0.419290354822589,0.320839580209895,0.177411294352824,0.0345183042621798,0.424287856071964,0.320339830084958,0.171414292853573,0.537731134432784,0.672663668165917,0.213893053473263,0.418790604697651,0.854572713643178,0.369815092453773,0.733133433283358,0.0152996357676182,0.401299350324838,0.441779110444778,0.181909045477261,0.891054472763618,0.261369315342329,0.620689655172414,0.11544227886057,0.143928035982009,0.583208395802099,0.142928535732134,0.619190404797601,0.629685157421289,0.661169415292354,0.366816591704148,0.482758620689655,0.407796101949025,0.301849075462269,0.31984007996002,0.67816091954023,0.577211394302849,0.105447276361819,0.779610194902549,0.379310344827586,0.253873063468266
"SNP-48_1",0.472763618190905,0.16791604197901,0.0427111165280568,0.16591704147926,0.322338830584708,0.216891554222889,0.293853073463268,0.272363818090955,0.311344327836082,0.454272863568216,0.0191736061228333,0.310344827586207,0.107946026986507,0.428785607196402,0.693153423288356,0.434282858570715,0.146926536731634,0.043582584274117,0.608195902048976,0.348325837081459,0.219890054972514,0.621689155422289,0.0218771703155494,0.106946526736632,0.219390304847576,0.569215392303848,0.145927036481759,0.01737502160652,0.23288355822089,0.333833083458271,0.149925037481259,0.166916541729135,0.137931034482759,0.279860069965017,0.0338687704397277,0.361319340329835,0.265867066466767,0.0273759940368997,0.655672163918041,0.914042978510745,0.195402298850575,0.101449275362319,0.0253601183449864,0.374312843578211,0.693153423288356,0.592203898050975,0.0437781967156474,0.28735632183908,0.0248274426609981,0.316841579210395
"SNP-48_2",0.106446776611694,0.150424787606197,0.293353323338331,0.442278860569715,0.513743128435782,0.258370814592704,0.589205397301349,0.378810594702649,0.248375812093953,0.107446276861569,0.0777072637765558,0.190404797601199,0.317341329335332,0.0320185744112625,0.174412793603198,0.314342828585707,0.48175912043978,0.297351324337831,0.0497351360685303,0.302848575712144,0.486756621689155,0.0422238190448585,0.626186906546727,0.284357821089455,0.373813093453273,0.39480259870065,0.460769615192404,0.520739630184908,0.154422788605697,0.378310844577711,0.124437781109445,0.24287856071964,0.188905547226387,0.756621689155422,0.120939530234883,0.845577211394303,0.255872063968016,0.532233883058471,0.304347826086957,0.396301849075462,0.111444277861069,0.362818590704648,0.175412293853073,0.497251374312844,0.227886056971514,0.636681659170415,0.262868565717141,0.824587706146927,0.0404865832520589,0.818590704647676
"SNP-49_1",0.604697651174413,0.588205897051474,0.362818590704648,0.350324837581209,0.461769115442279,0.476261869065467,0.582708645677161,0.813593203398301,0.600699650174913,0.573213393303348,0.478760619690155,0.569715142428786,0.56671664167916,0.703648175912044,0.260369815092454,0.80359820089955,0.431284357821089,0.502248875562219,0.794102948525737,0.660169915042479,0.545227386306847,0.758120939530235,0.813593203398301,0.307346326836582,0.689655172413793,0.836581709145427,0.608195902048976,0.421289355322339,0.586706646676662,0.36031984007996,0.251374312843578,0.447776111944028,0.615692153923038,0.903548225887057,0.586206896551724,0.857071464267866,0.297351324337831,0.681159420289855,0.351324337831084,0.177411294352824,0.675162418790605,0.308845577211394,0.137431284357821,0.851074462768616,0.316341829085457,0.641179410294853,0.703648175912044,0.703148425787106,0.761619190404798,0.40279860069965
"SNP-49_2",0.515742128935532,0.283858070964518,0.359820089955023,0.0378268920356403,0.102948525737131,0.263368315842079,0.347326336831584,0.609195402298851,0.885557221389305,0.590704647676162,0.31384307846077,0.406296851574213,0.165417291354323,0.564217891054473,0.506746626686657,0.328835582208896,0.0472812008850211,0.4007996001999,0.367816091954023,0.118940529735132,0.195902048975512,0.373313343328336,0.23488255872064,0.0624982170779209,0.209395302348826,0.577711144427786,0.594202898550725,0.387806096951524,0.509245377311344,0.481259370314843,0.305347326336832,0.0534665257124417,0.27536231884058,0.632183908045977,0.385807096451774,0.568215892053973,0.331334332833583,0.571214392803598,0.174412793603198,0.433783108445777,0.531734132933533,0.557721139430285,0.214892553723138,0.63768115942029,0.75912043978011,0.604697651174413,0.207396301849075,0.824087956021989,0.577711144427786,0.652673663168416
"SNP-50_1",0.0126788769344743,0.0629560638157391,0.181909045477261,0.100449775112444,0.386306846576712,0.235382308845577,0.171414292853573,0.0289576938548882,0.288355822088956,0.215892053973014,0.0752062817024983,0.20039980009995,0.112943528235882,0.0153445914620148,0.000860462836877685,0.149425287356322,0.0733601334480778,0.0865009665923735,0.0412116541905503,0.0426108091713168,0.0453477573001398,0.431284357821089,0.0232395305265644,0.316841579210395,0.00122674939464196,0.174912543728136,0.632183908045977,0.0727969083236235,0.0265286365719224,0.161419290354823,0.05503673224094,0.336831584207896,0.4007996001999,0.120939530234883,0.380309845077461,0.156421789105447,0.23488255872064,0.0585784113034523,0.84407796101949,0.000671167375630444,0.425787106446777,0.374312843578211,0.164417791104448,0.478760619690155,0.60519740129935,0.747626186906547,0.181909045477261,0.474762618690655,0.0213350520569926,0.496751624187906
"SNP-50_2",0.427286356821589,0.0204790226688794,0.0453499062622447,0.00788822661607169,0.0374335996654158,0.003054204196411,0.0129388749204044,0.497751124437781,0.0408430430637274,0.294352823588206,0.0279790847025333,0.0261702871202135,0.0325511636226656,0.195402298850575,0.503248375812094,0.15192403798101,0.0157215927402514,0.00174059559458317,0.319340329835082,0.0791374251690765,0.071115375883567,0.335332333833083,0.110444777611194,0.0242240411072656,0.0447822253077962,0.253873063468266,0.0472771550968926,0.00310307045698355,0.171414292853573,0.102948525737131,0.128935532233883,0.0247312658276987,0.0134300626580277,0.159420289855072,0.00479896427915605,0.170914542728636,0.00131959865727216,0.427786106946527,0.0713675950283804,0.418790604697651,0.0151487976395623,0.15992003998001,0.00573833170640003,0.156421789105447,0.100949525237381,0.675162418790605,0.201399300349825,0.842578710644678,0.409295352323838,0.361319340329835
"SNP-51_1",0.186406796601699,0.258370814592704,0.100949525237381,0.1944027986007,0.478760619690155,0.380809595202399,0.739130434782609,0.596201899050475,0.480259870064968,0.389805097451274,0.494752623688156,0.114442778610695,0.0802787413062168,0.669665167416292,0.384307846076962,0.853573213393303,0.330834582708646,0.170414792603698,0.652673663168416,0.484757621189405,0.0592266205089675,0.380809595202399,0.541229385307346,0.538730634682659,0.390804597701149,0.56671664167916,0.438280859570215,0.111444277861069,0.152423788105947,0.457771114442779,0.437781109445277,0.176911544227886,0.453773113443278,0.256371814092954,0.241879060469765,0.112443778110945,0.297851074462769,0.370814592703648,0.202898550724638,0.487756121939031,0.512243878060969,0.609195402298851,0.575712143928036,0.140929535232384,0.0226200080899972,0.889055472263868,0.284357821089455,0.816091954022989,0.338330834582709,0.720139930034983
"SNP-51_2",0.118940529735132,0.0357020879772363,0.0497713817375987,0.127936031984008,0.429785107446277,0.279860069965017,0.154422788605697,0.598700649675162,0.183408295852074,0.127936031984008,0.231384307846077,0.0348676993792871,0.101449275362319,0.155422288855572,0.241879060469765,0.148425787106447,0.124937531234383,0.0526056544448124,0.0659339728191198,0.282358820589705,0.048072984151199,0.0541737401417456,0.0284486491847937,0.132933533233383,0.584707646176912,0.0487602573106898,0.32583708145927,0.349825087456272,0.314342828585707,0.0359698245000869,0.147926036981509,0.0586162299683501,0.0286434622550777,0.322838580709645,0.0610822733018549,0.309845077461269,0.0463847893079828,0.536731634182909,0.256871564217891,0.114942528735632,0.0483764675300791,0.394302848575712,0.11344327836082,0.286356821589205,0.372813593203398,0.142428785607196,0.333833083458271,0.962018990504748,0.12543728135932,0.166416791604198
"SNP-52_1",0.578710644677661,0.623688155922039,0.68615692153923,0.625687156421789,0.123938030984508,0.0722833238209796,0.583208395802099,0.395802098950525,0.465267366316842,0.612693653173413,0.316841579210395,0.459270364817591,0.518740629685157,0.401299350324838,0.444777611194403,0.373313343328336,0.627686156921539,0.418790604697651,0.783108445777111,0.578210894552724,0.327336331834083,0.682658670664668,0.565217391304348,0.505747126436782,0.59320339830085,0.446776611694153,0.468765617191404,0.36631684157921,0.314342828585707,0.72063968015992,0.634182908545727,0.682658670664668,0.906046976511744,0.700649675162419,0.571214392803598,0.606696651674163,0.639180409795102,0.75712143928036,0.189405297351324,0.581209395302349,0.647176411794103,0.295852073963018,0.430784607696152,0.361319340329835,0.389305347326337,0.903048475762119,0.341329335332334,0.832583708145927,0.516741629185407,0.266866566716642
"SNP-52_2",0.227386306846577,0.224387806096952,0.0573084004627769,0.0525732662725074,0.384807596201899,0.332833583208396,0.455772113943028,0.443778110944528,0.429285357321339,0.0394262171255267,0.338830584707646,0.0394285739396829,0.235382308845577,0.0368623285301896,0.687156421789105,0.136431784107946,0.201899050474763,0.0481267923575537,0.294852573713143,0.0465670548626794,0.534732633683158,0.5992003998001,0.570714642678661,0.422788605697151,0.458270864567716,0.368815592203898,0.0353348308455108,0.721139430284858,0.309845077461269,0.171414292853573,0.326336831584208,0.642178910544728,0.063971155305348,0.0605980709021581,0.00248769022221751,0.250874562718641,0.256371814092954,0.259870064967516,0.251874062968516,0.191904047976012,0.44727636181909,0.0527913370586303,0.0695819072077749,0.373313343328336,0.492753623188406,0.230384807596202,0.0341413734957308,0.991504247876062,0.449275362318841,0.0294761550144275
"SNP-53_1",0.0772265974240388,0.0525579613384791,0.157421289355322,0.056281580906219,0.403298350824588,0.44327836081959,0.111444277861069,0.0514332762501255,0.00873952401445,0.0341427330569286,0.0140769346306424,0.0293791226105061,0.00118025406850453,0.332333833083458,0.136431784107946,0.164417791104448,0.145927036481759,0.0128383167811986,0.553723138430785,0.174912543728136,6.01643052109328e-05,0.485257371314343,0.440779610194903,0.068569221999966,0.254872563718141,0.116441779110445,0.0138236936022158,0.0855876219383329,0.0638943314455861,0.399300349825087,0.164917541229385,0.210394802598701,0.0600845910707366,0.0126934877275409,0.0213524717175975,0.037848005791004,0.499250374812594,0.36431784107946,0.0439356204595986,0.682658670664668,0.0155231367821553,0.00898480065417895,0.122938530734633,0.87256371814093,0.0107004475490072,0.0453429659273393,0.407796101949025,0.787606196901549,0.258870564717641,0.613693153423288
"SNP-53_2",0.653673163418291,0.8015992003998,0.575712143928036,0.644677661169415,0.646676661669165,0.508245877061469,0.302348825587206,0.645177411294353,0.591704147926037,0.404297851074463,0.611194402798601,0.665167416291854,0.220889555222389,0.695652173913043,0.653673163418291,0.644177911044478,0.590204897551224,0.655172413793103,0.685657171414293,0.340829585207396,0.511244377811094,0.675662168915542,0.589205397301349,0.377311344327836,0.296851574212894,0.515742128935532,0.841579210394803,0.591204397801099,0.462268865567216,0.272863568215892,0.452273863068466,0.280859570214893,0.604197901049475,0.739630184907546,0.731134432783608,0.521239380309845,0.707646176911544,0.788605697151424,0.0689287607587677,0.357821089455272,0.509745127436282,0.217891054472764,0.639180409795102,0.00868144496818757,0.814092953523238,0.638180909545227,0.88055972013993,0.584207896051974,0.771114442778611,0.466266866566717
"SNP-54_1",0.689155422288856,0.56471764117941,0.774112943528236,0.345327336331834,0.539230384807596,0.221389305347326,0.498250874562719,0.619690154922539,0.211894052973513,0.481259370314843,0.639180409795102,0.606696651674163,0.744627686156922,0.63368315842079,0.72863568215892,0.719640179910045,0.412293853073463,0.465267366316842,0.549725137431284,0.713643178410795,0.602698650674663,0.541229385307346,0.0710863116247468,0.499250374812594,0.68215892053973,0.51424287856072,0.591704147926037,0.482758620689655,0.43528235882059,0.404297851074463,0.538230884557721,0.315342328835582,0.84007996001999,0.497751124437781,0.734632683658171,0.549725137431284,0.408795602198901,0.654172913543228,0.455772113943028,0.112943528235882,0.0492023510851849,0.519240379810095,0.466766616691654,0.802598700649675,0.890054972513743,0.531234382808596,0.152423788105947,0.937031484257871,0.504247876061969,0.486756621689155
"SNP-54_2",0.224887556221889,0.40679660169915,0.392303848075962,0.401299350324838,0.581709145427286,0.385307346326837,0.321339330334833,0.0113968684494578,0.433783108445777,0.484757621189405,0.257371314342829,0.256871564217891,0.553223388305847,0.608695652173913,0.0503632085788005,0.52023988005997,0.424787606196902,0.559220389805097,0.750624687656172,0.288355822088956,0.416291854072964,0.922538730634683,0.23888055972014,0.430284857571214,0.230884557721139,0.539730134932534,0.24687656171914,0.441779110444778,0.48575712143928,0.457771114442779,0.55672163918041,0.43728135932034,0.52423788105947,0.261369315342329,0.324837581209395,0.254372813593203,0.497751124437781,0.420289855072464,0.134932533733133,0.612193903048476,0.530734632683658,0.184907546226887,0.671164417791104,0.551224387806097,0.647176411794103,0.331334332833583,0.243378310844578,0.274362818590705,0.733633183408296,0.203898050974513
"SNP-55_1",0.640679660169915,0.740129935032484,0.808595702148926,0.329335332333833,0.743628185907046,0.782608695652174,0.452773613193403,0.284357821089455,0.612193903048476,0.275862068965517,0.67816091954023,0.707146426786607,0.739630184907546,0.130934532733633,0.400299850074962,0.791104447776112,0.715142428785607,0.691154422788606,0.445777111444278,0.498750624687656,0.67416291854073,0.366816591704148,0.730134932533733,0.758120939530235,0.782608695652174,0.493253373313343,0.766616691654173,0.310844577711144,0.512743628185907,0.818590704647676,0.307846076961519,0.483258370814593,0.437781109445277,0.572713643178411,0.702648675662169,0.691654172913543,0.491754122938531,0.457771114442779,0.430784607696152,0.295852073963018,0.72463768115942,0.785607196401799,0.781109445277361,0.423788105947026,0.959020489755122,0.576211894052973,0.512743628185907,0.909545227386307,0.0129837100015007,0.341829085457271
"SNP-55_2",0.473263368315842,0.654172913543228,0.538730634682659,0.271364317841079,0.5952023988006,0.636681659170415,0.202898550724638,0.330334832583708,0.0124876129761606,0.0679387891934945,0.24687656171914,0.686656671664168,0.316841579210395,0.377311344327836,0.546726636681659,0.226386806596702,0.492253873063468,0.326836581709145,0.425287356321839,0.188405797101449,0.00731378912663017,0.27936031984008,0.52423788105947,0.466766616691654,0.48175912043978,0.505747126436782,0.547226386806597,0.318840579710145,0.254372813593203,0.502248875562219,0.0277388619761879,0.525737131434283,0.569715142428786,0.315342328835582,0.166416791604198,0.438780609695152,0.804097951024488,0.546226886556722,0.638680659670165,0.424287856071964,0.013955209405113,0.5952023988006,0.365317341329335,0.63568215892054,0.689655172413793,0.59720139930035,0.729635182408796,0.505247376311844,0.343828085957021,0.282358820589705
"SNP-56_1",0.141429285357321,0.506746626686657,0.278360819590205,0.275862068965517,0.489255372313843,0.51424287856072,0.27536231884058,0.300349825087456,0.442278860569715,0.0333427335119416,0.270864567716142,0.101949025487256,0.327336331834083,0.029725182626387,0.101949025487256,0.158420789605197,0.533733133433283,0.293353323338331,0.298850574712644,0.692653673163418,0.24287856071964,0.413793103448276,0.344327836081959,0.052488951524756,0.106946526736632,0.345327336331834,0.177911044477761,0.409295352323838,0.152423788105947,0.454772613693153,0.175912043978011,0.100949525237381,0.102948525737131,0.133933033483258,0.475262368815592,0.0540595728850695,0.538730634682659,0.79560219890055,0.215392303848076,0.657671164417791,0.533233383308346,0.203898050974513,0.424287856071964,0.764617691154423,0.511244377811094,0.778610694652674,0.142928535732134,0.182408795602199,0.762618690654673,0.401299350324838
"SNP-56_2",0.219390304847576,0.698650674662669,0.571214392803598,0.403798100949525,0.428285857071464,0.15592203898051,0.27336331834083,0.358820589705147,0.258870564717641,0.43728135932034,0.178910544727636,0.288855572213893,0.259870064967516,0.188905547226387,0.0227281367976609,0.444277861069465,0.0741802025198867,0.459770114942529,0.468765617191404,0.301849075462269,0.36431784107946,0.330334832583708,0.440779610194903,0.1944027986007,0.4047976011994,0.423788105947026,0.399800099950025,0.377811094452774,0.220389805097451,0.355822088955522,0.212393803098451,0.415792103948026,0.360819590204898,0.692653673163418,0.204897551224388,0.405297351324338,0.614692653673163,0.377811094452774,0.274362818590705,0.313343328335832,0.727136431784108,0.163418290854573,0.499750124937531,0.665167416291854,0.638680659670165,0.52023988005997,0.958020989505247,0.403298350824588,0.495252373813093,0.505247376311844
"SNP-57_1",0.136931534232884,0.184407796101949,0.397301349325337,0.366816591704148,0.062025016207412,0.262868565717141,0.0010615563209388,0.0645079104014629,0.148925537231384,0.0329654162769368,0.227886056971514,0.386806596701649,0.527236381809095,0.000211942642720302,0.110444777611194,0.327336331834083,0.305347326336832,0.2063968015992,0.40279860069965,0.23888055972014,0.216891554222889,0.44727636181909,0.0440477491893994,0.127936031984008,0.488255872063968,0.171914042978511,0.351324337831084,0.27536231884058,0.385307346326837,0.792103948025987,0.00124171380541382,0.455772113943028,0.484257871064468,0.438280859570215,0.377811094452774,0.394302848575712,0.382808595702149,0.0371492019562897,0.423788105947026,0.0312208231297275,0.0542965374697636,0.0548821033371028,0.649675162418791,0.000672913667003505,0.732133933033483,0.132433783108446,0.247376311844078,0.423788105947026,0.463268365817091,0.390804597701149
"SNP-57_2",0.310844577711144,0.429785107446277,0.462768615692154,0.534232883558221,0.785607196401799,0.648675662168916,0.491754122938531,0.773613193403298,0.670664667666167,0.681159420289855,0.460269865067466,0.312343828085957,0.634682658670665,0.192903548225887,0.430284857571214,0.401799100449775,0.663668165917041,0.664167916041979,0.438780609695152,0.231384307846077,0.583208395802099,0.257371314342829,0.350824587706147,0.675162418790605,0.544227886056971,0.619690154922539,0.263368315842079,0.630684657671164,0.183908045977011,0.567216391804098,0.600699650174913,0.389305347326337,0.424787606196902,0.659670164917541,0.700649675162419,0.56471764117941,0.60519740129935,0.524737631184408,0.048431992295187,0.92303848075962,0.665667166416792,0.796101949025487,0.64567716141929,0.785607196401799,0.161419290354823,0.592203898050975,0.16391804097951,0.60519740129935,0.416291854072964,0.237381309345327
"SNP-58_1",0.374312843578211,0.226386806596702,0.75312343828086,0.377311344327836,0.691654172913543,0.40679660169915,0.168415792103948,0.572213893053473,0.385307346326837,0.0468806233020704,0.366816591704148,0.504247876061969,0.380809595202399,0.434782608695652,0.669165417291354,0.234382808595702,0.386306846576712,0.217891054472764,0.0534930955116208,0.838580709645177,0.312843578210895,0.467266366816592,0.353823088455772,0.338330834582709,0.68015992003998,0.630184907546227,0.162418790604698,0.475262368815592,0.197401299350325,0.495752123938031,0.584707646176912,0.885057471264368,0.311344327836082,0.384307846076962,0.366816591704148,0.238380809595202,0.443778110944528,0.424787606196902,0.362818590704648,0.0704040747127254,0.387806096951524,0.23688155922039,0.154422788605697,0.24687656171914,0.706646676661669,0.394302848575712,0.322838580709645,0.318340829585207,0.750624687656172,0.3968015992004
"SNP-58_2",0.652673663168416,0.11344327836082,0.274862568715642,0.567216391804098,0.149925037481259,0.165417291354323,0.553223388305847,0.187906046976512,0.450274862568716,0.201899050474763,0.521739130434783,0.369315342328836,0.105447276361819,0.831584207896052,0.0716126004078106,0.669165417291354,0.553723138430785,0.051080064724993,0.36431784107946,0.573713143428286,0.522738630684658,0.205897051474263,0.255372313843078,1.41351980217951e-05,0.636181909045477,0.533733133433283,0.302348825587206,0.71264367816092,0.443778110944528,0.617191404297851,0.331834082958521,0.000603805750616804,0.169415292353823,0.778110944527736,0.851074462768616,0.752123938030985,0.211394302848576,0.229885057471264,0.434282858570715,0.737131434282859,0.466766616691654,0.250374812593703,0.141429285357321,0.00914427728251566,0.87856071964018,0.513743128435782,0.307346326836582,0.0235679826616783,0.412293853073463,0.702648675662169
"SNP-59_1",0.371814092953523,0.206896551724138,0.657671164417791,0.312843578210895,0.425787106446777,0.0384191151950639,0.32383808095952,0.0422714575549971,0.339330334832584,0.498750624687656,0.168915542228886,0.115942028985507,0.138430784607696,0.709145427286357,0.27536231884058,0.284857571214393,0.11944027986007,0.19240379810095,0.289355322338831,0.421289355322339,0.00182615813910336,0.261869065467266,0.229385307346327,0.00461191447866216,0.317341329335332,0.408295852073963,0.247376311844078,0.504747626186906,0.19240379810095,0.823588205897052,0.36631684157921,0.524737631184408,0.260869565217391,0.129935032483758,0.600199900049975,0.165417291354323,0.192903548225887,0.0282467757337562,0.24087956021989,0.88455772113943,0.611194402798601,0.177411294352824,0.241879060469765,0.200899550224888,0.411294352823588,0.136431784107946,0.656671664167916,0.834582708645677,0.00338016783048756,0.446776611694153
"SNP-59_2",0.00611121703189399,0.266366816591704,0.199400299850075,0.282358820589705,0.610194902548726,0.276861569215392,0.026762908058135,0.0037555323488051,0.133433283358321,0.00448617677035068,0.0188513609185261,0.0093046211224721,0.243378310844578,5.42400308667368e-07,0.00878377532184271,0.232383808095952,0.265867066466767,0.0124465305577434,0.226886556721639,0.110444777611194,0.0137418728545327,0.710144927536232,0.773113443278361,0.148425787106447,0.00609617729428712,0.176911544227886,0.170914542728636,0.221389305347326,0.110444777611194,0.665167416291854,4.99190128992321e-06,0.131434282858571,0.4007996001999,0.0636122994354038,0.242378810594703,0.115942028985507,0.215892053973014,0.596701649175412,0.0279971082029993,0.198900549725137,0.661669165417291,0.00919775983269755,0.00790814459973688,0.131934032983508,0.816591704147926,0.181409295352324,0.614692653673163,0.868565717141429,0.4007996001999,0.40279860069965
"SNP-60_1",0.567716141929036,0.15192403798101,0.324837581209395,0.0138069747123015,0.0652928231773536,0.110944527736132,0.140429785107446,0.344827586206897,0.474762618690655,0.300349825087456,0.260369815092454,0.106946526736632,0.406296851574213,0.846576711644178,0.474262868565717,0.451774112943528,0.0147951449231394,0.1944027986007,0.395802098950525,0.075641472312057,0.646676661669165,0.464267866066967,4.07055705808901e-08,0.411794102948526,0.474762618690655,0.345327336331834,0.200899550224888,0.0611713099603659,0.185407296351824,0.786106946526737,0.431784107946027,0.224387806096952,0.141429285357321,0.496751624187906,0.525737131434283,0.646176911544228,0.386306846576712,0.1944027986007,0.0802696502419049,0.798100949525237,0.0458251912337542,0.367816091954023,0.369315342328836,0.0358188678853391,0.0667453590683988,0.777611194402799,0.156921539230385,0.580709645177411,0.145427286356822,0.0574754894162065
"SNP-60_2",0.517241379310345,0.517241379310345,0.47776111944028,0.0123196569804525,0.649175412293853,0.473263368315842,0.525237381309345,0.1944027986007,0.314342828585707,0.360819590204898,0.425287356321839,0.152923538230885,0.314342828585707,0.312343828085957,0.109945027486257,0.100449775112444,0.146926536731634,0.571214392803598,0.542228885557221,0.162418790604698,0.0549245923172855,0.44127936031984,0.230384807596202,0.241879060469765,0.56671664167916,0.411794102948526,0.428785607196402,0.233383308345827,0.35632183908046,0.748125937031484,0.361319340329835,0.713643178410795,0.352823588205897,0.307846076961519,0.804097951024488,0.463768115942029,0.610194902548726,0.183908045977011,0.341829085457271,0.282358820589705,0.652173913043478,0.0500296113937275,0.64767616191904,0.80759620189905,0.88055972013993,0.4007996001999,0.176911544227886,0.340329835082459,0.0381746073583027,0.668165917041479
"SNP-61_1",0.439780109945027,0.203398300849575,0.240379810094953,0.0373343468341593,0.650674662668666,0.60519740129935,0.195402298850575,0.503748125937031,0.365317341329335,0.264867566216892,0.543728135932034,0.161419290354823,0.407296351824088,0.0287810530952785,0.0669659615862255,0.0516419635987728,0.397801099450275,0.251374312843578,0.248375812093953,0.579710144927536,0.1984007996002,0.408295852073963,0.542728635682159,0.559720139930035,0.375312343828086,0.0713419866508879,0.554222888555722,0.204897551224388,0.420789605197401,0.251874062968516,0.383308345827086,0.270864567716142,0.328835582208896,0.436781609195402,0.235882058970515,0.511744127936032,0.531234382808596,0.63968015992004,0.360819590204898,0.502248875562219,0.747126436781609,0.47576211894053,0.365317341329335,0.314842578710645,0.260869565217391,0.251874062968516,0.930034982508746,0.412293853073463,0.117941029485257,0.301349325337331
"SNP-61_2",0.0314137403625013,0.128935532233883,0.222388805597201,0.149925037481259,0.140929535232384,0.197401299350325,0.220389805097451,0.332833583208396,0.205897051474263,0.468265867066467,0.239880059970015,0.12743628185907,0.2063968015992,0.451274362818591,0.00569724528069426,0.0636865805685556,0.279860069965017,0.183908045977011,0.757621189405297,0.178410794602699,0.033568471689906,0.452273863068466,0.0211461351021131,0.124437781109445,0.0154766244963972,0.381309345327336,0.106946526736632,0.12343828085957,0.332333833083458,0.00400158637077486,0.152923538230885,0.570214892553723,0.3968015992004,0.272863568215892,0.116941529235382,0.32583708145927,0.128435782108946,0.438780609695152,0.272363818090955,0.243878060969515,0.575712143928036,0.0642990562417498,0.527736131934033,0.503248375812094,0.241379310344828,0.227886056971514,0.400299850074962,0.859570214892554,0.216891554222889,0.113943028485757
"SNP-62_1",0.0712493809809411,0.0182535541432134,0.292353823088456,0.197401299350325,0.0125730279774743,0.470264867566217,0.00287069210816215,0.528735632183908,0.209395302348826,0.0537677022813603,0.257371314342829,0.197401299350325,0.206896551724138,0.20039980009995,0.0238743823254055,0.272363818090955,0.0509619603414433,0.0280902534063284,0.657671164417791,0.229885057471264,0.193903048475762,0.141429285357321,0.0145296876362566,0.00965181622903533,0.168915542228886,0.347826086956522,0.00401472919014989,0.130434782608696,0.187906046976512,0.0317372148791074,0.0339955349138906,0.298350824587706,0.0204056177674199,0.0473176229850362,0.241379310344828,0.238380809595202,0.1984007996002,0.63968015992004,0.496751624187906,0.825087456271864,0.262368815592204,0.439780109945027,0.236381809095452,0.646176911544228,0.24087956021989,0.244377811094453,0.610694652673663,0.892553723138431,0.0201913441546224,0.249875062468766
"SNP-62_2",5.31953900257021e-05,7.88350369908845e-05,7.24846449592365e-05,0,0.000172763537587652,3.86529911615625e-06,6.85810036735119e-05,3.22760910816905e-05,3.94960988359117e-08,1.05424676292049e-05,0.000101654902372704,2.18014783264954e-06,3.39232657387001e-06,4.28940050145599e-09,0.00231510770473642,0.000198430850298093,2.50803522394705e-08,0.000169308574277303,3.46813785467859e-08,9.05437058662528e-10,7.552139896631e-06,0.000975536508689277,3.77151633257355e-08,5.18169635675365e-08,9.57388898492617e-07,2.22268268304515e-07,0.000341474841812287,0,2.27911357675303e-07,5.68382907406573e-09,0,1.90534652499963e-08,1.51127678165164e-05,0,4.08179966487048e-06,1.83525177377408e-06,5.11682829002336e-06,3.76648337407914e-07,4.6495753913689e-09,0.185407296351824,1.73399332670243e-08,0.000176843004870188,1.8455283967711e-08,0.0205945337821279,0.00788426286222266,0.283858070964518,3.24422735681568e-05,0,2.23875434857135e-08,0.000649499632500716
"SNP-63_1",0.000181950768289167,2.4668233756991e-08,3.89571589119093e-08,1.13787041011726e-07,0.0221072182910804,0.0050583621314918,0.000731357827923866,2.77307329099585e-07,0.00296866587101519,0.0317945210341168,0.000126363844132737,0.00146941885293501,0.00242617162530034,0.00115799359437041,2.08113655197906e-08,1.17491719530379e-06,1.62384519297731e-06,8.63204113743521e-08,0.00175231478609347,0.00122292783698197,0.00850442033046406,3.1970422309513e-08,0.00672606487689098,2.76751949414777e-07,1.41370584112939e-08,3.31972598852467e-06,0.00117208636254595,0.000151058143557007,0.0156313627649961,1.13720476369039e-08,0.00826424370740053,4.06215307800091e-08,0.00067701757358953,1.89250457527379e-08,1.65360680592919e-07,1.93021001680668e-05,0.000605536800939444,0.00166266279413819,0.0119138673480063,0.0433504424513022,0.0126178970457365,0.000913499144638745,0.02681123788961,0.439780109945027,0.84007996001999,0.0219934472612195,0.0157354206297594,1.83235359489076e-08,0.00294679007218523,0.643178410794603
"SNP-63_2",0.657171414292854,0.799100449775112,0.632683658170915,0.463268365817091,0.530734632683658,0.551224387806097,0.548725637181409,0.783108445777111,0.653673163418291,0.341829085457271,0.636181909045477,0.560219890054973,0.702648675662169,0.87856071964018,0.492253873063468,0.858070964517741,0.291854072963518,0.526736631684158,0.707646176911544,0.364817591204398,0.362818590704648,0.693153423288356,0.24687656171914,0.47376311844078,0.640679660169915,0.855072463768116,0.841579210394803,0.367816091954023,0.644677661169415,0.412793603198401,0.106446776611694,0.795102448775612,0.284857571214393,0.429285357321339,0.581709145427286,0.304847576211894,0.160919540229885,0.642178910544728,0.340829585207396,0.976011994002999,0.333333333333333,0.43728135932034,0.790604697651174,0.373313343328336,0.310344827586207,0.858570714642679,0.772113943028486,0.500249875062469,0.269365317341329,0.298850574712644
"SNP-64_1",0.0341033056770705,0.342328835582209,0.621689155422289,0.339830084957521,0.458270864567716,0.687156421789105,0.656671664167916,0.0577316202956555,0.255372313843078,0.579210394802599,0.138430784607696,0.433783108445777,0.640179910044978,0.432783608195902,0.12743628185907,0.407796101949025,0.258370814592704,0.183408295852074,0.16191904047976,0.392303848075962,0.2023988005997,0.32183908045977,0.695152423788106,0.474262868565717,0.544227886056971,0.746626686656672,0.365817091454273,0.186406796601699,0.211894052973513,0.539730134932534,0.401799100449775,0.893053473263368,0.387306346826587,0.308845577211394,0.475262368815592,0.299850074962519,0.175412293853073,0.0452751927478866,0.671164417791104,0.105947026486757,0.545227386306847,0.728135932033983,0.459770114942529,0.63968015992004,0.531234382808596,0.548225887056472,0.509245377311344,0.471264367816092,0.178410794602699,0.375812093953024
"SNP-64_2",0.0142651582185748,0.0396343587023906,0.0209416887004585,0.000137604753489636,0.276361819090455,0.144927536231884,0.0850264216685526,0.297351324337831,0.0196943834502505,0.0751302938599065,0.0385799054919048,0.213393303348326,0.0212017550485055,0.497751124437781,0.104447776111944,4.29790003572935e-08,0.00374847683537727,0.0674678848282705,0.00885786404997035,0.0586898008308597,0.134932533733133,0.43528235882059,0.28335832083958,0.066820887687804,0.157421289355322,0.0375631265260017,0.0542538803940833,0.0319707572197078,0.148425787106447,0.0635410046483486,0.15192403798101,0.0104465674898644,0.28735632183908,2.3861148946103e-08,0.108945527236382,0.130434782608696,0.1984007996002,0.393303348325837,0.264867566216892,0.310844577711144,0.152923538230885,0.244377811094453,0.213393303348326,0.0652590614485865,0.905047476261869,0.197401299350325,0.910544727636182,0.000160769003228119,0.483258370814593,0.261369315342329
"SNP-65_1",0.603698150924538,0.482758620689655,0.166416791604198,0.164417791104448,0.452773613193403,0.148425787106447,0.841579210394803,0.229885057471264,0.157421289355322,0.583208395802099,0.285857071464268,0.320839580209895,0.615192403798101,0.197901049475262,0.555722138930535,0.138430784607696,0.469765117441279,0.412293853073463,0.468265867066467,0.298350824587706,0.361819090454773,0.709645177411294,0.56471764117941,0.458270864567716,0.112443778110945,0.406296851574213,0.564217891054473,0.398300849575212,0.630684657671164,0.420289855072464,0.44127936031984,0.517741129435282,0.541729135432284,0.0139806838976749,0.344827586206897,0.0459288176551179,0.934032983508246,0.375812093953024,0.428785607196402,0.944027986006997,0.118440779610195,0.632183908045977,0.186406796601699,0.465267366316842,0.0612174854795989,0.693153423288356,0.178410794602699,0.0327640442151034,0.262868565717141,0.171914042978511
"SNP-65_2",0.413793103448276,0.466266866566717,0.357321339330335,0.162418790604698,0.735132433783108,0.350824587706147,0.126436781609195,0.350824587706147,0.143928035982009,0.247376311844078,0.523238380809595,0.207396301849075,0.1944027986007,0.249875062468766,0.314842578710645,0.166916541729135,0.174912543728136,0.383308345827086,0.426786606696652,0.47976011994003,0.00616890568452899,0.52623688155922,0.659670164917541,0.0514223214703404,0.712143928035982,0.172413793103448,0.0640625235037757,0.208895552223888,0.12143928035982,0.638180909545227,0.347326336831584,0.102448775612194,0.577711144427786,0.312343828085957,0.35232383808096,0.131934032983508,0.48175912043978,0.2023988005997,0.43928035982009,0.587206396801599,0.366816591704148,0.0325552053903424,0.298850574712644,0.0360646353702269,0.499750124937531,0.88455772113943,0.927536231884058,0.876061969015492,0.646176911544228,0.129435282358821
"SNP-66_1",0.866066966516742,0.377311344327836,0.470264867566217,0.342828585707146,0.495252373813093,0.403298350824588,0.478260869565217,0.112443778110945,0.122438780609695,0.503248375812094,0.379310344827586,0.543228385807096,0.292853573213393,0.903548225887057,0.346326836581709,0.340829585207396,0.395302348825587,0.23488255872064,0.421289355322339,0.324837581209395,0.136931534232884,0.381309345327336,0.0633254111640953,0.190904547726137,0.156921539230385,0.478260869565217,0.299350324837581,0.301849075462269,0.338830584707646,0.575212393803098,0.507246376811594,0.0474680758883733,0.683158420789605,0.0574385799150545,0.382808595702149,0.105447276361819,0.0578960996763219,0.340329835082459,0.472263868065967,0.87656171914043,0.191404297851074,0.320339830084958,0.513243378310845,0.519740129935032,0.149925037481259,0.619190404797601,0.516741629185407,0.393303348325837,0.644677661169415,0.710644677661169
"SNP-66_2",0.52023988005997,0.259870064967516,0.643178410794603,0.369315342328836,0.727636181909045,0.222888555722139,0.735132433783108,0.653173413293353,0.497751124437781,0.408295852073963,0.609195402298851,0.428285857071464,0.513743128435782,0.732133933033483,0.126436781609195,0.43728135932034,0.493253373313343,0.624187906046976,0.380809595202399,0.59320339830085,0.507746126936532,0.696151924037981,0.411294352823588,0.508245877061469,0.665167416291854,0.462768615692154,0.524737631184408,0.415792103948026,0.367816091954023,0.657171414292854,0.698650674662669,0.660669665167416,0.468765617191404,0.267366316841579,0.649675162418791,0.319340329835082,0.366816591704148,0.695152423788106,0.385807096451774,0.454772613693153,0.241379310344828,0.0733964002112151,0.43528235882059,0.529235382308846,0.853073463268366,0.369815092453773,0.367816091954023,0.103448275862069,0.0185990486060373,0.484757621189405
"SNP-67_1",0.83608195902049,0.427286356821589,0.335832083958021,0.290354822588706,0.641179410294853,0.255872063968016,0.373813093453273,0.640679660169915,0.366816591704148,0.63968015992004,0.445777111444278,0.27536231884058,0.358820589705147,0.0668582427048818,0.701149425287356,0.638680659670165,0.257371314342829,0.674662668665667,0.740629685157421,0.271864067966017,0.689655172413793,0.564217891054473,0.781109445277361,0.276861569215392,0.569215392303848,0.660669665167416,0.232383808095952,0.309845077461269,0.286356821589205,0.390804597701149,0.71264367816092,0.410294852573713,0.32183908045977,0.4047976011994,0.501749125437281,0.187406296851574,0.524737631184408,0.448775612193903,0.371814092953523,0.952523738130934,0.660169915042479,0.574712643678161,0.314342828585707,0.391804097951024,0.424787606196902,0.477261369315342,0.0362600789345672,0.519740129935032,0.268865567216392,0.79160419790105
"SNP-67_2",0.663668165917041,0.506246876561719,0.388305847076462,0.347826086956522,0.271864067966017,0.575712143928036,0.562218890554723,0.604197901049475,0.427286356821589,0.246376811594203,0.507746126936532,0.556221889055472,0.400299850074962,0.355822088955522,0.233883058470765,0.176411794102949,0.707146426786607,0.67216391804098,0.110944527736132,0.207396301849075,0.156921539230385,0.0515521580543753,0.527736131934033,0.356821589205397,0.255872063968016,0.612693653173413,0.415292353823088,0.409795102448776,0.329835082458771,0.365317341329335,0.317341329335332,0.442278860569715,0.629185407296352,0.582208895552224,0.368815592203898,0.344827586206897,0.567716141929036,0.215892053973014,0.180409795102449,0.276861569215392,0.423788105947026,0.212393803098451,0.696151924037981,0.208395802098951,0.259870064967516,0.0461677060008784,0.901549225387306,0.60519740129935,0.0386460001960286,0.070872112266737
"SNP-68_1",0.768615692153923,0.770114942528736,0.510244877561219,0.341829085457271,0.565717141429285,0.537731134432784,0.423788105947026,0.308345827086457,0.535732133933034,0.263868065967017,0.425787106446777,0.334832583708146,0.661669165417291,0.632683658170915,0.451274362818591,0.452773613193403,0.246376811594203,0.715642178910545,0.398300849575212,0.301849075462269,0.614692653673163,0.370314842578711,0.691154422788606,0.52423788105947,0.897551224387806,0.577211394302849,0.313343328335832,0.460769615192404,0.245877061469265,0.403798100949525,0.318340829585207,0.415792103948026,0.721139430284858,0.75512243878061,0.563718140929535,0.404297851074463,0.518740629685157,0.186906546726637,0.122438780609695,0.442278860569715,0.75912043978011,0.304347826086957,0.550224887556222,0.376811594202899,0.617691154422789,0.247376311844078,0.259870064967516,0.779610194902549,0.528735632183908,0.812593703148426
"SNP-68_2",0.573713143428286,0.143428285857071,0.307846076961519,0.529735132433783,0.601699150424788,0.56271864067966,0.157421289355322,0.188905547226387,0.061883040914964,0.397301349325337,0.388805597201399,0.134932533733133,0.138930534732634,0.636181909045477,0.484257871064468,0.180409795102449,0.344827586206897,0.257871064467766,0.32183908045977,0.455772113943028,0.653673163418291,0.233383308345827,0.616191904047976,0.139430284857571,0.670664667666167,0.207396301849075,0.303848075962019,0.424287856071964,0.610194902548726,0.248875562218891,0.597701149425287,0.664667666166917,0.354822588705647,0.116441779110445,0.227386306846577,0.251374312843578,0.609695152423788,0.47976011994003,0.450274862568716,0.778610694652674,0.540229885057471,0.0607945830734509,0.365817091454273,0.900549725137431,0.298350824587706,0.627186406796602,0.160419790104948,0.783608195902049,0.578710644677661,0.337331334332834
"SNP-69_1",0.465767116441779,0.418290854572714,0.43728135932034,0.268865567216392,0.244377811094453,0.265367316341829,0.372813593203398,0.308845577211394,0.55472263868066,0.0508132597036138,0.469765117441279,0.780609695152424,0.634682658670665,0.494752623688156,0.256371814092954,0.761619190404798,0.433783108445777,0.428785607196402,0.425287356321839,0.144927536231884,0.634182908545727,0.543228385807096,0.76511744127936,0.662668665667166,0.296351824087956,0.553723138430785,0.456771614192904,0.196901549225387,0.615192403798101,0.36631684157921,0.173413293353323,0.95352323838081,0.685657171414293,0.403298350824588,0.627186406796602,0.408295852073963,0.346326836581709,0.0567632520958503,0.63368315842079,0.303848075962019,0.636681659170415,0.439780109945027,0.136431784107946,0.206896551724138,0.484257871064468,0.92303848075962,0.236381809095452,0.440279860069965,0.316841579210395,0.35832083958021
"SNP-69_2",0.477261369315342,0.35432283858071,0.544727636181909,0.443778110944528,0.411794102948526,0.760119940029985,0.902548725637181,0.578710644677661,0.453773113443278,0.215392303848076,0.540729635182409,0.634682658670665,0.833083458270865,0.645177411294353,0.634682658670665,0.499750124937531,0.592703648175912,0.370314842578711,0.744127936031984,0.464267866066967,0.521739130434783,0.544227886056971,0.724137931034483,0.586206896551724,0.159420289855072,0.472263868065967,0.332833583208396,0.796101949025487,0.580709645177411,0.60119940029985,0.409295352323838,0.348325837081459,0.629685157421289,0.223888055972014,0.750124937531234,0.371314342828586,0.302848575712144,0.47776111944028,0.0390459880685028,0.71264367816092,0.821089455272364,0.469265367316342,0.805097451274363,0.0199682400508234,0.105947026486757,0.383808095952024,0.417291354322839,0.463768115942029,0.455272363818091,0.477261369315342
"SNP-70_1",0.577711144427786,0.592203898050975,0.265367316341829,0.000444113339904528,0.307846076961519,0.286856571714143,0.195402298850575,0.544727636181909,0.187906046976512,0.132433783108446,0.539730134932534,0.39880059970015,0.642178910544728,0.366816591704148,0.374312843578211,0.363818090954523,5.37597339977935e-08,0.689655172413793,0.0778193809474563,0.316841579210395,0.0448365399777265,0.31984007996002,0.0680295579478907,0.530734632683658,0.100949525237381,0.111944027986007,0.576211894052973,0.179910044977511,0.401799100449775,0.804597701149425,0.320839580209895,0.579710144927536,0.653173413293353,0.251874062968516,0.187906046976512,0.369315342328836,0.565217391304348,0.325337331334333,0.0406325142841282,0.048313082912494,0.335832083958021,0.453273363318341,0.371814092953523,0.210894552723638,0.284357821089455,0.76711644177911,0.871564217891054,0.928535732133933,0.52623688155922,0.519740129935032
"SNP-70_2",0.612693653173413,0.253873063468266,0.291854072963518,0.0493351434919742,0.569715142428786,0.495752123938031,0.500749625187406,0.243378310844578,0.644677661169415,0.294852573713143,0.280859570214893,0.156421789105447,0.1944027986007,0.484757621189405,0.27936031984008,0.451274362818591,0.319340329835082,0.114442778610695,0.40279860069965,0.258370814592704,0.271864067966017,0.415792103948026,0.634682658670665,0.355322338830585,0.332833583208396,0.513243378310845,0.148425787106447,0.487756121939031,0.467766116941529,0.245877061469265,0.167416291854073,0.672663668165917,0.240379810094953,0.261369315342329,0.207396301849075,0.417791104447776,0.223388305847076,0.440779610194903,0.209895052473763,0.31784107946027,0.379310344827586,0.600199900049975,0.473263368315842,0.335332333833083,0.108945527236382,0.35832083958021,0.582708645677161,0.658170914542729,0.414792603698151,0.598200899550225
"SNP-71_1",0.140429785107446,0.243878060969515,0.168915542228886,0.584707646176912,0.377311344327836,0.722138930534733,0.370314842578711,0.128435782108946,0.0580843043193987,0.691654172913543,0.289855072463768,0.337831084457771,0.539230384807596,0.63968015992004,0.308345827086457,0.363818090954523,0.113943028485757,0.406296851574213,0.35632183908046,0.675662168915542,0.56271864067966,0.881059470264868,0.421289355322339,0.312843578210895,0.350824587706147,0.254872563718141,0.338830584707646,0.345327336331834,0.583208395802099,0.324337831084458,0.629185407296352,0.660669665167416,0.189905047476262,0.23888055972014,0.392303848075962,0.495752123938031,0.465267366316842,0.114942528735632,0.735632183908046,0.537731134432784,0.320339830084958,0.135432283858071,0.389305347326337,0.467266366816592,0.337331334332834,0.0692512127267592,0.577211394302849,0.395302348825587,0.16191904047976,0.784107946026987
"SNP-71_2",0.105947026486757,0.481259370314843,0.75712143928036,0.51424287856072,0.764117941029485,0.537731134432784,0.696651674162919,0.785607196401799,0.616191904047976,0.27536231884058,0.657171414292854,0.32783608195902,0.494252873563218,0.349325337331334,0.0246768506896842,0.772613693153423,0.603698150924538,0.389805097451274,0.586706646676662,0.67216391804098,0.0543840983004652,0.787606196901549,0.555222388805597,0.877061469265367,0.80359820089955,0.035021073975275,0.733133433283358,0.427786106946527,0.580709645177411,0.695152423788106,0.112443778110945,0.903548225887057,0.630684657671164,0.735632183908046,0.636681659170415,0.758120939530235,0.451274362818591,0.847576211894053,0.529735132433783,0.803098450774613,0.529735132433783,0.342328835582209,0.706146926536732,0.624687656171914,0.130934532733633,0.434282858570715,0.691154422788606,0.722138930534733,0.717641179410295,0.392303848075962
"SNP-72_1",0.0280287401915128,0.408795602198901,0.311344327836082,0.148425787106447,0.605697151424288,0.348825587206397,0.742128935532234,0.553223388305847,0.559220389805097,0.0688703519940385,0.47776111944028,0.476761619190405,0.320839580209895,0.379810094952524,0.471264367816092,0.319340329835082,0.241379310344828,0.565717141429285,0.471764117941029,0.665667166416792,0.589705147426287,0.436781609195402,0.63968015992004,0.418790604697651,0.123938030984508,0.723138430784608,0.528735632183908,0.20439780109945,0.361819090454773,0.43328335832084,0.535732133933034,0.519740129935032,0.229385307346327,0.661169415292354,0.311344327836082,0.515242378810595,0.471764117941029,0.474262868565717,0.434782608695652,0.523738130934533,0.420289855072464,0.817591204397801,0.55272363818091,0.748625687156422,0.0684981834787237,0.880059970014992,0.533733133433283,0.911044477761119,0.828585707146427,0.829585207396302
"SNP-72_2",0.462768615692154,0.471764117941029,0.150924537731134,0.00942672917268872,0.00405933358532584,0.0513822823151024,0.432783608195902,0.395302348825587,0.391804097951024,0.0579661773514181,0.239380309845077,0.0138293649630248,0.0402042766262726,0.590704647676162,0.198900549725137,0.00117907421290886,0.132433783108446,0.535732133933034,0.31784107946027,0.312343828085957,0.187906046976512,0.0564289666051384,0.199900049975012,0.467266366816592,0.101949025487256,0.465767116441779,0.336831584207896,0.476261869065467,0.0404708665151573,0.426786606696652,0.226386806596702,0.440779610194903,0.521239380309845,0.288355822088956,0.577211394302849,0.315342328835582,0.490254872563718,0.143928035982009,2.32759145291084e-08,0.0509591141199309,0.217391304347826,1.45682721881535e-05,0.617191404297851,0.252873563218391,0.391304347826087,0.0474808810351927,0.00541498978899158,0.977511244377811,0.0142690295110589,0.891554222888556
"SNP-73_1",0.577211394302849,0.558220889555222,0.32583708145927,0.444777611194403,0.541229385307346,0.551724137931034,0.6031984007996,0.517741129435282,0.39480259870065,0.75912043978011,0.513243378310845,0.442278860569715,0.367816091954023,0.0486137666326726,0.337331334332834,0.673163418290855,0.280359820089955,0.472263868065967,0.717641179410295,0.635182408795602,0.274362818590705,0.401799100449775,0.412293853073463,0.754122938530735,0.526736631684158,0.549225387306347,0.782108945527236,0.193403298350825,0.575712143928036,0.44327836081959,0.318840579710145,0.385307346326837,0.467766116941529,0.907546226886557,0.545727136431784,0.705647176411794,0.762118940529735,0.333833083458271,0.750624687656172,0.859070464767616,0.475262368815592,0.732633683158421,0.410294852573713,0.507746126936532,0.920539730134933,0.908045977011494,0.550224887556222,0.776111944027986,0.466266866566717,0.88655672163918
"SNP-73_2",0.354822588705647,0.267366316841579,0.233883058470765,0.379810094952524,0.664667666166917,0.224387806096952,0.517741129435282,0.462268865567216,0.0546945299684196,0.00159459990776756,0.506746626686657,0.06770648274698,0.369315342328836,0.109445277361319,0.709145427286357,0.43728135932034,0.15392303848076,0.627186406796602,0.32383808095952,0.484757621189405,0.549225387306347,0.404297851074463,0.656171914042978,0.323338330834583,0.228385807096452,0.0607538044184621,0.802598700649675,0.426786606696652,0.023745567952335,0.219890054972514,0.0482440084279108,0.426286856571714,0.562218890554723,0.80359820089955,0.104947526236882,0.60119940029985,0.419290354822589,0.371814092953523,0.180409795102449,0.442278860569715,0.4007996001999,0.0337434878194651,0.113943028485757,0.212893553223388,0.715142428785607,0.0339335642973502,0.527236381809095,0.865567216391804,0.146926536731634,0.467266366816592
"SNP-74_1",0.115942028985507,0.569215392303848,0.43928035982009,0.663668165917041,0.624187906046976,0.48375812093953,0.428785607196402,0.280859570214893,0.43728135932034,0.618690654672664,0.436781609195402,0.415292353823088,0.607196401799101,0.245377311344328,0.270864567716142,0.396301849075462,0.583208395802099,0.662668665667166,0.236381809095452,0.444277861069465,0.403798100949525,0.299350324837581,0.567216391804098,0.381809095452274,0.459270364817591,0.418290854572714,0.432283858070965,0.535732133933034,0.214892553723138,0.247876061969015,0.853573213393303,0.379310344827586,0.910044977511244,0.63368315842079,0.372813593203398,0.940529735132434,0.242378810594703,0.350824587706147,0.187906046976512,0.0144448228803218,0.738630684657671,0.508745627186407,0.27936031984008,0.535232383808096,0.679160419790105,0.820089955022489,0.754622688655672,0.00115702355997838,0.466266866566717,0.142428785607196
"SNP-74_2",0.536731634182909,0.797101449275362,0.544227886056971,0.152923538230885,0.563718140929535,0.747626186906547,0.515742128935532,0.185407296351824,0.455272363818091,0.35232383808096,0.494252873563218,0.284357821089455,0.451274362818591,0.529735132433783,0.300849575212394,0.214892553723138,0.206896551724138,0.75512243878061,0.388805597201399,0.156921539230385,0.481259370314843,0.538230884557721,0.0479132631128204,0.352823588205897,0.538230884557721,0.498250874562719,0.497251374312844,0.618690654672664,0.502248875562219,0.51424287856072,0.751624187906047,0.819090454772614,0.673663168415792,0.663668165917041,0.625687156421789,0.213893053473263,0.477261369315342,0.117941029485257,0.48375812093953,0.138430784607696,0.529735132433783,0.116441779110445,0.681159420289855,0.0672287754944677,0.385307346326837,0.44127936031984,0.570714642678661,0.781109445277361,0.102448775612194,0.531734132933533
"SNP-75_1",0.232383808095952,0.268865567216392,0.0161443080037142,0.1944027986007,0.298850574712644,0.177911044477761,0.0181805895828339,0.263868065967017,0.12343828085957,0.00462175855578584,0.068400290149296,0.24087956021989,0.0698739435218761,0.0599799869688487,0.104947526236882,0.316841579210395,0.0261115743974158,0.118940529735132,0.0506536371372105,0.138430784607696,0.512243878060969,0.538230884557721,0.484257871064468,0.02570362184226,0.353823088455772,0.149925037481259,0.254872563718141,0.106946526736632,0.141929035482259,0.199400299850075,0.179910044977511,0.455772113943028,0.419290354822589,0.219390304847576,0.0527635264800621,0.359820089955023,0.0663905172533914,0.521739130434783,0.31584207896052,0.491754122938531,0.319340329835082,0.2063968015992,0.164417791104448,0.00449172828537991,0.375812093953024,0.426786606696652,0.35632183908046,0.841579210394803,0.737131434282859,0.205897051474263
"SNP-75_2",0.102448775612194,0.0337564416795001,0.0354342646269531,0.00698532306618738,0.0348921790167499,0.0102521694837483,0.316341829085457,0.0151460407280603,0.012850612539235,0.212893553223388,0.0149177793200554,0.0337668171019788,0.00681158045769281,0.414292853573213,0.370814592703648,0.00303951790677659,0.116441779110445,0.0184826719800406,0.0623263230879195,0.00184912661373537,0.0152593374453349,0.429785107446277,0.138430784607696,0.00724129107795302,0.00260373056630936,0.225387306346827,0.0162824723702042,0.000164906043373298,0.0303605460787028,0.0222602923983458,0.527736131934033,0.111944027986007,0.00451857498703012,9.54888147391391e-06,0.0181212274805548,0.00120512142322438,0.0090715191237879,0.864567716141929,0.117941029485257,0.280359820089955,0.0135078724299775,0.0143631903567609,0.0070068850186199,0.449275362318841,0.0514311549966957,0.176911544227886,0.949525237381309,6.42607960094774e-05,0.0035689927497623,0.143428285857071
"SNP-76_1",0.00238201311840935,0.00023734874521487,0.000583875402705991,1.45011924690408e-09,0.357321339330335,0.136931534232884,0.270864567716142,0.000606698447669141,0.0608955215235872,0.31984007996002,0.0314493074252703,0.00302056950314844,0.0645084783804168,0.308845577211394,0.393803098450775,1.52475886150939e-05,0.053021360265939,0.227886056971514,0.00110805368421374,0.00490928513060118,0.103448275862069,0.0144370547869443,0.0424243960453689,0.121939030484758,0.0356910536697624,0.000608092086545997,0.100949525237381,0.0112947792995478,0.1984007996002,0.000447633865386086,0.427786106946527,0.164917541229385,0.132433783108446,7.78140123447457e-08,1.82867199283966e-05,8.8205611703529e-09,0.105947026486757,0.180909545227386,0.365317341329335,0.843578210894553,0.170914542728636,0.395302348825587,0.431784107946027,0.740629685157421,0.944027986006997,0.195902048975512,0.390304847576212,0.000173268819837567,0.0285817375908524,0.39880059970015
"SNP-76_2",0.335832083958021,0.230384807596202,0.370314842578711,0.273863068465767,0.443778110944528,0.348825587206397,0.826086956521739,0.434282858570715,0.75912043978011,0.168415792103948,0.413293353323338,0.00326050357293772,0.389305347326337,0.531734132933533,0.210394802598701,0.775612193903048,0.0596325090041971,0.610694652673663,0.105447276361819,0.507746126936532,0.542228885557221,0.871064467766117,0.542728635682159,0.28735632183908,0.378310844577711,0.374812593703148,0.423788105947026,0.547726136931534,0.196901549225387,0.397801099450275,0.176911544227886,0.841079460269865,0.144427786106947,0.395802098950525,0.794602698650675,0.763618190904548,0.405297351324338,0.487256371814093,0.705647176411794,0.705647176411794,0.339830084957521,0.72663668165917,0.306346826586707,0.00470425600886992,0.744627686156922,0.76111944027986,0.860069965017491,0.338830584707646,0.0229923392673438,0.336331834082959
"SNP-77_1",0.434782608695652,0.48175912043978,0.468265867066467,0.336331834082959,0.55672163918041,0.729635182408796,0.131934032983508,0.470764617691154,0.318340829585207,0.345327336331834,0.513743128435782,1.50676845511732e-06,0.236381809095452,0.178410794602699,0.40679660169915,0.219890054972514,0.472763618190905,0.365317341329335,0.544227886056971,0.622188905547226,0.462268865567216,0.709645177411294,0.218390804597701,0.539230384807596,0.55272363818091,0.454272863568216,0.790104947526237,0.553223388305847,0.296351824087956,0.886056971514243,0.371314342828586,0.227386306846577,0.48375812093953,0.527736131934033,0.414792603698151,0.318840579710145,0.446776611694153,0.251874062968516,0.539730134932534,0.426786606696652,0.120939530234883,0.613193403298351,0.0370374640444305,0.335832083958021,0.504247876061969,0.050765131131038,0.494252873563218,0.220389805097451,0.12143928035982,0.280859570214893
"SNP-77_2",0.634682658670665,0.444777611194403,0.341329335332334,0.442778610694653,0.625187406296852,0.642678660669665,0.251374312843578,0.496251874062969,0.267866066966517,0.27336331834083,0.472763618190905,0.428285857071464,0.628185907046477,0.0485242629062976,0.589705147426287,0.303848075962019,0.603698150924538,0.403798100949525,0.205397301349325,0.132433783108446,0.122438780609695,0.16191904047976,0.605697151424288,0.403798100949525,0.113943028485757,0.596701649175412,0.623188405797101,0.700149925037481,0.390304847576212,0.763618190904548,0.505747126436782,0.814092953523238,0.822088955522239,0.476261869065467,0.531734132933533,0.412293853073463,0.59320339830085,0.452773613193403,0.812093953023488,0.565717141429285,0.141929035482259,0.280359820089955,0.250874562718641,0.186406796601699,0.444277861069465,0.141429285357321,0.742628685657171,0.196901549225387,0.0336237830671591,0.717141429285357
"SNP-78_1",0.934032983508246,0.510244877561219,0.530234882558721,0.465767116441779,0.72263868065967,0.418790604697651,0.598200899550225,0.329335332333833,0.409295352323838,0.0417366345911274,0.733133433283358,0.249375312343828,0.569215392303848,0.0355634653908015,0.872063968015992,0.431784107946027,0.298350824587706,0.539730134932534,0.387306346826587,0.402298850574713,0.479260369815092,0.302848575712144,0.727136431784108,0.861069465267366,0.363818090954523,0.561219390304848,0.79960019990005,0.441779110444778,0.279860069965017,0.633183408295852,0.519240379810095,0.11544227886057,0.536731634182909,0.812093953023488,0.642678660669665,0.770614692653673,0.401799100449775,0.586206896551724,0.470264867566217,0.0393957356835543,0.758120939530235,0.719640179910045,0.71264367816092,0.142428785607196,0.993503248375812,0.354822588705647,0.600199900049975,0.35432283858071,0.665667166416792,0.297351324337831
"SNP-78_2",0.272363818090955,0.391804097951024,0.0600169840065484,0.393803098450775,0.52023988005997,0.653173413293353,0.248875562218891,0.107946026986507,0.509745127436282,0.0579718530449426,0.188405797101449,0.249375312343828,0.283858070964518,0.174912543728136,0.217391304347826,0.436281859070465,0.551724137931034,0.442278860569715,0.580709645177411,0.242378810594703,0.217891054472764,0.158920539730135,0.0139671874915317,0.316841579210395,0.550224887556222,0.373813093453273,0.470264867566217,0.147426286856572,0.418790604697651,0.43328335832084,0.4047976011994,0.226386806596702,0.297351324337831,0.768615692153923,0.376811594202899,0.470264867566217,0.344827586206897,0.053181853864835,0.171914042978511,0.389305347326337,0.510744627686157,0.0318886472286223,0.437781109445277,0.407796101949025,0.943028485757121,0.492253873063468,0.675162418790605,0.823588205897052,0.267866066966517,0.343828085957021
"SNP-79_1",0.374812593703148,0.370314842578711,0.48375812093953,0.432283858070965,0.543228385807096,0.71864067966017,0.699650174912544,0.44327836081959,0.416791604197901,0.460769615192404,0.254872563718141,0.352823588205897,0.589205397301349,0.935032483758121,0.457271364317841,0.0347493503237313,0.616191904047976,0.0276979422320516,0.645177411294353,0.621189405297351,0.470264867566217,0.592703648175912,0.576211894052973,0.432283858070965,0.321339330334833,0.706646676661669,0.0319959230432593,0.480259870064968,0.214892553723138,0.823588205897052,0.535232383808096,0.337831084457771,0.426286856571714,0.00721397209729124,0.337331334332834,0.0329983179168655,0.559220389805097,0.450274862568716,0.614692653673163,0.43728135932034,0.218390804597701,0.343828085957021,0.825587206396802,0.583208395802099,0.657671164417791,0.528235882058971,0.123938030984508,0.810594702648676,0.568215892053973,0.0536974796003917
"SNP-79_2",0.221889055472264,0.320339830084958,0.207896051974013,0.289355322338831,0.646176911544228,0.156921539230385,0.631684157921039,0.16791604197901,0.0645483967935865,0.0692446175029551,0.272863568215892,0.0464616139258732,0.1984007996002,0.108945527236382,0.328835582208896,0.284357821089455,0.399800099950025,0.274362818590705,0.211394302848576,0.430284857571214,0.0345362875734199,0.146426786606697,0.385807096451774,0.136931534232884,0.372313843078461,0.222388805597201,0.628185907046477,0.261369315342329,0.0633172216520669,0.622688655672164,0.413293353323338,0.232383808095952,0.3928035982009,0.421289355322339,0.585707146426787,0.311344327836082,0.72063968015992,0.294352823588206,0.015354482817526,0.0411525714824104,0.326336831584208,0.0424996246106567,0.0628299401722223,0.5992003998001,0.379310344827586,0.233383308345827,0.227386306846577,0.764117941029485,0.0712829169250744,0.878060969515242
"SNP-80_1",0.509245377311344,0.147926036981509,0.342328835582209,0.185907046476762,0.136931534232884,0.040986939469809,0.422288855572214,0.534232883558221,0.532733633183408,0.367316341829085,0.165417291354323,0.263368315842079,0.219890054972514,0.529235382308846,0.532233883058471,0.278860569715142,0.0552004089879348,0.0751932248088788,0.656671664167916,0.376811594202899,0.054561336239714,0.255372313843078,0.0197803602734812,0.0569652109447564,0.0535494805254967,0.59320339830085,0.384807596201899,0.0730923359505132,0.162918540729635,0.549225387306347,0.3968015992004,0.490754622688656,0.349825087456272,0.877061469265367,0.480759620189905,0.854072963518241,0.265867066466767,0.32583708145927,0.124437781109445,0.3928035982009,0.240379810094953,0.00432621298833757,0.187906046976512,0.00190691514066665,0.0638639239617672,0.19240379810095,0.292853573213393,0.975512243878061,0.545227386306847,0.694152923538231
"SNP-80_2",0.454772613693153,0.649675162418791,0.68415792103948,0.8015992003998,0.546726636681659,0.7936031984008,0.48575712143928,0.469265367316342,0.189905047476262,0.522738630684658,0.873063468265867,0.564217891054473,0.468265867066467,0.235382308845577,0.931034482758621,0.312843578210895,0.3928035982009,0.592703648175912,0.456771614192904,0.203898050974513,0.912543728135932,0.323338330834583,0.472763618190905,0.328835582208896,0.910044977511244,0.490754622688656,0.643178410794603,0.48575712143928,0.835082458770615,0.856071964017991,0.825087456271864,0.668165917041479,0.31384307846077,0.434782608695652,0.649175412293853,0.898550724637681,0.498250874562719,0.553223388305847,0.261369315342329,0.543228385807096,0.713143428285857,0.373313343328336,0.557221389305347,0.527736131934033,0.254872563718141,0.933533233383308,0.438280859570215,0.0721968116202774,0.829585207396302,0.64767616191904
"SNP-81_1",0.308345827086457,0.497251374312844,0.252373813093453,0.619190404797601,0.628685657171414,0.102948525737131,0.324337831084458,0.193403298350825,0.239380309845077,0.268865567216392,0.270364817591204,0.16191904047976,0.312843578210895,0.376311844077961,0.374312843578211,0.363318340829585,0.175412293853073,0.345827086456772,0.179910044977511,0.221389305347326,0.102448775612194,0.233883058470765,0.299350324837581,0.39480259870065,0.392303848075962,0.0687499371306906,0.216891554222889,0.112943528235882,0.144427786106947,0.5992003998001,0.567216391804098,0.600699650174913,0.664667666166917,0.176911544227886,0.343328335832084,0.0385185179245096,0.490254872563718,0.0342189771068211,0.0304001942316579,0.535732133933034,0.80359820089955,0.528735632183908,0.212893553223388,0.171414292853573,0.796601699150425,0.933533233383308,0.794102948525737,0.813593203398301,0.609695152423788,0.604197901049475
"SNP-81_2",0.657171414292854,0.583208395802099,0.543228385807096,0.520739630184908,0.329335332333833,0.409295352323838,0.924537731134433,0.568215892053973,0.424787606196902,0.340829585207396,0.538730634682659,0.346326836581709,0.570714642678661,0.684657671164418,0.430284857571214,0.446776611694153,0.472763618190905,0.590704647676162,0.825587206396802,0.769115442278861,0.364817591204398,0.410294852573713,0.752623688155922,0.381809095452274,0.622688655672164,0.557221389305347,0.608695652173913,0.623188405797101,0.817091454272864,0.56471764117941,0.382808595702149,0.602698650674663,0.476761619190405,0.79960019990005,0.380309845077461,0.776111944027986,0.481259370314843,0.56471764117941,0.329835082458771,0.12543728135932,0.48175912043978,0.680659670164918,0.385307346326837,0.604697651174413,0.0674800985077303,0.493253373313343,0.40279860069965,0.948525737131434,0.719640179910045,0.356821589205397
"SNP-82_1",0.514742628685657,0.226386806596702,0.500249875062469,0.215392303848076,0.732133933033483,0.155422288855572,0.257871064467766,0.00353987442916659,0.351824087956022,0.221389305347326,0.0584926928574654,0.333333333333333,0.461269365317341,0.401299350324838,0.337831084457771,0.855072463768116,0.0856081725271979,0.149425287356322,0.383308345827086,0.438780609695152,0.533733133433283,0.466266866566717,0.0532589991658876,0.20039980009995,0.242378810594703,0.227886056971514,0.582208895552224,0.293353323338331,0.0642690314546851,0.350324837581209,0.184907546226887,0.511244377811094,0.503748125937031,0.103948025987006,0.433783108445777,0.143928035982009,0.477261369315342,0.00362863692081683,0.0716819423961984,0.210894552723638,0.249875062468766,0.108445777111444,0.708145927036482,0.48175912043978,0.740629685157421,0.458770614692654,0.303348325837081,0.515242378810595,0.126436781609195,0.495252373813093
"SNP-82_2",0.105447276361819,0.194902548725637,1.10235848626217e-05,0.0341678238635285,0.437781109445277,0.378310844577711,0.23688155922039,0.0748045551302716,0.00793638789110973,0.563218390804598,0.145927036481759,0.0413934077869021,1.10756126228129e-05,0.112443778110945,0.0164039920059771,0.347826086956522,0.0690597275160729,0.415792103948026,0.0013266297452772,0.0178941155517323,0.243878060969515,0.148425787106447,0.183908045977011,0.124937531234383,0.292353823088456,0.0149747819875116,0.00871211650121917,0.00260495929209581,0.310844577711144,0.0552726609040053,0.843578210894553,0.0229449776527563,4.82010825071749e-05,0.164417791104448,0.00491440410919863,0.172913543228386,0.624187906046976,0.100949525237381,0.124937531234383,0.2023988005997,0.501249375312344,0.0342842859510798,0.130434782608696,0.827586206896552,0.00753892477195373,0.915542228885557,0.318840579710145,0.141929035482259,0.476261869065467,0.340829585207396
"SNP-83_1",0.00037720209706905,0.0455102223902358,1.12769987792305e-08,0.00365869313079548,0.442278860569715,0.00932017965974719,0.0501722576211404,0.134932533733133,0.00429867600856348,0.101949025487256,0.233883058470765,0.000538202740841709,5.81693138101969e-09,2.50468073165748e-08,1.55773046683905e-08,0.0275056496274851,0.000554441587248711,0.284857571214393,2.64791411019871e-09,0.00605448074381976,1.41133530943595e-07,0.15992003998001,0.0251529061510711,0.183408295852074,0.00310201886702755,0.000217809599131482,5.64711188921763e-09,0.00485841319634128,5.70789264742189e-08,0.0305010893847421,0.0201855726188169,3.03331555605262e-08,0.000133445450772899,0.00206291325922829,1.72765436012856e-06,0.00284712207678028,0.92103948025987,0.0112140199417813,1.80664987858847e-07,0.00898148319528635,0.321339330334833,5.00801008646717e-06,3.76920914146872e-07,0.0178965508705821,0.387806096951524,0.0559713073259014,0.755622188905547,0.483258370814593,0.0534709242481641,0.0262766357469569
"SNP-83_2",0.162418790604698,0.436281859070465,0.576211894052973,0.750624687656172,0.699150424787606,0.733133433283358,0.450774612693653,0.945527236381809,0.510244877561219,0.365817091454273,0.606196901549225,0.68615692153923,0.790604697651174,0.140429785107446,0.319340329835082,0.677161419290355,0.645177411294353,0.775112443778111,0.392303848075962,0.628685657171414,0.693653173413293,0.467766116941529,0.133433283358321,0.666166916541729,0.687656171914043,0.116441779110445,0.421789105447276,0.183408295852074,0.852573713143428,0.694652673663168,0.173913043478261,0.134932533733133,0.752123938030985,0.35832083958021,0.961019490254873,0.636181909045477,0.622188905547226,0.954022988505747,0.250874562718641,0.107946026986507,0.288855572213893,0.587706146926537,0.325337331334333,0.432783608195902,0.951024487756122,0.629185407296352,0.851574212893553,0.553723138430785,0.124437781109445,0.621689155422289
"SNP-84_1",0.542228885557221,0.16591704147926,0.701649175412294,0.584707646176912,0.424787606196902,0.701149425287356,0.556221889055472,0.332333833083458,0.436281859070465,0.201399300349825,0.244377811094453,0.736131934032983,0.779110444777611,0.52623688155922,0.451274362818591,0.646676661669165,0.448275862068966,0.307346326836582,0.272863568215892,0.631184407796102,0.483258370814593,0.854072963518241,0.372313843078461,0.507746126936532,0.668665667166417,0.613193403298351,0.419290354822589,0.540229885057471,0.695652173913043,0.376311844077961,0.52423788105947,0.553223388305847,0.266366816591704,0.887056471764118,0.622188905547226,0.596201899050475,0.253373313343328,0.446276861569215,0.665167416291854,0.428285857071464,0.296851574212894,0.820589705147426,0.771614192903548,0.250874562718641,0.670164917541229,0.907046476761619,0.523238380809595,0.925537231384308,0.116441779110445,0.528235882058971
"SNP-84_2",0.0420079162279051,0.136931534232884,0.214392803598201,0.369315342328836,0.312343828085957,0.35632183908046,0.322838580709645,0.103448275862069,0.00734428808836873,0.0470372919754596,0.0599358744565961,0.114942528735632,0.220389805097451,0.00693369180353121,0.175912043978011,0.28135932033983,0.40279860069965,0.0448375411175705,0.070892309980277,0.401299350324838,0.0472523799656358,0.222888555722139,0.169415292353823,0.139930034982509,0.0652405365977069,0.141429285357321,0.299850074962519,0.0388919119235256,0.0151591659662427,0.579210394802599,0.15792103948026,0.677161419290355,0.43528235882059,0.12543728135932,0.238380809595202,0.139430284857571,0.129435282358821,0.536231884057971,0.136431784107946,0.167416291854073,0.559720139930035,0.00125066277753172,0.00973811405275071,0.357321339330335,0.888055972013993,0.0132773707801866,0.418790604697651,0.0390920088056355,0.240379810094953,0.216391804097951
"SNP-85_1",0.297351324337831,0.942528735632184,0.265367316341829,0.727636181909045,0.397801099450275,0.399300349825087,0.953023488255872,0.23688155922039,0.513243378310845,0.0724538644636289,0.95552223888056,0.921539230384808,0.379810094952524,0.916041979010495,0.467766116941529,0.694652673663168,0.540729635182409,0.247376311844078,0.546226886556722,0.227886056971514,0.811094452773613,0.468265867066467,0.768615692153923,0.786606696651674,0.856071964017991,0.550224887556222,0.863068465767116,0.334332833583208,0.700149925037481,0.748125937031484,0.0449377511014359,0.237881059470265,0.769115442278861,0.241379310344828,0.974512743628186,0.410294852573713,0.345827086456772,0.683158420789605,0.19240379810095,0.290354822588706,0.803098450774613,0.894552723638181,0.31584207896052,0.328335832083958,0.665167416291854,0.548725637181409,0.802098950524738,0.661669165417291,0.327336331834083,0.469765117441279
"SNP-85_2",0.585707146426787,0.481259370314843,0.59320339830085,0.383808095952024,0.385307346326837,0.649675162418791,0.72463768115942,0.436781609195402,0.413793103448276,0.830584707646177,0.72463768115942,0.367316341829085,0.404297851074463,0.172413793103448,0.31384307846077,0.793103448275862,0.543228385807096,0.567216391804098,0.79160419790105,0.302348825587206,0.511744127936032,0.531734132933533,0.124437781109445,0.629685157421289,0.363318340829585,0.621689155422289,0.717141429285357,0.291854072963518,0.386806596701649,0.539730134932534,0.39480259870065,0.659670164917541,0.631184407796102,0.605697151424288,0.705647176411794,0.412793603198401,0.741129435282359,0.462268865567216,0.405297351324338,0.802598700649675,0.206896551724138,0.0577456024155425,0.473263368315842,0.386806596701649,0.198900549725137,0.483258370814593,0.721139430284858,0.445777111444278,0.229385307346327,0.786106946526737
"SNP-86_1",0.292353823088456,0.353323338330835,0.430284857571214,0.201899050474763,0.352823588205897,0.211394302848576,0.375312343828086,0.794602698650675,0.0229875943424629,0.171414292853573,0.419290354822589,0.191904047976012,0.231384307846077,0.00132769752232065,0.32383808095952,0.12543728135932,0.179910044977511,0.109945027486257,0.250374812593703,0.260869565217391,0.356821589205397,0.606696651674163,0.338830584707646,0.262868565717141,0.384307846076962,0.0435416254001958,0.471764117941029,0.0116614534583501,0.0275616899963433,0.64567716141929,0.388305847076462,0.384807596201899,0.260369815092454,0.680659670164918,0.644677661169415,0.266866566716642,0.457271364317841,0.718140929535232,0.0394661688718564,0.243878060969515,0.506746626686657,0.0120207542369271,0.781609195402299,0.276361819090455,0.709645177411294,0.585207396301849,0.151424287856072,0.814092953523238,0.573213393303348,0.744127936031984
"SNP-86_2",0.507746126936532,0.508245877061469,0.538230884557721,0.577211394302849,0.517241379310345,0.15992003998001,0.355822088955522,0.215892053973014,0.421789105447276,0.201399300349825,0.206896551724138,0.656671664167916,0.289355322338831,0.0476801595447081,0.459770114942529,0.612693653173413,0.27736131934033,0.383308345827086,0.611694152923538,0.326836581709145,0.241879060469765,0.278360819590205,0.513243378310845,0.43328335832084,0.649175412293853,0.540729635182409,0.411294352823588,0.402298850574713,0.43728135932034,0.589205397301349,0.130934532733633,0.55872063968016,0.606696651674163,0.741629185407296,0.586206896551724,0.247876061969015,0.772613693153423,0.0216632531262478,0.289855072463768,0.579210394802599,0.540229885057471,0.523238380809595,0.154922538730635,0.341329335332334,0.31784107946027,0.0739762237415149,0.690654672663668,0.270364817591204,0.173413293353323,0.368315842078961
"SNP-87_1",0.631684157921039,0.385807096451774,0.72663668165917,0.535232383808096,0.351324337831084,0.28135932033983,0.507746126936532,0.208895552223888,0.347326336831584,0.285857071464268,0.108945527236382,0.294852573713143,0.422788605697151,0.418790604697651,0.293853073463268,0.465267366316842,0.231884057971014,0.283858070964518,0.615692153923038,0.507746126936532,0.261369315342329,0.328335832083958,0.521239380309845,0.0549114455609261,0.159420289855072,0.318340829585207,0.373313343328336,0.276861569215392,0.107446276861569,0.483258370814593,0.350824587706147,0.224887556221889,0.256371814092954,0.590704647676162,0.450774612693653,0.427786106946527,0.365317341329335,0.225387306346827,0.387306346826587,0.495252373813093,0.423288355822089,0.195402298850575,0.248375812093953,0.376811594202899,0.896551724137931,0.660169915042479,0.862568715642179,0.431284357821089,0.0660482701479929,0.644177911044478
"SNP-87_2",0.665667166416792,0.5992003998001,0.308845577211394,0.647176411794103,0.376811594202899,0.567716141929036,0.557221389305347,0.636681659170415,0.431784107946027,0.534232883558221,0.471764117941029,0.492253873063468,0.322838580709645,0.231384307846077,0.470264867566217,0.817591204397801,0.808595702148926,0.51624187906047,0.664667666166917,0.782608695652174,0.803098450774613,0.675162418790605,0.034013778305104,0.669665167416292,0.549225387306347,0.790104947526237,0.637181409295352,0.591704147926037,0.752623688155922,0.546726636681659,0.525237381309345,0.525737131434283,0.400299850074962,0.302848575712144,0.729635182408796,0.546226886556722,0.4047976011994,0.587706146926537,0.518740629685157,0.116441779110445,0.749125437281359,0.745127436281859,0.453273363318341,0.64167916041979,0.559220389805097,0.571714142928536,0.280859570214893,0.703148425787106,0.300349825087456,0.925537231384308
"SNP-88_1",0.545727136431784,0.275862068965517,0.5952023988006,0.107446276861569,0.36431784107946,0.636181909045477,0.292353823088456,0.861069465267366,0.050913331024211,0.0427443941067435,0.341329335332334,0.455772113943028,0.331834082958521,0.24687656171914,0.506246876561719,0.688655672163918,0.0562163411611101,0.208895552223888,0.579210394802599,0.214392803598201,0.471764117941029,0.209895052473763,0.114942528735632,0.362818590704648,0.279860069965017,0.210894552723638,0.210894552723638,0.471264367816092,0.503248375812094,0.152923538230885,0.00869122799982402,0.450774612693653,0.278360819590205,0.68615692153923,0.365317341329335,0.400299850074962,0.459270364817591,0.470764617691154,0.546726636681659,0.809095452273863,0.455772113943028,0.157421289355322,0.673163418290855,0.596701649175412,0.523738130934533,0.290354822588706,0.573713143428286,0.63768115942029,0.76111944027986,0.219890054972514
"SNP-88_2",0.637181409295352,0.656671664167916,0.586206896551724,0.440279860069965,0.56471764117941,0.40279860069965,0.806596701649175,0.373813093453273,0.284357821089455,1.56857564492796e-07,0.389805097451274,0.459770114942529,0.441779110444778,0.663168415792104,0.00122836915697742,0.228385807096452,0.265867066466767,0.561219390304848,0.903048475762119,0.463768115942029,0.547726136931534,0.859070464767616,0.651174412793603,0.724137931034483,0.769115442278861,0.442778610694653,0.499250374812594,0.527236381809095,0.509245377311344,0.303348325837081,0.626186906546727,0.432783608195902,0.5952023988006,0.369815092453773,0.359820089955023,0.362818590704648,0.691654172913543,0.514742628685657,0.302848575712144,0.154422788605697,0.851574212893553,0.395302348825587,0.668165917041479,0.44527736131934,0.152423788105947,0.465767116441779,0.505247376311844,0.716141929035482,0.661169415292354,0.658170914542729
"CD46-1",0.534232883558221,0.346326836581709,0.594202898550725,0.434282858570715,0.572213893053473,0.405797101449275,0.363818090954523,0.739130434782609,0.0413677015991267,1.15264298106155e-08,0.359320339830085,0.511744127936032,0.585207396301849,0.175912043978011,2.86019703255036e-07,0.736131934032983,0.732133933033483,0.437781109445277,0.335832083958021,0.367816091954023,0.3968015992004,0.147426286856572,0.283858070964518,0.701149425287356,0.574212893553223,0.587706146926537,0.397301349325337,0.560219890054973,0.240379810094953,0.600699650174913,0.534732633683158,0.760619690154923,0.469265367316342,0.761619190404798,0.505747126436782,0.683158420789605,0.440279860069965,0.737631184407796,0.535232383808096,0.265867066466767,0.330334832583708,0.141429285357321,0.222388805597201,0.414792603698151,0.249375312343828,0.699650174912544,0.144427786106947,0.75912043978011,0.368815592203898,0.378310844577711
"CD46-2",0.224887556221889,0.568715642178911,0.175412293853073,0.464767616191904,0.0737307964287864,0.201399300349825,0.377811094452774,0.502748625687156,0.301849075462269,0.576711644177911,0.376311844077961,0.459270364817591,0.235882058970515,0.226886556721639,0.214892553723138,0.421789105447276,0.268365817091454,0.499750124937531,0.75312343828086,0.337831084457771,0.302348825587206,0.325337331334333,0.259370314842579,0.0314363344148348,0.0128760962033353,0.311844077961019,0.561219390304848,0.500749625187406,0.0711667339704363,0.508745627186407,0.482258870564718,0.766616691654173,0.363818090954523,0.544227886056971,0.44127936031984,0.243378310844578,0.0554849623242046,0.667166416791604,0.109445277361319,0.457271364317841,0.561719140429785,0.659670164917541,0.133933033483258,0.695152423788106,0.900549725137431,0.224887556221889,0.887556221889055,0.610694652673663,0.775612193903048,0.545227386306847
"CD52-1",0.92303848075962,0.590204897551224,0.548725637181409,0.677161419290355,0.238380809595202,0.596701649175412,0.369315342328836,0.812593703148426,0.710644677661169,0.498750624687656,0.644677661169415,0.493753123438281,0.52623688155922,0.687656171914043,0.431784107946027,0.715642178910545,0.361319340329835,0.492253873063468,0.764117941029485,0.367816091954023,0.532233883058471,0.507746126936532,0.906046976511744,0.580709645177411,0.545227386306847,0.732133933033483,0.555722138930535,0.506746626686657,0.407296351824088,0.731634182908546,0.216891554222889,0.750624687656172,0.458770614692654,0.858070964517741,0.632183908045977,0.889055472263868,0.709145427286357,0.67416291854073,0.806096951524238,0.892553723138431,0.499750124937531,0.770614692653673,0.498250874562719,0.918040979510245,0.704147926036982,0.843578210894553,0.0675198763945086,0.485257371314343,0.454772613693153,0.32583708145927
"CD52-2",0.269365317341329,0.397801099450275,0.0358553891681356,2.43425877922036e-05,0.288855572213893,0.245877061469265,0.27736131934033,0.110444777611194,0.00115174879872959,0.445777111444278,1.75207877788699e-06,0.0107084548765222,7.26805926554164e-08,0.333833083458271,0.482758620689655,0.036604689968269,5.63574025753341e-08,1.23573482372352e-05,0.140929535232384,0.00172339215114559,0.173413293353323,3.39716779952272e-07,0.400299850074962,1.18912067273727e-05,0.00060463365435004,0.497751124437781,0.000130020144923532,0.151424287856072,0.115942028985507,0.465767116441779,0.717641179410295,0.0427619051707744,0.157421289355322,0.27936031984008,0.363818090954523,0.24087956021989,0.441779110444778,0.0325857601614382,0.434782608695652,0,0.253373313343328,2.06610886945172e-05,0.114442778610695,0.347826086956522,0.894552723638181,0.0331572266006852,0.578210894552724,0.298850574712644,0.473263368315842,0.0759225204714233
"HSPA8-1",0.272363818090955,0.286856571714143,0.0516180177245574,0.0402740677990365,0.0123542969018715,0.0212281059602775,0.0390273309197511,0.0424424875603997,0.191404297851074,0.167416291854073,0.12343828085957,0.0147634997181451,0.0624314667175645,0.0643476686558453,0.195402298850575,0.624187906046976,0.0244568246650766,0.153423288355822,0.424287856071964,0.147426286856572,0.591204397801099,5.76315142083811e-06,0.445777111444278,0.125937031484258,0.118440779610195,0.390804597701149,0.114442778610695,0.0399691292966011,0.178910544727636,0.453273363318341,0.714142928535732,0.0240991175501529,0.179910044977511,0.215392303848076,0.1944027986007,0.373813093453273,0.0564183342743367,0.118440779610195,0.0771334540342162,3.01128855120184e-05,0.00873121430338808,0.00667445506763298,0.223388305847076,0.214392803598201,0.354822588705647,0.271864067966017,0.889555222388806,0.228885557221389,0.748125937031484,0.3928035982009
"HSPA8-2",0.377811094452774,0.563718140929535,0.103448275862069,0.137931034482759,0.478260869565217,0.4047976011994,0.130934532733633,0.0752817586076773,0.576211894052973,0.386806596701649,0.290854572713643,0.163418290854573,0.12743628185907,0.139430284857571,0.295852073963018,0.617191404297851,0.501749125437281,0.544227886056971,0.32783608195902,0.51424287856072,0.162918540729635,0.519740129935032,0.326836581709145,0.269365317341329,0.311344327836082,0.612693653173413,0.637181409295352,0.0524640121756882,0.513743128435782,0.626186906546727,0.134932533733133,0.0358246166635642,0.233383308345827,0.483258370814593,0.418790604697651,0.31384307846077,0.182408795602199,0.107946026986507,0.304347826086957,0.388305847076462,0.132433783108446,0.226386806596702,0.613193403298351,0.223888055972014,0.295352323838081,0.0774222670247878,0.530734632683658,0.908045977011494,0.280859570214893,0.36231884057971
"NMU-1",0.0750088616878671,0.119940029985007,0.0784791041798811,0.141929035482259,0.140429785107446,0.0744887631550628,0.199900049975012,0.0094096565391335,0.157421289355322,0.00910212364762697,0.139430284857571,0.00668070877563656,0.182908545727136,0.147426286856572,0.0249325599454867,0.232383808095952,0.0117781896630267,4.65625250505676e-07,0.124937531234383,0.126436781609195,0.158920539730135,0.263368315842079,0.597701149425287,0.119940029985007,0.819090454772614,0.185907046476762,0.0315404142766491,0.0643862213003129,0.0540846359327546,0.135932033983008,0.124437781109445,0.241379310344828,0.263368315842079,0.0647467942511768,0.0543826173106342,0.119940029985007,0.221389305347326,0.114942528735632,0.0645914765133715,0.000648538186613701,0.390304847576212,0.0221453133268333,0.0209441835741924,0.0789620097087105,0.809595202398801,0.270364817591204,0.971014492753623,0.701649175412294,0.668665667166417,0.0174505882159902
"NMU-2",0.543728135932034,0.449775112443778,0.467266366816592,0.3968015992004,0.295352323838081,0.28335832083958,0.0303482333704473,0.00676739890816636,0.404297851074463,0.580709645177411,0.0150633449557195,0.241379310344828,0.138430784607696,0.108945527236382,0.255872063968016,0.277861069465267,0.400299850074962,0.12743628185907,0.0615072452345647,0.35832083958021,0.213393303348326,0.35832083958021,0.217891054472764,0.395802098950525,0.0324514640174743,0.405797101449275,0.679660169915043,0.455772113943028,0.209895052473763,0.622688655672164,0.575212393803098,0.393303348325837,0.27536231884058,0.0614155521630917,0.218390804597701,0.187406296851574,0.3928035982009,0.0237308452579141,0.575212393803098,0.00198468396452545,0.069417153703045,0.022199309605379,0.510244877561219,0.0256111780254615,0.110444777611194,0.544727636181909,0.468765617191404,0.884057971014493,0.105947026486757,0.806596701649175
"PPIA-1",0.0452163538261876,0.156921539230385,0.0426363557325117,0.0340684188740962,0.0460200082882639,0.197901049475262,0.01245296683922,0.0736996935404158,0.16191904047976,0.00846972021350789,0.2023988005997,0.00379095667005658,0.188405797101449,0.239380309845077,0.179910044977511,0.0399241268146557,0.00646853469991394,0.0569475159166006,0.161419290354823,0.212893553223388,0.494252873563218,0.434282858570715,0.419290354822589,0.291354322838581,0.228385807096452,0.067617910485091,0.0661144650023874,0.0849627803232952,0.0047335079260995,0.233383308345827,0.147426286856572,0.241879060469765,0.541729135432284,0.0143934062270463,0.320839580209895,0.0103725705614007,0.472763618190905,0.181409295352324,0.00825776194257388,0.0686156219674148,0.489255372313843,0.000330594479980928,0.185907046476762,0.00330823043388206,0.517241379310345,0.477261369315342,0.116441779110445,0.39880059970015,0.32783608195902,0.189905047476262
"PPIA-2",0.560219890054973,0.458270864567716,0.321339330334833,0.235882058970515,0.544727636181909,0.649675162418791,0.24287856071964,0.375312343828086,0.48375812093953,0.15392303848076,0.6031984007996,0.298850574712644,0.532733633183408,0.255372313843078,0.48575712143928,0.280859570214893,0.249875062468766,0.564217891054473,4.50213734860906e-07,0.284357821089455,0.526736631684158,0.310844577711144,0.394302848575712,0.235382308845577,0.249375312343828,0.181409295352324,0.565217391304348,0.329335332333833,0.23688155922039,0.532733633183408,0.123938030984508,0.111444277861069,0.739130434782609,0.47576211894053,0.183908045977011,0.448275862068966,0.549225387306347,0.436281859070465,0.711644177911045,0.122438780609695,0.556221889055472,0.132433783108446,0.269365317341329,0.191904047976012,0.346326836581709,0.537231384307846,0.494252873563218,0.609195402298851,0.00198490210029245,0.256871564217891
"RPL22-1",0.417791104447776,0.505747126436782,0.108445777111444,0.0288615502380096,0.544227886056971,0.149425287356322,0.0239575911688842,0.136931534232884,0.0590589483169983,0.165417291354323,0.158420789605197,0.0674941496258475,0.100949525237381,0.451274362818591,0.426286856571714,0.579210394802599,0.351324337831084,0.240379810094953,8.2052721062098e-08,0.000534260434509437,0.328835582208896,0.365317341329335,0.166416791604198,0.00832654612792549,0.374312843578211,0.258870564717641,0.0671746066217216,0.122438780609695,0.375812093953024,0.3928035982009,0.130934532733633,0.501249375312344,0.217391304347826,0.00336684975696544,0.128935532233883,0.0247772799874347,0.00649971607651101,0.414792603698151,0.0241764852442943,0.254872563718141,0.0232284413036264,0.0322375133950269,0.377311344327836,0.631684157921039,0.345827086456772,0.464767616191904,0.198900549725137,0.381809095452274,0.0507850475228412,0.608695652173913
"RPL22-2",0.338330834582709,0.568715642178911,0.597701149425287,0.446776611694153,0.476261869065467,0.579210394802599,0.762618690654673,0.694652673663168,0.557721139430285,0.872063968015992,0.747126436781609,0.416291854072964,0.75512243878061,0.364817591204398,0.64367816091954,0.431784107946027,0.415792103948026,0.51824087956022,0.391804097951024,0.646176911544228,0.522738630684658,0.741629185407296,0.280359820089955,0.820589705147426,0.615692153923038,0.706646676661669,0.543228385807096,0.693653173413293,0.415292353823088,0.885557221389305,0.740129935032484,0.740129935032484,0.776111944027986,0.280359820089955,0.871564217891054,0.438280859570215,0.808095952023988,0.348325837081459,0.600699650174913,0.760619690154923,0.695652173913043,0.629185407296352,0.365817091454273,0.573713143428286,0.966516741629185,0.604197901049475,0.940029985007496,0.989505247376312,0.47976011994003,0.452273863068466
"NTC-1",0.286856571714143,0.102448775612194,0.668665667166417,0.212893553223388,0.381809095452274,0.231884057971014,0.28135932033983,0.202898550724638,0.667666166916542,0.147426286856572,0.261869065467266,0.195402298850575,0.376811594202899,0.247876061969015,0.247376311844078,0.428285857071464,0.273863068465767,0.488255872063968,0.0148583821948644,0.332333833083458,0.292353823088456,0.407796101949025,0.183908045977011,0.723138430784608,0.442778610694653,0.364817591204398,0.598700649675162,0.196901549225387,0.0509689982284912,0.381309345327336,0.333333333333333,0.517741129435282,0.339330334832584,0.446776611694153,0.273863068465767,0.460269865067466,0.377311344327836,0.412793603198401,0.0126936538948801,0.16791604197901,0.721139430284858,0.0186930774263436,0.293353323338331,0.050145951891762,0.611194402798601,0.852573713143428,0.223888055972014,0.585707146426787,0.00306095128999972,0.624187906046976
"NTC-2",0.842578710644678,0.184907546226887,0.43928035982009,0.151424287856072,0.397301349325337,0.108445777111444,0.8015992003998,0.534732633683158,0.150424787606197,0.291854072963518,0.481259370314843,0.247376311844078,0.536231884057971,0.188905547226387,0.276361819090455,0.28135932033983,0.173913043478261,0.24287856071964,0.371814092953523,0.48575712143928,0.427786106946527,0.15792103948026,0.450774612693653,0.425287356321839,0.494752623688156,0.547726136931534,0.307846076961519,0.48175912043978,0.255372313843078,0.301849075462269,0.854072963518241,0.28335832083958,0.242378810594703,0.955022488755622,0.972013993003498,0.730134932533733,0.828085957021489,0.584207896051974,0.27336331834083,0.0200772420748312,0.953023488255872,0.438780609695152,0.532733633183408,0.288855572213893,0.543728135932034,0.602698650674663,0.358820589705147,0.759620189905047,0.145427286356822,0.96351824087956
"NTC-4",0.539230384807596,0.418790604697651,0.387306346826587,0.353823088455772,0.498250874562719,0.305847076461769,0.606696651674163,0.48375812093953,0.401299350324838,0.699150424787606,0.561719140429785,0.314342828585707,0.386806596701649,0.207396301849075,0.484257871064468,0.623188405797101,0.36631684157921,0.20439780109945,0.371814092953523,0.40279860069965,0.430784607696152,0.368815592203898,0.453773113443278,0.514742628685657,0.75512243878061,0.804097951024488,0.506746626686657,0.488755622188906,0.207396301849075,0.727136431784108,0.973513243378311,0.513743128435782,0.297351324337831,0.677661169415292,0.416291854072964,0.368315842078961,0.713643178410795,0.43328335832084,0.254872563718141,0.00128343186721214,0.395302348825587,0.60119940029985,0.137431284357821,0.284857571214393,0.968515742128936,0.71664167916042,0.0352607193985425,0.375812093953024,0.592203898050975,0.648175912043978
"NTC-5",0.508745627186407,0.5992003998001,0.31584207896052,0.527736131934033,0.467266366816592,0.363818090954523,0.314842578710645,0.250874562718641,0.342828585707146,0.523738130934533,0.296851574212894,0.179910044977511,0.502748625687156,0.563718140929535,0.592203898050975,0.185407296351824,0.0600527243574455,0.230384807596202,0.449275362318841,0.147926036981509,0.1944027986007,0.512243878060969,0.492253873063468,0.078042691745615,0.616191904047976,0.480259870064968,0.51424287856072,0.213893053473263,0.391304347826087,0.246376811594203,0.353323338330835,0.52223888055972,0.569215392303848,0.683158420789605,0.458770614692654,0.658670664667666,0.802598700649675,0.467266366816592,0.36231884057971,0.145427286356822,0.507246376811594,0.0422693393381479,0.0442455765527818,0.304847576211894,0.790604697651174,0.255872063968016,0.507746126936532,0.972013993003498,0.31584207896052,0.659170414792604
"NTC-6",0.671164417791104,0.496251874062969,0.403798100949525,0.440779610194903,0.499250374812594,0.179410294852574,0.476761619190405,0.470764617691154,0.673163418290855,0.466766616691654,0.335832083958021,0.455272363818091,0.413793103448276,0.603698150924538,0.425287356321839,0.495252373813093,0.322338830584708,0.324337831084458,0.624187906046976,0.630684657671164,0.235882058970515,0.67816091954023,0.230384807596202,0.654672663668166,0.340829585207396,0.837081459270365,0.427786106946527,0.677161419290355,0.446776611694153,0.787106446776612,0.225887056471764,0.495752123938031,0.577711144427786,0.346326836581709,0.382808595702149,0.243878060969515,0.335832083958021,0.75912043978011,0.183908045977011,0.177911044477761,0.335332333833083,0.44527736131934,0.320339830084958,0.484257871064468,0.84007996001999,0.245377311344328,0.112443778110945,0.886056971514243,0.690154922538731,0.268365817091454
"NTC-7",0.384307846076962,0.159420289855072,0.226886556721639,0.371314342828586,0.586206896551724,0.191404297851074,0.180909545227386,0.378810594702649,0.301849075462269,0.165417291354323,0.176911544227886,0.111944027986007,0.240379810094953,0.0601987611082431,0.474262868565717,0.550224887556222,0.225387306346827,0.137431284357821,0.247376311844078,0.47776111944028,0.380309845077461,0.0430796363049695,0.651674162918541,0.542728635682159,0.835582208895552,0.299850074962519,0.121939030484758,0.36631684157921,0.0445776375854634,0.456771614192904,0.203398300849575,0.139930034982509,0.555222388805597,0.442278860569715,0.495752123938031,0.222388805597201,0.4007996001999,0.331834082958521,0.122938530734633,0.00303649349030606,0.285857071464268,0.0408237024552472,0.0222064534905466,0.135432283858071,0.245377311344328,0.174912543728136,0.442278860569715,0.891054472763618,0.0424206711375612,0.180409795102449
"NTC-8",0.400299850074962,0.245877061469265,0.630184907546227,0.294352823588206,0.296851574212894,0.32183908045977,0.506246876561719,0.0404081248058353,0.312843578210895,0.109445277361319,0.222388805597201,0.181409295352324,0.164917541229385,0.401299350324838,0.814592703648176,0.31584207896052,0.572713643178411,0.0417537046431466,0.173413293353323,0.84007996001999,0.0434217932050149,0.0265901997026025,0.137431284357821,0.188905547226387,0.183408295852074,0.359820089955023,0.362818590704648,0.436781609195402,0.00965503666489442,0.721639180409795,0.384807596201899,0.487756121939031,0.574712643678161,0.374312843578211,0.305847076461769,0.373813093453273,0.487256371814093,0.0244922195209615,0.300849575212394,0.00231724927308807,0.567716141929036,0.0117269534884368,0.15392303848076,0.502748625687156,0.736631684157921,0.0359029867254744,0.467266366816592,0.771114442778611,0.500249875062469,0.639180409795102
"NTC-9",0.205397301349325,0.55672163918041,0.279860069965017,0.121939030484758,0.500749625187406,0.523738130934533,0.0504644088781209,0.0185487143260192,0.248375812093953,0.300349825087456,0.221889055472264,0.0473026520194384,0.328335832083958,0.170914542728636,0.182908545727136,0.106946526736632,0.323338330834583,0.257371314342829,0.44327836081959,0.468765617191404,0.0729166969417323,0.0542093086551493,0.454772613693153,0.129935032483758,0.173413293353323,0.431784107946027,0.0511572820220267,0.240379810094953,0.269365317341329,0.827086456771614,0.523238380809595,0.717141429285357,0.15392303848076,0.000199172132100346,0.224387806096952,2.76658640999009e-05,0.652173913043478,0.543228385807096,0.228385807096452,0.871564217891054,0.527736131934033,0.025246402651726,0.0344220371644085,0.612193903048476,0.351824087956022,0.250874562718641,0.623688155922039,0.912043978010994,0.829085457271364,0.635182408795602
"NTC-10",0.19640179910045,0.563718140929535,0.59320339830085,0.225387306346827,0.585707146426787,0.409795102448776,0.217891054472764,0.460269865067466,0.472763618190905,0.188905547226387,0.621689155422289,0.359320339830085,0.178910544727636,0.274362818590705,0.207396301849075,0.542728635682159,0.525237381309345,0.735132433783108,0.250874562718641,0.419290354822589,0.48375812093953,0.529235382308846,0.618190904547726,0.298850574712644,0.670664667666167,0.652173913043478,0.660669665167416,0.590704647676162,0.486256871564218,0.350324837581209,0.403798100949525,0.47976011994003,0.918040979510245,0.492753623188406,0.414292853573213,0.354822588705647,0.676661669165417,0.638680659670165,0.952023988005997,0.0424716540313645,0.234382808595702,0.449775112443778,0.31984007996002,0.0112141238610207,0.871564217891054,0.369815092453773,0.0702844812831571,0.390304847576212,0.366816591704148,0.453773113443278
"NTC-11",0.0655528612077924,0.163418290854573,0.262368815592204,0.0602969876156303,0.328335832083958,0.12143928035982,0.162418790604698,0.0311220749430162,0.154422788605697,0.104447776111944,0.653673163418291,0.0743268529968232,0.114442778610695,0.0321608861640924,0.035727749988858,0.293353323338331,0.065574288666965,0.063903374445843,0.164917541229385,0.133933033483258,0.0341959155519843,0.301849075462269,0.581209395302349,0.156921539230385,0.268365817091454,0.00923303106532447,0.110444777611194,0.334832583708146,0.301349325337331,0.101449275362319,0.31984007996002,0.211894052973513,0.226386806596702,0.0218345000155713,0.0199034255205707,0.0559848924794583,0.0754747043343597,0.267366316841579,0.0762105277348541,0.671164417791104,0.346826586706647,0.039317936723601,0.484257871064468,0.464767616191904,0.546726636681659,0.270364817591204,0.384307846076962,0.933033483258371,0.108445777111444,0.32383808095952
"CD55-1",0.230384807596202,0.151424287856072,0.0532692840308249,0.182408795602199,0.00571041447063148,0.205397301349325,0.143428285857071,0.175412293853073,0.0519283989521944,0.0515294516652373,0.133433283358321,0.00724780434646699,0.0174689267771733,0.677661169415292,0.205397301349325,0.03628368616708,0.326336831584208,0.0423421759895679,0.155422288855572,0.060432320231398,0.0589158192224779,0.391304347826087,0.0205649373832765,0.0151525888128862,4.71196548864785e-05,0.160919540229885,0.141429285357321,0.106446776611694,0.0222841353162102,0.257371314342829,0.0278360396272208,0.180909545227386,0.0483244620134681,0.137931034482759,0.211894052973513,0.114442778610695,0.11944027986007,0.8055972013993,0.0503417498908464,0.835582208895552,0.0145222651614115,0.0272465122514377,0.406296851574213,0.734632683658171,0.0318062804076824,0.0633025511535843,0.32183908045977,0.980509745127436,0.0701269217063121,0.00507924709422347
"CD55-2",0.242378810594703,0.332333833083458,0.301349325337331,0.227386306846577,0.348325837081459,0.24287856071964,0.701149425287356,0.0440220236804209,0.268865567216392,0.206896551724138,0.172413793103448,0.0756250546783026,0.330834582708646,0.159420289855072,0.036234285715398,0.141929035482259,0.244377811094453,0.124437781109445,0.452273863068466,0.284357821089455,0.202898550724638,0.147426286856572,0.12343828085957,0.260369815092454,2.90401813707319e-09,0.382808595702149,0.71464267866067,0.307846076961519,0.0188368252970297,0.650174912543728,0.0625509042499666,0.436781609195402,0.429285357321339,0.727136431784108,0.658170914542729,0.169915042478761,0.610194902548726,0.307846076961519,0.0372674488243272,0.0210167606442296,0.458770614692654,0.00301253946623892,0.371314342828586,0.765617191404298,0.91704147926037,0.0107868359974215,0.336331834082959,0.875562218890555,0.745127436281859,0.472763618190905
"CD55-3",0.20439780109945,0.343828085957021,0.363318340829585,0.294852573713143,0.130434782608696,0.329335332333833,0.371314342828586,0.158920539730135,0.410294852573713,0.0513812450894862,0.179410294852574,0.142428785607196,0.132933533233383,0.0445529702945424,0.0768700993429754,0.291854072963518,0.191904047976012,0.172413793103448,0.780609695152424,0.27536231884058,0.00716638544273529,0.102948525737131,0.0436558353531166,0.350324837581209,6.21233980147018e-07,0.279860069965017,0.404297851074463,0.0289629592127508,0.0491553936651445,0.685657171414293,0.105947026486757,0.0378412206333705,0.214892553723138,0.0480792977487132,0.32383808095952,0.0604030953062479,0.169915042478761,0.570714642678661,0.0357289235975431,0.547726136931534,0.153423288355822,0.154922538730635,0.127936031984008,0.40679660169915,0.11744127936032,0.0428571569797321,0.239380309845077,0.64367816091954,0.0273593539370918,0.827086456771614
"CD55-4",0.452273863068466,0.189405297351324,0.368315842078961,0.426786606696652,0.0218714589009936,0.244377811094453,0.00399711256873847,0.351324337831084,0.0685410659013409,0.558220889555222,0.532733633183408,0.237881059470265,0.187906046976512,0.227386306846577,0.28735632183908,0.496751624187906,0.343328335832084,0.158420789605197,0.799100449775112,0.402298850574713,0.266866566716642,0.580709645177411,0.00982285602224564,0.48175912043978,0.438280859570215,0.227386306846577,0.344327836081959,0.149425287356322,0.192903548225887,0.789105447276362,0.359320339830085,0.299850074962519,0.104947526236882,0.0387041828137998,0.252373813093453,0.0598495378265594,0.264867566216892,0.179910044977511,0.32583708145927,0.439780109945027,0.0436932490070112,0.48375812093953,0.382808595702149,0.0562837354282416,0.759620189905047,0.152923538230885,0.818090954522739,0.735132433783108,0.0404226408182431,0.363318340829585
"CD55-5",0.162418790604698,0.207896051974013,0.367316341829085,0.126436781609195,0.442778610694653,0.423788105947026,0.360819590204898,0.128435782108946,0.188905547226387,0.359320339830085,0.281859070464768,0.178910544727636,0.395302348825587,0.0445604425304044,0.0718957456927153,0.124937531234383,0.0630752588918044,0.111444277861069,0.0736601603087577,0.489755122438781,0.274362818590705,0.290354822588706,0.218890554722639,0.0522100695449882,0.000710352989413202,0.519240379810095,0.329335332333833,0.462268865567216,0.517741129435282,0.632683658170915,0.367816091954023,0.0421871842302712,0.417291354322839,0.0281610402128241,0.211394302848576,0.0553636190399783,0.047637330774668,0.234382808595702,0.101949025487256,0.0673295560098331,0.180909545227386,0.060772188681038,0.355322338830585,0.171914042978511,0.232383808095952,0.258870564717641,0.583708145927036,0.955022488755622,0.231384307846077,0.72263868065967
"CD55-6",0.000661078506694057,0.432283858070965,0.193903048475762,6.03266823007056e-08,0.398300849575212,0.0428968397205197,0.465267366316842,0.749625187406297,0.0248367158328412,0.0437491622057733,0.168415792103948,0.0151155877845911,0.0653150944175694,0.67616191904048,0.111944027986007,9.06831098623773e-06,0.158920539730135,0.120439780109945,0.121939030484758,0.370314842578711,0.0184043348132005,0.0227429922024761,0.118940529735132,0.245877061469265,2.85041656838409e-06,0.0288829426751643,0.344327836081959,0.373813093453273,0.0403998611429032,0.377811094452774,0.194902548725637,0.166416791604198,0.309345327336332,0.79560219890055,0.584207896051974,0.705647176411794,0.506246876561719,0.270364817591204,0.00756959609685981,0.0126221940621046,0.421789105447276,0.00179746892567156,0.467266366816592,0.448775612193903,0.305347326336832,0.0221713728327279,0.324837581209395,0.911044477761119,0.00299589551355173,0.388305847076462
"CD55-7",0.0481930027712594,0.00959732550531089,0.0106034558256216,0.0125898375917408,0.0385353916099253,0.0318540694006781,0.116941529235382,0.314842578710645,0.0412771529691791,0.0031803996384614,0.0367872855066248,0.00538796699917943,0.00559900706703786,0.220389805097451,0.420789605197401,0.0325377362990601,0.00494901981953477,0.0467399509766584,0.177911044477761,0.0266528320774844,0.185407296351824,0.220889555222389,0.00522132430972133,0.000578512237790263,2.19613572195146e-08,0.12543728135932,0.0551660629063296,1.02180103506802e-05,0.00298235890025689,0.0411832076561713,0.00262015342600963,0.0206298377873351,0.0339063288560293,0.537231384307846,0.00558066679812896,0.173413293353323,0.0012380903187782,0.233383308345827,0.324837581209395,0.318340829585207,0.000627313470011437,0.261369315342329,0.00480745154924531,0.0396477646498625,0.585707146426787,0.351324337831084,0.0106926646295555,0.11744127936032,4.11776426290089e-08,0.0750549678139856
"CD55-8",0.684657671164418,0.47976011994003,0.56471764117941,0.660169915042479,0.279860069965017,0.151424287856072,0.839080459770115,0.731134432783608,0.401299350324838,0.697651174412794,0.462268865567216,0.550224887556222,0.332333833083458,0.593703148425787,0.826086956521739,0.505247376311844,0.640179910044978,0.35832083958021,0.673663168415792,0.409295352323838,0.0583171526782565,0.569215392303848,0.784607696151924,0.204897551224388,8.35315380309787e-07,0.685657171414293,0.544727636181909,0.343328335832084,0.419290354822589,0.615692153923038,0.636681659170415,0.496251874062969,0.276861569215392,0.629685157421289,0.334832583708146,0.52423788105947,0.547726136931534,0.623188405797101,0.227386306846577,0.756121939030485,0.386306846576712,0.429285357321339,0.503248375812094,0.855572213893053,0.84007996001999,0.598200899550225,0.528735632183908,0.282358820589705,0.033993004066292,0.661669165417291
"CD55-9",0.592703648175912,0.000565071496087532,4.05008515682173e-05,0.68215892053973,0.623188405797101,0.433783108445777,0.0690249850111759,0.504247876061969,0.402298850574713,0.731134432783608,0.870564717641179,0.00390676214134689,0.40279860069965,0.128435782108946,0.413293353323338,0.278860569715142,0.026099916752091,0.730634682658671,0.100949525237381,0.141929035482259,0.130934532733633,0.779110444777611,0.64767616191904,0.511744127936032,0.383308345827086,0.0017680504511346,0.220389805097451,0.337331334332834,0.581209395302349,0.00116059887568909,0.662168915542229,0.544727636181909,0.748625687156422,0.481259370314843,0.0020981554714965,0.578710644677661,0.36231884057971,0.336331834082959,0.307346326836582,0.977511244377811,0.587706146926537,0.308845577211394,0.319340329835082,0.297351324337831,0.712143928035982,0.490754622688656,0.634682658670665,0.640679660169915,0.267866066966517,0.289855072463768
"CD55-10",1,1,1,1,1,1,1,1,1,1,1,1,1,1,1,1,1,1,1,1,1,1,1,1,1,1,1,1,1,1,1,1,1,1,1,1,1,1,1,1,1,1,1,1,1,1,1,1,1,1
