"HALLMARK_TNFA_SIGNALING_VIA_NFKB","HALLMARK_HYPOXIA","HALLMARK_G2M_CHECKPOINT","HALLMARK_ADIPOGENESIS","HALLMARK_ESTROGEN_RESPONSE_EARLY","HALLMARK_ESTROGEN_RESPONSE_LATE","HALLMARK_MYOGENESIS","HALLMARK_INTERFERON_GAMMA_RESPONSE","HALLMARK_APICAL_JUNCTION","HALLMARK_COMPLEMENT","HALLMARK_MTORC1_SIGNALING","HALLMARK_E2F_TARGETS","HALLMARK_MYC_TARGETS_V1","HALLMARK_EPITHELIAL_MESENCHYMAL_TRANSITION","HALLMARK_INFLAMMATORY_RESPONSE","HALLMARK_XENOBIOTIC_METABOLISM","HALLMARK_OXIDATIVE_PHOSPHORYLATION","HALLMARK_GLYCOLYSIS","HALLMARK_P53_PATHWAY","HALLMARK_HEME_METABOLISM","HALLMARK_ALLOGRAFT_REJECTION","HALLMARK_KRAS_SIGNALING_UP","HALLMARK_KRAS_SIGNALING_DN","HALLMARK_MITOTIC_SPINDLE","HALLMARK_IL2_STAT5_SIGNALING","HALLMARK_APOPTOSIS","HALLMARK_FATTY_ACID_METABOLISM","HALLMARK_UV_RESPONSE_UP","HALLMARK_DNA_REPAIR","HALLMARK_UV_RESPONSE_DN","HALLMARK_COAGULATION","HALLMARK_SPERMATOGENESIS","HALLMARK_UNFOLDED_PROTEIN_RESPONSE","HALLMARK_BILE_ACID_METABOLISM","HALLMARK_PI3K_AKT_MTOR_SIGNALING","HALLMARK_PEROXISOME","HALLMARK_ANDROGEN_RESPONSE","HALLMARK_INTERFERON_ALPHA_RESPONSE","HALLMARK_PROTEIN_SECRETION","HALLMARK_IL6_JAK_STAT3_SIGNALING","HALLMARK_CHOLESTEROL_HOMEOSTASIS","HALLMARK_MYC_TARGETS_V2","HALLMARK_TGF_BETA_SIGNALING","HALLMARK_REACTIVE_OXYGEN_SPECIES_PATHWAY","HALLMARK_APICAL_SURFACE","HALLMARK_WNT_BETA_CATENIN_SIGNALING","HALLMARK_PANCREAS_BETA_CELLS","HALLMARK_HEDGEHOG_SIGNALING","HALLMARK_ANGIOGENESIS","HALLMARK_NOTCH_SIGNALING"
"SNP-1_1",0.719640179910045,0.301349325337331,0.250374812593703,0.339830084957521,0.650174912543728,0.742628685657171,0.295352323838081,0.36631684157921,0.359820089955023,0.171414292853573,0.397301349325337,0.230384807596202,0.477261369315342,0.766116941529235,0.582708645677161,0.416291854072964,0.286356821589205,0.327336331834083,0.829085457271364,0.355322338830585,0.87456271864068,0.332833583208396,0.119940029985007,0.182908545727136,0.47776111944028,0.695652173913043,0.44127936031984,0.326336831584208,0.504247876061969,0.0156190776464424,0.104447776111944,0.115942028985507,0.36631684157921,0.271864067966017,0.320339830084958,0.330334832583708,0.470264867566217,0.282858570714643,0.511244377811094,0.131934032983508,0.0851836734550388,0.411294352823588,0.253873063468266,0.935032483758121,0.391304347826087,0.176411794102949,0.108445777111444,0.538230884557721,0.186906546726637,0.434782608695652
"SNP-1_2",0.538230884557721,0.0955606186682181,0.299350324837581,0.186406796601699,0.419790104947526,0.533733133433283,0.255372313843078,0.0958512611662801,0.160419790104948,0.314842578710645,0.254872563718141,0.0958912288307952,0.368815592203898,0.124437781109445,0.106446776611694,0.383808095952024,0.407796101949025,0.174912543728136,0.340829585207396,0.255372313843078,0.569215392303848,0.258370814592704,0.174412793603198,0.411294352823588,0.612693653173413,0.100949525237381,0.328835582208896,0.161419290354823,0.0411656638954662,0.0837674379883532,0.422788605697151,0.685657171414293,0.136931534232884,0.101604418123787,0.0525948563763231,0.12543728135932,0.651674162918541,0.111444277861069,0.0159340413470037,0.417791104447776,0.565217391304348,0.260869565217391,0.326336831584208,0.416291854072964,0.658170914542729,0.249875062468766,0.523738130934533,0.249375312343828,0.310344827586207,0.587706146926537
"SNP-2_1",0.467266366816592,0.341329335332334,0.548725637181409,0.280859570214893,0.644177911044478,0.274362818590705,0.380309845077461,0.24487756121939,0.146426786606697,0.0534168255954655,0.235382308845577,0.658170914542729,0.551724137931034,0.0441068400370373,0.289355322338831,0.619690154922539,0.611194402798601,0.358820589705147,0.122938530734633,0.4047976011994,0.27536231884058,0.193903048475762,0.529735132433783,0.335832083958021,0.166916541729135,0.307846076961519,0.538230884557721,0.0647333060620539,0.3928035982009,0.480759620189905,0.386806596701649,0.328335832083958,0.67616191904048,0.267366316841579,0.632683658170915,0.335832083958021,0.341829085457271,0.020412266614714,0.156921539230385,0.0316511564961658,0.27336331834083,0.0804070605342513,0.125937031484258,0.385307346326837,0.673163418290855,0.429785107446277,0.269365317341329,0.455272363818091,0.191904047976012,0.337831084457771
"SNP-2_2",0.429785107446277,0.460769615192404,0.611194402798601,0.316841579210395,0.226386806596702,0.611694152923538,0.684657671164418,0.334832583708146,0.169415292353823,0.412793603198401,0.310844577711144,0.648675662168916,0.688655672163918,0.71464267866067,0.443778110944528,0.950524737631184,0.2023988005997,0.411294352823588,0.347826086956522,0.374312843578211,0.272863568215892,0.187906046976512,0.0497269921537139,0.683658170914543,0.657671164417791,0.858570714642679,0.635182408795602,0.510244877561219,0.267866066966517,0.838580709645177,0.837581209395302,0.0619425064438916,0.418290854572714,0.944027986006997,0.0846673167487801,0.64367816091954,0.342328835582209,0.129935032483758,0.150924537731134,0.467766116941529,0.905547226386807,0.130934532733633,0.0590535045425548,0.388305847076462,0.334832583708146,0.287856071964018,0.336831584207896,0.429785107446277,0.628185907046477,0.582208895552224
"SNP-3_1",0.0392763971120807,0.0469416432813099,0.435782108945527,0.201399300349825,0.733633183408296,0.718140929535232,0.568715642178911,0.852573713143428,0.377311344327836,0.411794102948526,0.205897051474263,0.278360819590205,0.393803098450775,0.0215469547901155,0.701649175412294,0.266866566716642,0.379810094952524,0.0360512456472683,0.266866566716642,0.788605697151424,0.415292353823088,0.955022488755622,0.457771114442779,0.289355322338831,0.274362818590705,0.661669165417291,0.602198900549725,0.275862068965517,0.262368815592204,0.776611694152924,0.862068965517241,0.250374812593703,0.736131934032983,0.541229385307346,0.667666166916542,0.386306846576712,0.650674662668666,0.921539230384808,0.498250874562719,0.189905047476262,0.15992003998001,0.0944636443482519,0.0362137299324293,0.635182408795602,0.583208395802099,0.608195902048976,0.694152923538231,0.606696651674163,0.454772613693153,0.71464267866067
"SNP-3_2",0.836581709145427,0.525737131434283,0.402298850574713,0.278860569715142,0.0610925252733216,0.56671664167916,0.608195902048976,0.388805597201399,0.195402298850575,0.487756121939031,0.197401299350325,0.281859070464768,0.377311344327836,0.229385307346327,0.391304347826087,0.51424287856072,0.280859570214893,0.264867566216892,0.899050474762619,0.628685657171414,0.160919540229885,0.151424287856072,0.222388805597201,0.0656812366328699,0.397801099450275,0.420789605197401,0.0964504846156487,0.540229885057471,0.12543728135932,0.830084957521239,0.738630684657671,0.252373813093453,0.380309845077461,0.0206413812994675,0.663668165917041,0.214392803598201,0.727136431784108,0.147426286856572,0.179410294852574,0.553723138430785,0.276861569215392,0.353823088455772,0.664667666166917,0.391804097951024,0.296851574212894,0.0923381893036009,0.0841686401275973,0.991504247876062,0.273863068465767,0.209395302348826
"SNP-4_1",0.134432783608196,0.335332333833083,0.294352823588206,0.176411794102949,0.312843578210895,0.468265867066467,0.211394302848576,0.156421789105447,0.315342328835582,0.225387306346827,0.528735632183908,0.183408295852074,0.252373813093453,0.0834281553801709,0.788105947026487,0.458770614692654,0.363318340829585,0.331334332833583,0.211894052973513,0.305847076461769,0.28535732133933,0.0656307757375742,0.0420293996461101,0.218390804597701,0.251874062968516,0.123938030984508,0.428785607196402,0.10134427019382,0.531234382808596,0.109445277361319,0.448775612193903,0.0247598768684521,0.449775112443778,0.266366816591704,0.364817591204398,0.452773613193403,0.609695152423788,0.112943528235882,0.404297851074463,0.393303348325837,0.192903548225887,0.463268365817091,0.0178379191404032,0.529235382308846,0.400299850074962,0.0460891158541552,0.730134932533733,0.945527236381809,0.371814092953523,0.16391804097951
"SNP-4_2",0.141929035482259,0.140929535232384,0.102430938593762,0.16791604197901,0.240379810094953,0.27936031984008,0.162418790604698,0.0822115491854328,0.0509733810526597,0.110444777611194,0.169915042478761,0.103948025987006,0.213393303348326,0.143928035982009,0.0973701521534399,0.274362818590705,0.0910754756721842,0.448775612193903,0.0758974145961634,0.171914042978511,0.140929535232384,0.164417791104448,0.0322465159923673,0.143428285857071,0.129435282358821,0.385807096451774,0.207896051974013,0.0133427678209519,0.186406796601699,0.116441779110445,0.164417791104448,0.0153892295140539,0.212393803098451,0.725137431284358,0.128935532233883,0.699650174912544,0.286856571714143,0.108945527236382,0.166916541729135,0.0922070263538904,0.0883570917638789,0.117941029485257,0.0579270443158702,0.728135932033983,0.488755622188906,0.028516699095125,0.87456271864068,0.740629685157421,0.145427286356822,0.170914542728636
"SNP-5_1",0.755622188905547,0.297351324337831,0.594202898550725,0.376811594202899,0.486756621689155,0.143928035982009,0.393303348325837,0.75312343828086,0.299850074962519,0.823588205897052,0.452773613193403,0.602698650674663,0.347326336831584,0.654172913543228,0.592203898050975,0.618690654672664,0.540229885057471,0.095992334513196,0.64167916041979,0.530734632683658,0.578210894552724,0.488255872063968,0.195902048975512,0.525737131434283,0.0333908360958451,0.620689655172414,0.880059970014992,0.141929035482259,0.265867066466767,0.403798100949525,0.698150924537731,0.395802098950525,0.51624187906047,0.142428785607196,0.622688655672164,0.190904547726137,0.534232883558221,0.636181909045477,0.621689155422289,0.468265867066467,0.170914542728636,0.501249375312344,0.401299350324838,0.769615192403798,0.597701149425287,0.485257371314343,0.11744127936032,0.64367816091954,0.454772613693153,0.343828085957021
"SNP-5_2",0.16191904047976,0.0783006953731266,0.210894552723638,0.126436781609195,0.509245377311344,0.331334332833583,0.0721322085598188,0.112443778110945,0.0668732356724992,0.0740464570497093,0.0527312359094847,0.355322338830585,0.0785879665304436,0.485257371314343,0.096168417991171,0.602698650674663,0.241879060469765,0.0467112918802042,0.229885057471264,0.156421789105447,0.212893553223388,0.442278860569715,0.1984007996002,0.0877939504528549,0.155422288855572,0.604197901049475,0.134932533733133,0.0764089958834162,0.201899050474763,0.302348825587206,0.657671164417791,0.407296351824088,0.338830584707646,0.0623883757725288,0.219890054972514,0.0505803964828102,0.0785258654793542,0.2063968015992,0.545727136431784,0.0303866612786993,0.274362818590705,0.0484565996742097,0.325337331334333,0.456771614192904,0.853573213393303,0.826586706646677,0.381809095452274,0.347326336831584,0.222888555722139,0.498750624687656
"SNP-6_1",0.00653241996883877,0.0389655438104125,0.00131141777529826,0.0314926315267915,0.00117118994147238,0.0011569500274195,0.0126922268807559,0.0274520068594865,0.00284590385265711,0.00244412213882867,0.00127536492472704,0.0371881487625395,0.00130753414263945,0.215892053973014,0.0412411235623698,0.0142970118647115,0.0366910588782444,0.00638329168574983,0.00817570585511695,0.06479864771217,0.00111621801865996,0.0642153488958464,0.220889555222389,0.00114760021557408,0.0592460928906441,0.0146511196858249,0.0516109895862173,0.00109370519272787,0.0062078589688151,0.00130323367164587,0.00274024078084654,0.00369812308663547,0.0010295932888364,0.00141409654443771,0.00128266427612558,0.0026147636383853,0.00121211125441383,0.342328835582209,0.00206460390602413,0.00552823854658148,0.0460958351208945,0.0188592616571711,0.0266906629478673,0.0623999724156989,0.843078460769615,0.0929416725586976,0.527736131934033,0.107446276861569,0.00112427680925906,0.0388682053168715
"SNP-6_2",0.531734132933533,0.733133433283358,0.743628185907046,0.535732133933034,0.657671164417791,0.786606696651674,0.520739630184908,0.896051974012994,0.457771114442779,0.48175912043978,0.765617191404298,0.572213893053473,0.515242378810595,0.748125937031484,0.551224387806097,0.713143428285857,0.371814092953523,0.44127936031984,0.60119940029985,0.288855572213893,0.547226386806597,0.72263868065967,0.188405797101449,0.790604697651174,0.704147926036982,0.623188405797101,0.744127936031984,0.898550724637681,0.488755622188906,0.483258370814593,0.304847576211894,0.557721139430285,0.700649675162419,0.343328335832084,0.607196401799101,0.631684157921039,0.663168415792104,0.762618690654673,0.728135932033983,0.936031984007996,0.371314342828586,0.745127436281859,0.84807596201899,0.251374312843578,0.362818590704648,0.314842578710645,0.171914042978511,0.961019490254873,0.320339830084958,0.653673163418291
"SNP-7_1",0.310844577711144,0.67816091954023,0.578710644677661,0.647176411794103,0.76511744127936,0.368315842078961,0.282858570714643,0.0503676018949912,0.424287856071964,0.366816591704148,0.434282858570715,0.349325337331334,0.530734632683658,0.0609405219215339,0.193903048475762,0.153423288355822,0.739630184907546,0.800099950024987,0.370814592703648,0.706146926536732,0.353323338330835,0.36231884057971,0.341329335332334,0.773613193403298,0.731634182908546,0.246376811594203,0.0259012988809537,0.693153423288356,0.0666906222800756,0.753623188405797,0.387306346826587,0.538230884557721,0.257871064467766,0.421789105447276,0.606196901549225,0.552223888055972,0.0231271908432537,0.0420680458245667,0.777611194402799,0.472263868065967,0.785107446276862,0.543228385807096,0.540229885057471,0.410294852573713,0.311844077961019,0.76511744127936,0.192903548225887,0.613193403298351,0.281859070464768,0.467266366816592
"SNP-7_2",0.27536231884058,0.0515220363462302,0.292853573213393,0.369815092453773,0.527236381809095,0.587706146926537,0.258870564717641,0.292853573213393,0.264867566216892,0.615692153923038,0.568215892053973,0.310844577711144,0.372813593203398,0.43928035982009,0.291854072963518,0.725137431284358,0.347826086956522,0.187406296851574,0.721139430284858,0.136931534232884,0.16191904047976,0.857571214392804,0.340829585207396,0.258870564717641,0.283858070964518,0.36231884057971,0.779110444777611,0.255372313843078,0.218890554722639,0.0309812158454104,0.664667666166917,0.802098950524738,0.912543728135932,0.434282858570715,0.35632183908046,0.513743128435782,0.672663668165917,0.258870564717641,0.176411794102949,0.410294852573713,0.953023488255872,0.717641179410295,0.694152923538231,0.142928535732134,0.131934032983508,0.323338330834583,0.660169915042479,0.0645940010126612,0.565717141429285,0.0114219420730337
"SNP-8_1",0.217391304347826,0.0725706973670446,0.474762618690655,0.621189405297351,0.494252873563218,0.195402298850575,0.129435282358821,0.857571214392804,0.318340829585207,0.526736631684158,0.63568215892054,0.125937031484258,0.577711144427786,0.11944027986007,0.619690154922539,0.199900049975012,0.664167916041979,0.586706646676662,0.134932533733133,0.485257371314343,0.602198900549725,0.144427786106947,0.407796101949025,0.623688155922039,0.535232383808096,0.351324337831084,0.553723138430785,0.449275362318841,0.0853702838846309,0.794102948525737,0.425287356321839,0.27936031984008,0.68215892053973,0.494752623688156,0.284857571214393,0.143428285857071,0.901549225387306,0.666666666666667,0.732133933033483,0.441779110444778,0.262368815592204,0.789105447276362,0.108945527236382,0.0549511387902412,0.809595202398801,0.105947026486757,0.55272363818091,0.732633683158421,0.517741129435282,0.206896551724138
"SNP-8_2",0.866566716641679,0.563718140929535,0.259870064967516,0.406296851574213,0.489255372313843,0.0719027450743544,0.0553290571441679,0.811594202898551,0.149425287356322,0.421789105447276,0.287856071964018,0.348825587206397,0.0604083191287435,0.0124503866811596,0.117941029485257,0.888555722138931,0.418790604697651,0.292353823088456,0.710144927536232,0.0702495119701911,0.0308814602564966,0.803098450774613,0.0796965247899374,0.9960019990005,0.764617691154423,0.87456271864068,0.864067966016992,0.0853639721617438,0.824587706146927,0.933033483258371,0.846576711644178,0.200899550224888,0.447776111944028,0.487256371814093,0.121939030484758,0.683158420789605,0.2023988005997,0.627686156921539,0.661169415292354,0.652173913043478,0.720139930034983,0.879560219890055,0.808595702148926,0.55672163918041,0.0577304490852377,0.600699650174913,0.982508745627186,0.444277861069465,0.0763604842601213,0.305847076461769
"SNP-9_1",0.599700149925038,0.388805597201399,0.703648175912044,0.358820589705147,0.675662168915542,0.253873063468266,0.299350324837581,0.505247376311844,0.31984007996002,0.653673163418291,0.31984007996002,0.692653673163418,0.397301349325337,0.278360819590205,0.620689655172414,0.463768115942029,0.527236381809095,0.311844077961019,0.438280859570215,0.344327836081959,0.421289355322339,0.23888055972014,0.550724637681159,0.52223888055972,0.539730134932534,0.559720139930035,0.501249375312344,0.270364817591204,0.387306346826587,0.663668165917041,0.647176411794103,0.508245877061469,0.272363818090955,0.483258370814593,0.292853573213393,0.588705647176412,0.681159420289855,0.495252373813093,0.119940029985007,0.5992003998001,0.408795602198901,0.226386806596702,0.398300849575212,0.729635182408796,0.146426786606697,0.59720139930035,0.0128981661275012,0.756121939030485,0.669165417291354,0.826086956521739
"SNP-9_2",0.581709145427286,0.321339330334833,0.12743628185907,0.101949025487256,0.190904547726137,0.111944027986007,0.588205897051474,0.980509745127436,0.173413293353323,0.100449775112444,0.191404297851074,0.0764185449996269,0.0480647679371085,0.620189905047476,0.0667695983953668,0.492753623188406,0.105447276361819,0.592203898050975,0.225887056471764,0.456271864067966,0.0695253136427104,0.199400299850075,0.370814592703648,0.581209395302349,0.72863568215892,0.0207236610831207,0.340329835082459,0.0848795652645533,0.36631684157921,0.258870564717641,0.349325337331334,0.130934532733633,0.170914542728636,0.43528235882059,0.239880059970015,0.322838580709645,0.253373313343328,0.612693653173413,0.314842578710645,0.0392263002958747,0.178910544727636,0.133933033483258,0.249375312343828,0.0129195651567599,0.0100232682451796,0.7976011994003,0.463768115942029,0.324337831084458,0.407796101949025,0.102448775612194
"SNP-10_1",0.201899050474763,0.350824587706147,0.59320339830085,0.573213393303348,0.0879619429213312,0.0865771621765177,0.705647176411794,0.287856071964018,0.250874562718641,0.52623688155922,0.361319340329835,0.353823088455772,0.317341329335332,0.0366483124604723,0.181909045477261,0.609195402298851,0.459770114942529,0.471764117941029,0.265867066466767,0.624687656171914,0.177411294352824,0.394302848575712,0.654172913543228,0.610194902548726,0.23488255872064,0.76311844077961,0.48175912043978,0.59320339830085,0.389305347326337,0.132933533233383,0.380309845077461,0.72263868065967,0.640179910044978,0.56671664167916,0.171914042978511,0.551224387806097,0.482758620689655,0.519740129935032,0.427286356821589,0.252373813093453,0.753623188405797,0.292853573213393,0.149925037481259,0.685657171414293,0.286356821589205,0.79560219890055,0.0798898922384462,0.495752123938031,0.533233383308346,0.294352823588206
"SNP-10_2",0.0160018837851196,0.600699650174913,0.683658170914543,0.219890054972514,0.659670164917541,0.576711644177911,0.222388805597201,0.685157421289355,0.385307346326837,0.806596701649175,0.569715142428786,0.0838830742707537,0.43328335832084,0.523738130934533,0.762118940529735,0.582208895552224,0.169915042478761,0.376311844077961,0.490754622688656,0.456271864067966,0.221889055472264,0.64767616191904,0.671164417791104,0.713643178410795,0.56671664167916,0.512743628185907,0.453773113443278,0.698150924537731,0.488755622188906,0.845077461269365,0.828585707146427,0.789105447276362,0.613693153423288,0.36431784107946,0.644677661169415,0.436781609195402,0.0166629091861607,0.695152423788106,0.431784107946027,0.197401299350325,0.440279860069965,0.847076461769115,0.653673163418291,0.31384307846077,0.84407796101949,0.632183908045977,0.371314342828586,0.042347848107022,0.252873563218391,0.882058970514743
"SNP-11_1",0.726136931534233,0.563718140929535,0.0758663794632395,0.702148925537231,0.734632683658171,0.662668665667166,0.616191904047976,0.666666666666667,0.335332333833083,0.205397301349325,0.665667166416792,0.445777111444278,0.075070442665791,0.384307846076962,0.767616191904048,0.412793603198401,0.0289976896232571,0.631684157921039,0.798600699650175,0.84207896051974,0.471764117941029,0.280859570214893,0.31984007996002,0.539730134932534,0.466766616691654,0.760119940029985,0.557721139430285,0.770614692653673,0.540229885057471,0.588205897051474,0.300349825087456,0.644177911044478,0.835082458770615,0.370814592703648,0.679660169915043,0.3968015992004,0.419790104947526,0.553723138430785,0.284357821089455,0.596701649175412,0.395302348825587,0.0529006193405914,0.538230884557721,0.459270364817591,0.32583708145927,0.561719140429785,0.458770614692654,0.263368315842079,0.276361819090455,0.721639180409795
"SNP-11_2",0.412293853073463,0.710144927536232,0.602698650674663,0.556221889055472,0.736631684157921,0.550224887556222,0.435782108945527,0.702148925537231,0.367316341829085,0.701149425287356,0.512243878060969,0.571714142928536,0.349825087456272,0.692153923038481,0.405797101449275,0.515242378810595,0.348825587206397,0.531234382808596,0.747126436781609,0.579210394802599,0.724137931034483,0.211394302848576,0.0969045258830733,0.354822588705647,0.221389305347326,0.646176911544228,0.229885057471264,0.739630184907546,0.386806596701649,0.197401299350325,0.167416291854073,0.601699150424788,0.553223388305847,0.158920539730135,0.591704147926037,0.208895552223888,0.113943028485757,0.595702148925537,0.485257371314343,0.729635182408796,0.383308345827086,0.644177911044478,0.574212893553223,0.340329835082459,0.843078460769615,0.502248875562219,0.764617691154423,0.162918540729635,0.300849575212394,0.0783161596016828
"SNP-12_1",0.103448275862069,0.193903048475762,0.325337331334333,0.0212861727053678,0.0558844465389664,0.284357821089455,0.40679660169915,0.31584207896052,0.525737131434283,0.253373313343328,0.0575260432635501,0.170914542728636,0.377811094452774,0.252373813093453,0.0412608756281137,0.0097688675874523,0.12343828085957,0.413793103448276,0.719140429785107,0.496251874062969,0.282858570714643,0.314342828585707,0.504247876061969,0.280359820089955,0.300349825087456,0.735132433783108,0.0154185631288215,0.191404297851074,0.130934532733633,0.269865067466267,0.396301849075462,0.869565217391304,0.273863068465767,0.725637181409295,0.667666166916542,0.0104148141324461,0.0503507434046896,0.235382308845577,0.029694040912223,0.380809595202399,0.0819157461902303,0.0599196782300361,0.212393803098451,0.276861569215392,0.949025487256372,0.260369815092454,0.00084270344181979,0.662668665667166,0.00201095042917369,0.488755622188906
"SNP-12_2",0.600199900049975,0.181909045477261,0.258870564717641,0.154422788605697,0.575712143928036,0.245377311344328,0.0269448129088537,0.766116941529235,0.178410794602699,0.0269227353847148,0.422288855572214,0.525737131434283,0.346326836581709,0.156921539230385,0.523738130934533,0.501749125437281,0.661169415292354,0.138430784607696,0.344327836081959,0.587206396801599,0.479260369815092,0.215392303848076,0.577211394302849,0.47776111944028,0.205897051474263,0.0986083872141231,0.23688155922039,0.691154422788606,0.346826586706647,0.855572213893053,0.053158220317487,0.019254011025078,0.142428785607196,0.059608215544326,0.0157859562045753,0.0811956321779026,0.132433783108446,0.690654672663668,0.0856562479614757,0.986506746626687,0.566216891554223,0.173413293353323,0.135432283858071,0.0611324700436869,0.289855072463768,0.521239380309845,0.178410794602699,0.182408795602199,0.304847576211894,0.541229385307346
"SNP-13_1",0.416791604197901,0.541729135432284,0.616191904047976,0.257871064467766,0.389805097451274,0.302348825587206,0.052994406903662,0.400299850074962,0.044164971622513,0.284857571214393,0.291854072963518,0.385807096451774,0.404297851074463,0.0157307803051247,0.265867066466767,0.347326336831584,0.474762618690655,0.444277861069465,0.482758620689655,0.384307846076962,0.896051974012994,0.235382308845577,0.269865067466267,0.0108099212097618,0.322338830584708,0.332333833083458,0.644177911044478,0.1984007996002,0.698150924537731,0.240379810094953,0.0841978691026925,0.129935032483758,0.56471764117941,0.448775612193903,0.424787606196902,0.403798100949525,0.211894052973513,0.555222388805597,0.0663545445665786,0.722138930534733,0.653673163418291,0.548225887056472,0.807096451774113,0.403798100949525,0.495252373813093,0.614692653673163,0.0378264686983311,0.263868065967017,0.649675162418791,0.133433283358321
"SNP-13_2",0.668165917041479,0.404297851074463,0.431284357821089,0.212393803098451,0.23288355822089,0.270864567716142,0.621689155422289,0.213393303348326,0.24287856071964,0.27536231884058,0.427786106946527,0.442778610694653,0.529235382308846,0.527236381809095,0.414292853573213,0.269865067466267,0.284357821089455,0.369315342328836,0.463768115942029,0.27736131934033,0.148925537231384,0.196901549225387,0.145927036481759,0.342328835582209,0.184907546226887,0.174912543728136,0.498250874562719,0.180409795102449,0.35432283858071,0.405797101449275,0.28535732133933,0.673663168415792,0.370314842578711,0.522738630684658,0.191904047976012,0.545727136431784,0.542228885557221,0.79160419790105,0.729635182408796,0.0953907463843877,0.80359820089955,0.0542209190327064,0.309845077461269,0.187406296851574,0.207396301849075,0.0738573168442887,0.596201899050475,0.482258870564718,0.0250559317129174,0.102948525737131
"SNP-14_1",0.0224630462671253,0.010322211808216,0.11744127936032,0.654672663668166,0.457271364317841,0.177411294352824,0.148925537231384,0.377811094452774,0.532733633183408,0.375312343828086,0.295352323838081,0.125937031484258,0.366816591704148,0.413293353323338,0.707646176911544,0.0337895831245576,0.530234882558721,0.0123450541235866,0.591704147926037,0.251874062968516,0.148925537231384,0.629685157421289,0.19240379810095,0.230384807596202,0.23888055972014,0.625187406296852,0.32583708145927,0.422288855572214,0.122938530734633,0.607696151924038,0.324337831084458,0.582208895552224,0.242378810594703,0.644177911044478,0.321339330334833,0.434282858570715,0.209395302348826,0.738130934532734,0.84607696151924,0.113943028485757,0.850074962518741,0.727136431784108,0.740629685157421,0.0509030898525031,0.0439057472205102,0.771614192903548,0.975012493753123,0.0614682645635807,0.216891554222889,0.908545727136432
"SNP-14_2",0.991004497751124,0.31784107946027,0.321339330334833,0.0540711466480752,0.307846076961519,0.103448275862069,0.51824087956022,0.636181909045477,0.654672663668166,0.244377811094453,0.0663268548701066,0.827086456771614,0.218890554722639,0.832583708145927,0.847576211894053,0.891554222888556,0.47576211894053,0.408795602198901,0.363318340829585,0.860069965017491,0.0594104902280243,0.292353823088456,0.761619190404798,0.702148925537231,0.329835082458771,0.944027986006997,0.322838580709645,0.316341829085457,0.889555222388806,0.140429785107446,0.832583708145927,0.980009995002499,0.156921539230385,0.0171829969321608,0.762118940529735,0.658670664667666,0.541729135432284,0.849575212393803,0.723638180909545,0.885057471264368,0.816591704147926,0.833583208395802,0.11544227886057,0.67416291854073,0.622688655672164,0.361819090454773,0.000649187784754026,0.247876061969015,0.147426286856572,0.978510744627686
"SNP-15_1",0.457271364317841,0.156421789105447,0.160419790104948,0.156921539230385,0.346326836581709,0.100449775112444,0.12743628185907,0.0798748515666391,0.36231884057971,0.125937031484258,0.0305059985396517,0.255372313843078,0.102948525737131,0.0400183530276052,0.27336331834083,0.372313843078461,0.190904547726137,0.0926885499844998,0.0301090146973644,0.027307614014115,0.0708663116376524,0.863568215892054,0.0304398863345247,0.191904047976012,0.0661888214464216,0.087830930757407,0.0301470764741835,0.280859570214893,0.0798253273386926,0.0759624200636566,0.156421789105447,0.272363818090955,0.125937031484258,0.116941529235382,0.00710103427822822,0.619190404797601,0.0621476243312152,0.652673663168416,0.227886056971514,0.926036981509245,0.150424787606197,0.0353220667920122,0.0536687063355644,0.687156421789105,0.586206896551724,0.492253873063468,0.278360819590205,0.129935032483758,0.588705647176412,0.625687156421789
"SNP-15_2",0.445777111444278,0.379310344827586,0.322838580709645,0.44127936031984,0.231384307846077,0.336831584207896,0.64367816091954,0.282858570714643,0.463268365817091,0.257371314342829,0.36031984007996,0.185907046476762,0.462268865567216,0.451274362818591,0.19640179910045,0.347326336831584,0.27736131934033,0.199900049975012,0.492253873063468,0.231384307846077,0.557221389305347,0.933533233383308,0.484757621189405,0.370814592703648,0.426786606696652,0.369815092453773,0.0506438580591946,0.431784107946027,0.502748625687156,0.478260869565217,0.281859070464768,0.488255872063968,0.623188405797101,0.347826086956522,0.305347326336832,0.412293853073463,0.230884557721139,0.187406296851574,0.274862568715642,0.51424287856072,0.339330334832584,0.303348325837081,0.177411294352824,0.241879060469765,0.116441779110445,0.143428285857071,0.523238380809595,0.101949025487256,0.535732133933034,0.391804097951024
"SNP-16_1",0.487756121939031,0.242378810594703,0.492753623188406,0.307846076961519,0.561719140429785,0.651674162918541,0.857071464267866,0.736631684157921,0.342328835582209,0.132933533233383,0.32783608195902,0.406296851574213,0.457771114442779,0.562218890554723,0.215392303848076,0.674662668665667,0.219390304847576,0.223888055972014,0.572713643178411,0.477261369315342,0.3928035982009,0.410294852573713,0.566216891554223,0.203898050974513,0.462768615692154,0.248875562218891,0.485257371314343,0.566216891554223,0.266366816591704,0.784607696151924,0.344827586206897,0.307346326836582,0.643178410794603,0.729635182408796,0.491754122938531,0.60119940029985,0.540729635182409,0.836581709145427,0.624687656171914,0.336831584207896,0.385307346326837,0.311844077961019,0.793103448275862,0.589205397301349,0.589705147426287,0.756621689155422,0.271364317841079,0.302348825587206,0.533733133433283,0.192903548225887
"SNP-16_2",0.307846076961519,0.167416291854073,0.287856071964018,0.329335332333833,0.32783608195902,0.248875562218891,0.0379659359444645,0.227386306846577,0.0927100118778734,0.212893553223388,0.232383808095952,0.248875562218891,0.100449775112444,0.0824334065915011,0.3968015992004,0.00459361708200067,0.208395802098951,0.0937899911348449,0.024746406647798,0.0775377220153823,0.0673647726413696,0.123938030984508,0.0593843891019177,0.0476217228037517,0.0726567085449654,0.146426786606697,0.575712143928036,0.279860069965017,0.247376311844078,0.223888055972014,0.00436311943944684,0.163418290854573,0.316841579210395,0.52223888055972,0.376811594202899,0.365317341329335,0.138430784607696,0.0401027389975788,0.149925037481259,0.00650832993818822,0.43528235882059,0.0664507594431425,0.0642687789173977,0.0529951858359543,0.374812593703148,0.0875561183569665,0.536231884057971,0.635182408795602,0.648675662168916,0.35432283858071
"SNP-17_1",0.536731634182909,0.528735632183908,0.737631184407796,0.318340829585207,0.406296851574213,0.561719140429785,0.311844077961019,0.558220889555222,0.143928035982009,0.612193903048476,0.509745127436282,0.582708645677161,0.568215892053973,0.235882058970515,0.0155745380049817,0.690154922538731,0.467766116941529,0.596201899050475,0.572713643178411,0.715142428785607,0.467766116941529,0.0166465568043395,0.649675162418791,0.338330834582709,0.379810094952524,0.193403298350825,0.525237381309345,0.654672663668166,0.120939530234883,0.709645177411294,0.594702648675662,0.338830584707646,0.228885557221389,0.143428285857071,0.535232383808096,0.168415792103948,0.529235382308846,0.68415792103948,0.223388305847076,0.463268365817091,0.540729635182409,0.173413293353323,0.496251874062969,0.471764117941029,0.00623043559859249,0.262868565717141,0.476261869065467,0.418290854572714,0.276861569215392,0.71264367816092
"SNP-17_2",0.179410294852574,0.199400299850075,0.371314342828586,0.183408295852074,0.632183908045977,0.318340829585207,0.0739381539356778,0.760119940029985,0.28735632183908,0.36631684157921,0.287856071964018,0.512243878060969,0.126936531734133,0.192903548225887,0.128435782108946,0.412793603198401,0.158920539730135,0.255372313843078,0.219890054972514,0.344827586206897,0.389305347326337,0.290354822588706,0.251874062968516,0.413293353323338,0.110944527736132,0.885057471264368,0.44327836081959,0.527236381809095,0.0950376311614432,0.683158420789605,0.390804597701149,0.201899050474763,0.143928035982009,0.750624687656172,0.489755122438781,0.507246376811594,0.113943028485757,0.713643178410795,0.225887056471764,0.831584207896052,0.552223888055972,0.063817270048309,0.113943028485757,0.806096951524238,0.937031484257871,0.698150924537731,0.144427786106947,0.538230884557721,0.228885557221389,0.714142928535732
"SNP-18_1",0.421789105447276,0.341329335332334,0.32383808095952,0.0307360955110896,0.361819090454773,0.207396301849075,0.103647132966978,0.247876061969015,0.136931534232884,0.0300350516951522,0.0758878334009842,0.35432283858071,0.494752623688156,0.430784607696152,0.27336331834083,0.297351324337831,0.0367968523020103,0.0597561656302168,0.747626186906547,0.561719140429785,0.183408295852074,0.0843779708805876,0.624687656171914,0.108945527236382,0.664667666166917,0.344827586206897,0.0583188675448496,0.0855217710402863,0.273863068465767,0.506746626686657,0.194902548725637,0.297851074462769,0.270864567716142,0.393803098450775,0.555222388805597,0.448775612193903,0.399300349825087,0.845077461269365,0.333333333333333,0.135432283858071,0.188905547226387,0.122938530734633,0.3968015992004,0.0221425259587897,0.456771614192904,0.590704647676162,0.135932033983008,0.549725137431284,0.440779610194903,0.00789567178574459
"SNP-18_2",0.165417291354323,0.201399300349825,0.39480259870065,0.149425287356322,0.24687656171914,0.342328835582209,0.169915042478761,0.0961528684253081,0.381809095452274,0.215392303848076,0.288855572213893,0.228385807096452,0.459270364817591,0.491754122938531,0.230884557721139,0.176411794102949,0.320839580209895,0.239880059970015,0.069651608960294,0.228885557221389,0.118440779610195,0.209395302348826,0.0752796639739273,0.0871953061678846,0.181909045477261,0.329835082458771,0.620689655172414,0.0952084664245957,0.128435782108946,0.665667166416792,0.589205397301349,0.368315842078961,0.251874062968516,0.23288355822089,0.501249375312344,0.178410794602699,0.502748625687156,0.0581120726984166,0.662668665667166,0.0930880817784753,0.320339830084958,0.179910044977511,0.252873563218391,0.353823088455772,0.276861569215392,0.307346326836582,0.168915542228886,0.700149925037481,0.225387306346827,0.377811094452774
"SNP-19_1",0.0485368608206448,0.149425287356322,0.812093953023488,0.865067466266867,0.295852073963018,0.377311344327836,0.518740629685157,0.162918540729635,0.608195902048976,0.105947026486757,0.291354322838581,0.792603698150925,0.870564717641179,0.47976011994003,0.0851567134535576,0.0706472472561346,0.968515742128936,0.203898050974513,0.839580209895052,0.823588205897052,0.687656171914043,0.253873063468266,0.796101949025487,0.893053473263368,0.56471764117941,0.48375812093953,0.322338830584708,0.207396301849075,0.0978947658391543,0.462768615692154,0.908545727136432,0.724137931034483,0.768115942028985,0.316841579210395,0.0925757986525006,0.600699650174913,0.671664167916042,0.582208895552224,0.116941529235382,0.255872063968016,0.272363818090955,0.535732133933034,0.395302348825587,0.546726636681659,0.408795602198901,0.489255372313843,0.631684157921039,0.389805097451274,0.7976011994003,0.867066466766617
"SNP-19_2",0.725137431284358,0.788105947026487,0.703148425787106,0.502248875562219,0.292353823088456,0.7976011994003,0.344327836081959,0.478260869565217,0.263868065967017,0.429285357321339,0.747626186906547,0.20039980009995,0.433783108445777,0.294852573713143,0.322838580709645,0.68615692153923,0.611194402798601,0.395802098950525,0.602198900549725,0.634182908545727,0.578710644677661,0.651174412793603,0.395802098950525,0.268365817091454,0.705647176411794,0.733133433283358,0.690654672663668,0.134932533733133,0.564217891054473,0.220389805097451,0.702148925537231,0.525237381309345,0.68815592203898,0.448275862068966,0.336831584207896,0.576211894052973,0.715142428785607,0.305847076461769,0.673163418290855,0.619690154922539,0.781109445277361,0.730134932533733,0.210894552723638,0.84807596201899,0.55272363818091,0.551224387806097,0.271364317841079,0.272363818090955,0.456771614192904,0.257871064467766
"SNP-20_1",0.150924537731134,0.584707646176912,0.305847076461769,0.368815592203898,0.663668165917041,0.0625382525439949,0.622188905547226,0.0773797789511633,0.428785607196402,0.28535732133933,0.186406796601699,0.124437781109445,0.604197901049475,0.355322338830585,0.170414792603698,0.365317341329335,0.256371814092954,0.230884557721139,0.590704647676162,0.246376811594203,0.511244377811094,0.15792103948026,0.816091954022989,0.606196901549225,0.168915542228886,0.408795602198901,0.229885057471264,0.309345327336332,0.280859570214893,0.803098450774613,0.519240379810095,0.55272363818091,0.487256371814093,0.150424787606197,0.0955783698709377,0.181909045477261,0.172413793103448,0.135932033983008,0.454272863568216,0.237381309345327,0.48375812093953,0.316841579210395,0.103448275862069,0.207896051974013,0.916541729135432,0.500749625187406,0.928035982008996,0.0879240956718254,0.11544227886057,0.895552223888056
"SNP-20_2",0.846576711644178,0.544727636181909,0.64367816091954,0.130934532733633,0.309845077461269,0.269365317341329,0.209395302348826,0.252873563218391,0.55672163918041,0.611694152923538,0.499750124937531,0.348825587206397,0.208895552223888,0.275862068965517,0.260869565217391,0.382308845577211,0.457771114442779,0.167416291854073,0.614192903548226,0.291854072963518,0.269365317341329,0.415292353823088,0.138930534732634,0.35832083958021,0.779110444777611,0.679660169915043,0.118440779610195,0.432783608195902,0.154422788605697,0.408795602198901,0.473263368315842,0.654172913543228,0.525237381309345,0.609695152423788,0.156421789105447,0.619690154922539,0.833583208395802,0.104447776111944,0.309845077461269,0.191904047976012,0.622188905547226,0.11744127936032,0.336331834082959,0.306846576711644,0.760119940029985,0.3928035982009,0.83208395802099,0.808095952023988,0.444277861069465,0.209895052473763
"SNP-21_1",0.770614692653673,0.240379810094953,0.0278369180984938,0.595702148925537,0.190404797601199,0.195902048975512,0.193403298350825,0.28535732133933,0.685657171414293,0.105947026486757,0.00476633771672841,0.412793603198401,0.355822088955522,0.105447276361819,0.535732133933034,0.400299850074962,0.248375812093953,0.0010577938916052,0.0843365273128347,0.382808595702149,0.0614024102468531,0.366816591704148,0.824587706146927,0.288855572213893,0.175412293853073,0.518740629685157,0.372313843078461,0.443778110944528,0.258370814592704,0.299350324837581,0.0641820078963126,0.390804597701149,0.586206896551724,0.234382808595702,0.462768615692154,0.367316341829085,0.40679660169915,0.843578210894553,0.218890554722639,0.0199321505076969,0.781109445277361,0.0851076716681143,0.073620005496978,0.415292353823088,0.455772113943028,0.0646575930991597,0.125937031484258,0.535232383808096,0.859570214892554,0.289855072463768
"SNP-21_2",0.900549725137431,0.514742628685657,0.663668165917041,0.219890054972514,0.155422288855572,0.102948525737131,0.644677661169415,0.399800099950025,0.347326336831584,0.177911044477761,0.664667666166917,0.786106946526737,0.184407796101949,0.527736131934033,0.47376311844078,0.35432283858071,0.575212393803098,0.329335332333833,0.363318340829585,0.563218390804598,0.529735132433783,0.604197901049475,0.960519740129935,0.608195902048976,0.638180909545227,0.607196401799101,0.168915542228886,0.182908545727136,0.622188905547226,0.813593203398301,0.11744127936032,0.503248375812094,0.471764117941029,0.35432283858071,0.264367816091954,0.449275362318841,0.702648675662169,0.665667166416792,0.269865067466267,0.91704147926037,0.538730634682659,0.603698150924538,0.415292353823088,0.16591704147926,0.530734632683658,0.742628685657171,0.281859070464768,0.369315342328836,0.88655672163918,0.453273363318341
"SNP-22_1",0.654172913543228,0.399800099950025,0.509245377311344,0.47976011994003,0.8055972013993,0.712143928035982,0.509245377311344,0.624187906046976,0.239380309845077,0.00585421035850623,0.471764117941029,0.00281488205583209,0.492753623188406,0.508245877061469,0.343828085957021,0.465267366316842,0.332833583208396,0.424287856071964,0.605697151424288,0.0180617819607934,0.71264367816092,0.414292853573213,0.408295852073963,0.00267901150278979,0.549225387306347,0.638680659670165,0.490254872563718,0.654172913543228,0.426286856571714,0.515742128935532,0.439780109945027,0.653173413293353,0.0875873956642538,0.290354822588706,0.432783608195902,0.356821589205397,0.0656815356280421,0.590204897551224,0.31584207896052,0.333333333333333,0.0323693570285706,0.079163270126507,0.285857071464268,0.440779610194903,0.0720212534498349,0.635182408795602,0.203398300849575,0.779610194902549,0.700149925037481,0.781609195402299
"SNP-22_2",0.0873809775308022,0.0862781817676153,0.367816091954023,0.367816091954023,0.723638180909545,0.226886556721639,0.684657671164418,0.482758620689655,0.735132433783108,0.557221389305347,0.109445277361319,0.12743628185907,0.0926986616321893,0.1984007996002,0.756621689155422,0.268365817091454,0.450274862568716,0.311844077961019,0.107946026986507,0.0314491684419624,0.790604697651174,0.0520224612309888,0.64767616191904,0.5952023988006,0.545727136431784,0.402298850574713,0.301349325337331,0.676661669165417,0.567716141929036,0.653673163418291,0.487256371814093,0.423288355822089,0.333333333333333,0.593703148425787,0.177911044477761,0.798100949525237,0.468765617191404,0.464767616191904,0.379810094952524,0.380309845077461,0.336831584207896,0.452273863068466,0.0349153091883923,0.507246376811594,0.252873563218391,0.0627924621678758,0.634182908545727,0.72463768115942,0.1984007996002,0.130434782608696
"SNP-23_1",0.245877061469265,0.479260369815092,0.248375812093953,0.44327836081959,0.108945527236382,0.186906546726637,0.59720139930035,0.142928535732134,0.291854072963518,0.177911044477761,0.331834082958521,0.542728635682159,0.484757621189405,0.331834082958521,0.0563342573535853,0.269365317341329,0.344827586206897,0.449775112443778,0.286856571714143,0.548225887056472,0.0992273564786983,0.226886556721639,0.0909502286189894,0.341829085457271,0.177411294352824,0.501749125437281,0.532233883058471,0.23288355822089,0.224387806096952,0.0302815381347335,0.365817091454273,0.720139930034983,0.692653673163418,0.883058470764618,0.591204397801099,0.409795102448776,0.138430784607696,0.145427286356822,0.133433283358321,0.289355322338831,0.0645501990495635,0.147426286856572,0.110944527736132,0.663168415792104,0.72063968015992,0.101449275362319,0.789605197401299,0.690154922538731,0.0869313069270724,0.877061469265367
"SNP-23_2",0.534732633683158,0.509745127436282,0.475262368815592,0.345327336331834,0.664667666166917,0.365817091454273,0.355322338830585,0.281859070464768,0.335832083958021,0.770114942528736,0.742128935532234,0.370814592703648,0.711644177911045,0.515242378810595,0.183908045977011,0.15792103948026,0.291354322838581,0.628685657171414,0.146426786606697,0.691654172913543,0.164417791104448,0.876061969015492,0.0609975308315646,0.256871564217891,0.517241379310345,0.380309845077461,0.386806596701649,0.373313343328336,0.122938530734633,0.336831584207896,0.756621689155422,0.510744627686157,0.293353323338331,0.219390304847576,0.444277861069465,0.288355822088956,0.640679660169915,0.484257871064468,0.351324337831084,0.168415792103948,0.190404797601199,0.462268865567216,0.0501724999941808,0.192903548225887,0.262368815592204,0.150424787606197,0.776111944027986,0.0707501960643979,0.0831380726485487,0.679160419790105
"SNP-24_1",0.559720139930035,0.369815092453773,0.103448275862069,0.466766616691654,0.654172913543228,0.509745127436282,0.51824087956022,0.363318340829585,0.8015992003998,0.267366316841579,0.384307846076962,0.47976011994003,0.708645677161419,0.228885557221389,0.546726636681659,0.289355322338831,0.347826086956522,0.407796101949025,0.171414292853573,0.111944027986007,0.270864567716142,0.0326925097047231,0.303848075962019,0.0645885862168163,0.183908045977011,0.207896051974013,0.0850290121862727,0.132433783108446,0.412293853073463,0.348825587206397,0.197901049475262,0.116941529235382,0.330834582708646,0.271864067966017,0.526736631684158,0.239380309845077,0.825587206396802,0.353323338330835,0.0688821968375993,0.101449275362319,0.833583208395802,0.308345827086457,0.549725137431284,0.153423288355822,0.911544227886057,0.0419563584660756,0.00672697462339006,0.456271864067966,0.184907546226887,0.519740129935032
"SNP-24_2",0.0589868622496001,0.0379851225524327,0.209395302348826,0.166916541729135,0.114442778610695,0.062137424289236,0.173913043478261,0.0700992914946372,0.417291354322839,0.0701909720380166,0.0462273268298222,0.261369315342329,0.590704647676162,0.723138430784608,0.00695410403322786,0.438280859570215,0.0628205010055054,0.0505010446407289,0.0336580750458717,0.124937531234383,0.0208490529762786,0.029537876668208,0.087110157592513,0.0861551643411798,0.383308345827086,0.116941529235382,0.0325167237896893,0.0189029626891035,0.0287778298171215,0.640179910044978,0.0376510748229879,0.288855572213893,0.027094205683334,0.0469720952618204,0.135932033983008,0.0466445983271084,0.139930034982509,0.24087956021989,0.10167160867927,0.399800099950025,0.144927536231884,0.235382308845577,0.140929535232384,0.435782108945527,0.169415292353823,0.372313843078461,0.0155108898333971,0.990004997501249,0.708145927036482,0.222888555722139
"SNP-25_1",0.267866066966517,0.447776111944028,0.416791604197901,0.221889055472264,0.23288355822089,0.347826086956522,0.566216891554223,0.456271864067966,0.520739630184908,0.314342828585707,0.230384807596202,0.336331834082959,0.59320339830085,0.633183408295852,0.693153423288356,0.215392303848076,0.527736131934033,0.357321339330335,0.653673163418291,0.264867566216892,0.8055972013993,0.660669665167416,0.320839580209895,0.223888055972014,0.310344827586207,0.458270864567716,0.39880059970015,0.35232383808096,0.429285357321339,0.500749625187406,0.19240379810095,0.639180409795102,0.388305847076462,0.19640179910045,0.258370814592704,0.321339330334833,0.677161419290355,0.538230884557721,0.0905219844352459,0.143428285857071,0.0518326379928285,0.43928035982009,0.517741129435282,0.750124937531234,0.0723750318278771,0.56471764117941,0.132433783108446,0.812593703148426,0.349825087456272,0.424287856071964
"SNP-25_2",0.244377811094453,0.114942528735632,0.207896051974013,0.239880059970015,0.39480259870065,0.460269865067466,0.127936031984008,0.106446776611694,0.24487756121939,0.0237031111629186,0.203898050974513,0.124437781109445,0.421789105447276,0.0121671217322094,0.453273363318341,0.568215892053973,0.340329835082459,0.161419290354823,0.618690654672664,0.465267366316842,0.208895552223888,0.231884057971014,0.513743128435782,0.275862068965517,0.130434782608696,0.228385807096452,0.237881059470265,0.284857571214393,0.16591704147926,0.12743628185907,0.0796499293322787,0.0196766206621917,0.0672146007736305,0.27936031984008,0.178410794602699,0.248375812093953,0.540729635182409,0.522738630684658,0.196901549225387,0.0384440067913657,0.512243878060969,0.183408295852074,0.0643246703895903,0.403798100949525,0.415792103948026,0.483258370814593,0.160919540229885,0.439780109945027,0.777611194402799,0.519740129935032
"SNP-26_1",0.142928535732134,0.428785607196402,0.139930034982509,0.131434282858571,0.429285357321339,0.0908229040736109,0.238380809595202,0.0484752101785193,0.055274016939745,0.0377376207852486,0.131434282858571,0.126436781609195,0.223888055972014,0.0247578468054686,0.097074790417842,0.364817591204398,0.0600018828450508,0.134932533733133,0.326336831584208,0.433783108445777,0.229885057471264,0.458770614692654,0.732133933033483,0.272863568215892,0.0597110768360074,0.0891281785646229,0.215892053973014,0.230884557721139,0.164917541229385,0.122438780609695,0.0854103841291267,0.140429785107446,0.540729635182409,0.430284857571214,0.0199039950442451,0.471264367816092,0.224887556221889,0.106446776611694,0.222388805597201,0.0279312534643888,0.83808095952024,0.140929535232384,0.137931034482759,0.378310844577711,0.456771614192904,0.76711644177911,0.0671260911256163,0.131434282858571,0.00820765314260592,0.76311844077961
"SNP-26_2",0.485257371314343,0.665667166416792,0.100449775112444,0.257371314342829,0.727636181909045,0.450774612693653,0.318340829585207,0.136431784107946,0.248375812093953,0.199400299850075,0.00100171764684493,0.0010997711103021,0.294852573713143,0.0383012210657521,0.0727075804102446,0.438780609695152,0.104947526236882,0.295352323838081,0.4047976011994,0.318840579710145,0.409795102448776,0.215392303848076,0.561719140429785,0.715642178910545,0.663668165917041,0.375812093953024,0.693153423288356,0.480259870064968,0.420289855072464,0.697651174412794,0.451774112943528,0.463768115942029,0.776611694152924,0.00108647464320044,0.324337831084458,0.72263868065967,0.553223388305847,0.278360819590205,0.199400299850075,0.724137931034483,0.709145427286357,0.0513523087858143,0.342328835582209,0.132933533233383,0.596201899050475,0.050603257101712,0.942028985507246,0.892053973013493,0.960019990004997,0.361319340329835
"SNP-27_1",0.441779110444778,0.821089455272364,0.766616691654173,0.546226886556722,0.222388805597201,0.24487756121939,0.839580209895052,0.457271364317841,0.35832083958021,0.664667666166917,0.748125937031484,0.0657153195163629,0.523738130934533,0.490754622688656,0.743628185907046,0.701649175412294,0.529235382308846,0.798100949525237,0.542228885557221,0.588205897051474,0.393303348325837,0.545727136431784,0.113943028485757,0.620689655172414,0.253873063468266,0.4047976011994,0.75312343828086,0.501749125437281,0.363818090954523,0.255872063968016,0.239880059970015,0.674662668665667,0.680659670164918,0.282358820589705,0.457271364317841,0.347826086956522,0.396301849075462,0.506246876561719,0.553223388305847,0.673163418290855,0.646176911544228,0.569715142428786,0.352823588205897,0.253873063468266,0.0361861652444959,0.156921539230385,0.687656171914043,0.738630684657671,0.302348825587206,0.516741629185407
"SNP-27_2",0.545227386306847,0.705147426286857,0.76511744127936,0.443778110944528,0.454272863568216,0.506246876561719,0.344827586206897,0.740129935032484,0.196901549225387,0.557721139430285,0.769115442278861,0.6031984007996,0.457271364317841,0.330334832583708,0.43728135932034,0.518740629685157,0.446276861569215,0.447776111944028,0.32183908045977,0.44327836081959,0.253873063468266,0.632683658170915,0.313343328335832,0.76311844077961,0.815592203898051,0.625187406296852,0.768615692153923,0.622188905547226,0.311844077961019,0.913543228385807,0.594702648675662,0.184907546226887,0.317341329335332,0.460269865067466,0.23888055972014,0.660669665167416,0.306346826586707,0.659670164917541,0.634182908545727,0.386306846576712,0.52623688155922,0.24687656171914,0.219890054972514,0.0568029350409777,0.937531234382809,0.521739130434783,0.536231884057971,0.875562218890555,0.478760619690155,0.901549225387306
"SNP-28_1",0.306846576711644,0.043297493255383,0.142428785607196,0.510244877561219,0.687156421789105,0.408795602198901,0.43528235882059,0.809095452273863,0.337331334332834,0.149425287356322,0.602198900549725,0.135932033983008,0.587706146926537,0.127936031984008,0.52623688155922,0.539230384807596,0.162918540729635,0.0411768403882807,0.446276861569215,0.366816591704148,0.226886556721639,0.506746626686657,0.542228885557221,0.246376811594203,0.272863568215892,0.450274862568716,0.23888055972014,0.350824587706147,0.230384807596202,0.930034982508746,0.0264284024030847,0.36231884057971,0.552223888055972,0.0558474580034873,0.523738130934533,0.284857571214393,0.382308845577211,0.904547726136932,0.349325337331334,0.106946526736632,0.52023988005997,0.254372813593203,0.612693653173413,0.56271864067966,0.111444277861069,0.438780609695152,0.196901549225387,0.914542728635682,0.489755122438781,0.248375812093953
"SNP-28_2",0.689155422288856,0.536231884057971,0.355822088955522,0.40679660169915,0.0423693578096209,0.0556204050804513,0.290354822588706,0.734132933533233,0.00959959707352541,0.167416291854073,0.401799100449775,0.704147926036982,0.625187406296852,0.376311844077961,0.756121939030485,0.506746626686657,0.673663168415792,0.72263868065967,0.0809881587710385,0.608195902048976,0.745627186406797,0.301849075462269,0.764117941029485,0.0177671881613137,0.717641179410295,0.442778610694653,0.424787606196902,0.570214892553723,0.513243378310845,0.672663668165917,0.311344327836082,0.110944527736132,0.740629685157421,0.4047976011994,0.747626186906547,0.343328335832084,0.343328335832084,0.587706146926537,0.584707646176912,0.217891054472764,0.938030984507746,0.344827586206897,0.148425787106447,0.136431784107946,0.656671664167916,0.713643178410795,0.5992003998001,0.792603698150925,0.397801099450275,0.353323338330835
"SNP-29_1",0.170414792603698,0.200899550224888,0.581209395302349,0.256871564217891,0.255372313843078,0.204897551224388,0.227886056971514,0.295852073963018,0.537731134432784,0.677661169415292,0.125937031484258,0.357821089455272,0.533733133433283,0.111944027986007,0.148425787106447,0.201399300349825,0.397801099450275,0.249875062468766,0.286856571714143,0.661169415292354,0.534732633683158,0.12143928035982,0.64367816091954,0.276861569215392,0.196901549225387,0.190404797601199,0.299350324837581,0.0279263332098935,0.117941029485257,0.353823088455772,0.278360819590205,0.176911544227886,0.276861569215392,0.370814592703648,0.272863568215892,0.448275862068966,0.231884057971014,0.288855572213893,0.239880059970015,0.658670664667666,0.217891054472764,0.0669513981600386,0.00564451604106393,0.20439780109945,0.350324837581209,0.492253873063468,0.297851074462769,0.859070464767616,0.286356821589205,0.342328835582209
"SNP-29_2",0.379310344827586,0.577211394302849,0.138430784607696,0.677661169415292,0.211894052973513,0.390304847576212,0.711644177911045,0.363318340829585,0.548225887056472,0.525237381309345,0.478760619690155,0.164417791104448,0.594202898550725,0.141929035482259,0.20439780109945,0.527236381809095,0.624187906046976,0.634682658670665,0.256871564217891,0.341829085457271,0.485257371314343,0.174912543728136,0.0746683985659996,0.532233883058471,0.773613193403298,0.773613193403298,0.414792603698151,0.231384307846077,0.624687656171914,0.553223388305847,0.347826086956522,0.426286856571714,0.56671664167916,0.403798100949525,0.712143928035982,0.732633683158421,0.260369815092454,0.818090954522739,0.653173413293353,0.05035351504191,0.777611194402799,0.334332833583208,0.546226886556722,0.231884057971014,0.470264867566217,0.0956224540088549,0.397301349325337,0.213393303348326,0.931534232883558,0.0595720302619206
"SNP-30_1",0.56271864067966,0.35432283858071,0.0788711250875474,0.714142928535732,0.478760619690155,0.465267366316842,0.754122938530735,0.493753123438281,0.299350324837581,0.561219390304848,0.683658170914543,0.0840649042015891,0.272363818090955,0.751124437781109,0.316841579210395,0.516741629185407,0.667166416791604,0.528735632183908,0.520739630184908,0.16391804097951,0.1984007996002,0.346826586706647,0.474762618690655,0.599700149925038,0.0413265544780715,0.281859070464768,0.653673163418291,0.186406796601699,0.366816591704148,0.496251874062969,0.640679660169915,0.606696651674163,0.534232883558221,0.340829585207396,0.494252873563218,0.458270864567716,0.384307846076962,0.446276861569215,0.598200899550225,0.216891554222889,0.422788605697151,0.482758620689655,0.0646009752064317,0.636681659170415,0.107446276861569,0.626186906546727,0.942028985507246,0.935032483758121,0.152923538230885,0.52023988005997
"SNP-30_2",0.543228385807096,0.552223888055972,0.23688155922039,0.463768115942029,0.606196901549225,0.798600699650175,0.254372813593203,0.513743128435782,0.366816591704148,0.685657171414293,0.76511744127936,0.267366316841579,0.510244877561219,0.694152923538231,0.550724637681159,0.521239380309845,0.184907546226887,0.652673663168416,0.627686156921539,0.677661169415292,0.670664667666167,0.859070464767616,0.0661996712873985,0.647176411794103,0.589705147426287,0.884057971014493,0.336331834082959,0.404297851074463,0.715142428785607,0.873063468265867,0.59720139930035,0.740629685157421,0.687656171914043,0.216891554222889,0.772113943028486,0.259870064967516,0.627186406796602,0.532733633183408,0.583208395802099,0.496251874062969,0.820089955022489,0.561219390304848,0.765617191404298,0.0568181394999309,0.403798100949525,0.272363818090955,0.494752623688156,0.23488255872064,0.276361819090455,0.363818090954523
"SNP-31_1",0.865567216391804,0.350324837581209,0.561719140429785,0.0676536474207467,0.0769833553750327,0.0674920809648898,0.813593203398301,0.755622188905547,0.692653673163418,0.667166416791604,0.375812093953024,0.471264367816092,0.576711644177911,0.657671164417791,0.876061969015492,0.282858570714643,0.0764191486641713,0.418790604697651,0.470264867566217,0.139430284857571,0.681659170414793,0.00591271287754307,0.856571714142929,0.126936531734133,0.659170414792604,0.830584707646177,0.773113443278361,0.859070464767616,0.889055472263868,0.852073963018491,0.424287856071964,0.270864567716142,0.83408295852074,0.868565717141429,0.762618690654673,0.867566216891554,0.28335832083958,0.56671664167916,0.0428453615067095,0.36631684157921,0.370314842578711,0.702648675662169,0.885557221389305,0.517741129435282,0.390304847576212,0.311844077961019,0.333333333333333,0.15392303848076,0.188405797101449,0.539230384807596
"SNP-31_2",0.525237381309345,0.392303848075962,0.419790104947526,0.714142928535732,0.527236381809095,0.912043978010994,0.611694152923538,0.537231384307846,0.389305347326337,0.28735632183908,0.703148425787106,0.446776611694153,0.615692153923038,0.287856071964018,0.487756121939031,0.68615692153923,0.871564217891054,0.521239380309845,0.513743128435782,0.856571714142929,0.769115442278861,0.800599700149925,0.332833583208396,0.626186906546727,0.40279860069965,0.209395302348826,0.593703148425787,0.442278860569715,0.435782108945527,0.385807096451774,0.180909545227386,0.5992003998001,0.636181909045477,0.760619690154923,0.332833583208396,0.597701149425287,0.266366816591704,0.544727636181909,0.725137431284358,0.87256371814093,0.608195902048976,0.695652173913043,0.561719140429785,0.438780609695152,0.249375312343828,0.909545227386307,0.230384807596202,0.485257371314343,0.440279860069965,0.542228885557221
"SNP-32_1",0.763618190904548,0.705147426286857,0.653673163418291,0.653673163418291,0.48175912043978,0.732133933033483,0.689655172413793,0.213393303348326,0.105947026486757,0.173913043478261,0.467266366816592,0.728135932033983,0.646176911544228,0.150924537731134,0.147426286856572,0.510744627686157,0.663168415792104,0.563218390804598,0.829585207396302,0.753623188405797,0.133433283358321,0.817591204397801,0.792603698150925,0.72863568215892,0.438780609695152,0.567216391804098,0.295352323838081,0.710644677661169,0.828085957021489,0.312343828085957,0.641179410294853,0.732133933033483,0.392303848075962,0.657171414292854,0.344827586206897,0.713143428285857,0.869565217391304,0.177911044477761,0.310344827586207,0.547226386806597,0.691154422788606,0.851074462768616,0.342828585707146,0.869065467266367,0.288355822088956,0.886056971514243,0.615692153923038,0.862568715642179,0.754122938530735,0.411794102948526
"SNP-32_2",0.0378519458422422,0.353823088455772,0.504247876061969,0.406296851574213,0.290854572713643,0.338330834582709,0.271864067966017,0.140929535232384,0.0497296351979187,0.320839580209895,0.613193403298351,0.410794602698651,0.487256371814093,0.743628185907046,0.332333833083458,0.318340829585207,0.31784107946027,0.292853573213393,0.0566066868369527,0.318840579710145,0.347826086956522,0.576711644177911,0.318340829585207,0.109445277361319,0.31984007996002,0.524737631184408,0.316341829085457,0.371814092953523,0.074711068033991,0.351324337831084,0.340329835082459,0.640179910044978,0.506246876561719,0.414292853573213,0.361319340329835,0.32583708145927,0.534232883558221,0.0939597817931458,0.592203898050975,0.535232383808096,0.0490937449579601,0.132933533233383,0.694152923538231,0.490254872563718,0.179410294852574,0.150924537731134,0.702148925537231,0.302848575712144,0.465267366316842,0.0058947273882273
"SNP-33_1",0.59720139930035,0.650674662668666,0.458270864567716,0.368315842078961,0.173413293353323,0.179910044977511,0.138430784607696,0.129435282358821,0.300849575212394,0.103948025987006,0.294352823588206,0.194902548725637,0.443778110944528,0.370814592703648,0.148925537231384,0.801099450274863,0.581709145427286,0.430784607696152,0.106946526736632,0.459270364817591,0.719640179910045,0.294852573713143,0.256871564217891,0.258370814592704,0.283858070964518,0.563718140929535,0.142428785607196,0.683158420789605,0.217391304347826,0.383808095952024,0.544727636181909,0.536231884057971,0.192903548225887,0.604197901049475,0.445777111444278,0.551224387806097,0.250874562718641,0.0896016628080489,0.294852573713143,0.417291354322839,0.720139930034983,0.613193403298351,0.677661169415292,0.718140929535232,0.457271364317841,0.849575212393803,0.164917541229385,0.596701649175412,0.907546226886557,0.905547226386807
"SNP-33_2",0.278360819590205,0.489255372313843,0.239380309845077,0.00981877626507214,0.485257371314343,0.492753623188406,0.077102425733563,0.0194549086052576,0.319340329835082,0.159420289855072,0.0130441602909577,0.158420789605197,0.0516327708914256,0.382808595702149,0.417791104447776,0.449275362318841,0.121939030484758,0.0799720661293123,0.528235882058971,0.259870064967516,0.495252373813093,0.305347326336832,0.442778610694653,0.154922538730635,0.587706146926537,0.466766616691654,0.333833083458271,0.221889055472264,0.122438780609695,0.203898050974513,0.168915542228886,0.40279860069965,0.0330481234608994,0.236381809095452,0.417291354322839,0.19640179910045,0.152923538230885,0.367316341829085,0.0380328042588105,0.929535232383808,0.287856071964018,0.0260756780868703,0.0535846199798923,0.0854052951790926,0.75512243878061,0.269365317341329,0.193903048475762,0.201399300349825,0.214392803598201,0.421789105447276
"SNP-34_1",0.489755122438781,0.302848575712144,0.410294852573713,0.175912043978011,0.28335832083958,0.0301717960473931,0.2063968015992,0.164917541229385,0.145427286356822,0.1984007996002,0.24687656171914,0.283858070964518,0.23688155922039,0.0840094149451611,0.184407796101949,0.00337243931527703,0.00842754513627593,0.150924537731134,0.262368815592204,0.40679660169915,0.146426786606697,0.0669211058877663,0.575212393803098,0.156921539230385,0.223888055972014,0.497251374312844,0.634182908545727,0.00543646486758684,0.314342828585707,0.235382308845577,0.590204897551224,0.590704647676162,0.47776111944028,0.219390304847576,0.137931034482759,0.153423288355822,0.603698150924538,0.44327836081959,0.310844577711144,0.447776111944028,0.149425287356322,0.0153246017793417,0.284857571214393,0.114442778610695,0.965017491254373,0.290854572713643,0.00307067034480625,0.953023488255872,0.134432783608196,0.825087456271864
"SNP-34_2",0.76111944027986,0.641179410294853,0.413293353323338,0.0788237614222675,0.0201463235618375,0.247876061969015,0.207896051974013,0.049117460061589,0.178410794602699,0.368815592203898,0.0990055185854498,0.269365317341329,0.304347826086957,0.15792103948026,0.0836005547071233,0.108945527236382,0.170914542728636,0.577711144427786,0.560219890054973,0.0579768345957654,0.28535732133933,0.434282858570715,0.600199900049975,0.175412293853073,0.085421281270039,0.244377811094453,0.35832083958021,0.256371814092954,0.511744127936032,0.230384807596202,0.230384807596202,0.0321479065880466,0.140929535232384,0.199900049975012,0.116941529235382,0.175412293853073,0.327336331834083,0.0085551401878951,0.101949025487256,0.0641786632943882,0.162918540729635,0.252373813093453,0.123938030984508,0.475262368815592,0.216391804097951,0.268865567216392,0.0533465473073777,0.800099950024987,0.227886056971514,0.607696151924038
"SNP-35_1",0.411294352823588,0.331834082958521,0.517241379310345,0.177411294352824,0.189405297351324,0.391804097951024,0.277861069465267,0.361819090454773,0.105947026486757,0.228885557221389,0.0302289103744868,0.203898050974513,0.114442778610695,0.334832583708146,0.261369315342329,0.226886556721639,0.214892553723138,0.496251874062969,0.489255372313843,0.274862568715642,0.100949525237381,0.751624187906047,0.256871564217891,0.330334832583708,0.513743128435782,0.0588707370781823,0.334832583708146,0.0757755023688596,0.00825249540992985,0.382308845577211,0.227886056971514,0.667166416791604,0.171914042978511,0.23688155922039,0.211394302848576,0.230384807596202,0.191404297851074,0.292853573213393,0.195402298850575,0.124437781109445,0.00356125122609634,0.0320599184779475,0.265367316341829,0.169915042478761,0.284357821089455,0.472263868065967,0.287856071964018,0.820089955022489,0.00597279661986643,0.443778110944528
"SNP-35_2",0.687156421789105,0.777611194402799,0.602198900549725,0.620189905047476,0.798100949525237,0.662168915542229,0.597701149425287,0.227886056971514,0.750624687656172,0.253873063468266,0.607696151924038,0.363318340829585,0.56071964017991,0.802098950524738,0.216391804097951,0.64367816091954,0.501249375312344,0.300349825087456,0.525237381309345,0.677161419290355,0.47576211894053,0.572713643178411,0.655172413793103,0.452773613193403,0.776111944027986,0.480259870064968,0.314342828585707,0.592203898050975,0.578210894552724,0.260869565217391,0.539730134932534,0.643178410794603,0.668665667166417,0.648175912043978,0.426286856571714,0.544227886056971,0.533233383308346,0.525237381309345,0.677161419290355,0.248375812093953,0.298850574712644,0.749125437281359,0.87856071964018,0.491754122938531,0.757621189405297,0.528735632183908,0.963018490754623,0.450274862568716,0.91904047976012,0.390804597701149
"SNP-36_1",0.67616191904048,0.436781609195402,0.786106946526737,0.270364817591204,0.403298350824588,0.537231384307846,0.0420708441968842,0.168415792103948,0.339830084957521,0.471264367816092,0.539730134932534,0.67216391804098,0.390304847576212,0.800099950024987,0.276861569215392,0.702648675662169,0.300349825087456,0.498250874562719,0.0820609809037598,0.28535732133933,0.283858070964518,0.783108445777111,0.181409295352324,0.72463768115942,0.167416291854073,0.845577211394303,0.229385307346327,0.734132933533233,0.870064967516242,0.138430784607696,0.442278860569715,0.691654172913543,0.695652173913043,0.768115942028985,0.471764117941029,0.657671164417791,0.48575712143928,0.130934532733633,0.727136431784108,0.132433783108446,0.228385807096452,0.366816591704148,0.337831084457771,0.623688155922039,0.390304847576212,0.320839580209895,0.820589705147426,0.885557221389305,0.425787106446777,0.310344827586207
"SNP-36_2",0.222888555722139,0.723638180909545,0.143428285857071,0.327336331834083,0.456771614192904,0.378810594702649,0.675162418790605,0.0744636992128857,0.665667166416792,0.359320339830085,0.632683658170915,0.160919540229885,0.504247876061969,0.683658170914543,0.262868565717141,0.811594202898551,0.116441779110445,0.120439780109945,0.391804097951024,0.348325837081459,0.611694152923538,0.181409295352324,0.4047976011994,0.227886056971514,0.298350824587706,0.258370814592704,0.178410794602699,0.215392303848076,0.474262868565717,0.705147426286857,0.249875062468766,0.0708043922192765,0.465767116441779,0.312343828085957,0.456771614192904,0.441779110444778,0.274362818590705,0.0166812349252892,0.413793103448276,0.331834082958521,0.885557221389305,0.662168915542229,0.35232383808096,0.287856071964018,0.952523738130934,0.637181409295352,0.592703648175912,0.772113943028486,0.249375312343828,0.788605697151424
"SNP-37_1",0.891054472763618,0.315342328835582,0.520739630184908,0.154922538730635,0.399800099950025,0.221389305347326,0.465267366316842,0.827586206896552,0.252873563218391,0.198900549725137,0.361319340329835,0.517241379310345,0.335332333833083,0.758120939530235,0.816091954022989,0.586206896551724,0.31584207896052,0.260869565217391,0.218890554722639,0.533733133433283,0.801099450274863,0.47576211894053,0.133433283358321,0.312843578210895,0.502248875562219,0.474262868565717,0.300349825087456,0.584707646176912,0.177911044477761,0.306346826586707,0.665667166416792,0.472263868065967,0.365317341329335,0.0438719463247156,0.252873563218391,0.446276861569215,0.56071964017991,0.72863568215892,0.707646176911544,0.816091954022989,0.751624187906047,0.0507705498917692,0.0367748043448566,0.307846076961519,0.59720139930035,0.117941029485257,0.16591704147926,0.570714642678661,0.837081459270365,0.179410294852574
"SNP-37_2",0.72063968015992,0.395802098950525,0.0291094613563963,0.0620626607186177,0.0932230785573664,0.0702645073944816,0.168915542228886,0.0185124463571935,0.0602155660595536,0.238380809595202,0.0211752293143651,0.106446776611694,0.310844577711144,0.0647851929718273,0.428785607196402,0.480759620189905,0.0172218647047854,0.107446276861569,0.233383308345827,0.347826086956522,0.197901049475262,0.690154922538731,0.308345827086457,0.174412793603198,0.579710144927536,0.229385307346327,0.4007996001999,0.150924537731134,0.0586650346864408,0.210894552723638,0.128435782108946,0.263868065967017,0.250874562718641,0.0115504015570276,0.109445277361319,0.041771235711529,0.049009420741932,0.36231884057971,0.107446276861569,0.490254872563718,0.303848075962019,0.00733967403015559,0.343328335832084,0.0819029838843227,0.432283858070965,0.474762618690655,0.0108095431141053,0.445777111444278,0.128935532233883,0.495752123938031
"SNP-38_1",0.0830343347310164,0.482758620689655,0.494752623688156,0.656671664167916,0.673663168415792,0.465267366316842,0.424787606196902,0.0754546725654692,0.388805597201399,0.382808595702149,0.141929035482259,0.55272363818091,0.420789605197401,0.208895552223888,0.0389543871593738,0.417291354322839,0.408295852073963,0.356821589205397,0.729135432283858,0.0969871024146522,0.446276861569215,0.646176911544228,0.718140929535232,0.35432283858071,0.523738130934533,0.314842578710645,0.509745127436282,0.448275862068966,0.502748625687156,0.866066966516742,0.0876381515148146,0.512743628185907,0.286356821589205,0.530734632683658,0.673663168415792,0.434282858570715,0.365817091454273,0.585707146426787,0.259370314842579,0.55472263868066,0.531234382808596,0.260869565217391,0.489755122438781,0.209395302348826,0.436781609195402,0.143428285857071,0.133933033483258,0.172413793103448,0.609695152423788,0.686656671664168
"SNP-38_2",0.181909045477261,0.187906046976512,0.212393803098451,0.502248875562219,0.006833142434773,0.00868418327413148,0.142928535732134,0.0169072239583334,0.494252873563218,0.0839812990544887,0.295852073963018,0.166916541729135,0.322838580709645,0.0942234770591677,0.169415292353823,0.675162418790605,0.459770114942529,0.432283858070965,0.163418290854573,0.138930534732634,0.602698650674663,0.324837581209395,0.440779610194903,0.010494686335508,0.0931202463798128,0.524737631184408,0.505747126436782,0.443778110944528,0.0489945414420871,0.356821589205397,0.349825087456272,0.659670164917541,0.624187906046976,0.250874562718641,0.114942528735632,0.39480259870065,0.369815092453773,0.414792603698151,0.561219390304848,0.0622984794171118,0.357821089455272,0.0292457517094052,0.647176411794103,0.279860069965017,0.835582208895552,0.456771614192904,0.701149425287356,0.395302348825587,0.585707146426787,0.348825587206397
"SNP-39_1",0.0155036427218736,0.0178330605236092,0.0918217727763218,0.329835082458771,0.0159675399134634,0.0189804893724705,0.455772113943028,0.354822588705647,0.809095452273863,0.596701649175412,0.0799822158426582,0.0782807528829354,0.336831584207896,0.39880059970015,0.40279860069965,0.259870064967516,0.36231884057971,0.0553461469467526,0.0147653933197269,0.164417791104448,0.377311344327836,0.259370314842579,0.586206896551724,0.0952088429219599,0.0367434578019515,0.233883058470765,0.276861569215392,0.0184629602778223,0.446776611694153,0.344827586206897,0.536231884057971,0.187406296851574,0.433783108445777,0.15592203898051,0.337331334332834,0.166416791604198,0.272363818090955,0.293853073463268,0.654672663668166,0.575712143928036,0.546726636681659,0.0272477710187938,0.11944027986007,0.185907046476762,0.227386306846577,0.11744127936032,0.967016491754123,0.146426786606697,0.416791604197901,0.865067466266867
"SNP-39_2",0.515242378810595,0.416791604197901,0.397801099450275,0.180909545227386,0.571714142928536,0.56271864067966,0.0588152505190524,0.224387806096952,0.572213893053473,0.273863068465767,0.527236381809095,0.357821089455272,0.31584207896052,0.0729857182471277,0.0740093106070591,0.601699150424788,0.769615192403798,0.0305534383971013,0.256371814092954,0.19240379810095,0.462768615692154,0.884057971014493,0.332833583208396,0.56271864067966,0.310344827586207,0.27936031984008,0.825087456271864,0.673163418290855,0.190904547726137,0.43728135932034,0.185407296351824,0.320339830084958,0.387306346826587,0.514742628685657,0.843078460769615,0.769115442278861,0.463268365817091,0.00844289205092839,0.693153423288356,0.839080459770115,0.0834059265102363,0.00594817959192732,0.205897051474263,0.00968764214774876,0.778610694652674,0.947526236881559,0.284357821089455,0.397801099450275,0.311844077961019,0.280859570214893
"SNP-40_1",0.465267366316842,0.373313343328336,0.548225887056472,0.177411294352824,0.780109945027486,0.854072963518241,0.336831584207896,0.670664667666167,0.149425287356322,0.0312526578457613,0.626186906546727,0.504247876061969,0.497751124437781,0.929035482258871,0.575712143928036,0.0893369738665619,0.431284357821089,0.137431284357821,0.431784107946027,0.380809595202399,0.454272863568216,0.371314342828586,0.0586321900532721,0.565717141429285,0.4007996001999,0.408795602198901,0.477261369315342,0.699150424787606,0.745127436281859,0.719140429785107,0.664167916041979,0.937531234382809,0.533233383308346,0.133433283358321,0.547726136931534,0.47776111944028,0.768615692153923,0.628685657171414,0.416291854072964,0.699650174912544,0.442278860569715,0.730634682658671,0.132433783108446,0.101449275362319,0.892053973013493,0.272363818090955,0.0529651898277892,0.300849575212394,0.12343828085957,0.512743628185907
"SNP-40_2",0.934032983508246,0.616191904047976,0.0350015128418392,0.570214892553723,0.299850074962519,0.6031984007996,0.526736631684158,0.920039980009995,0.466266866566717,0.8015992003998,0.615192403798101,0.0463062024905851,0.237881059470265,0.242378810594703,0.84407796101949,0.51824087956022,0.80359820089955,0.623188405797101,0.493753123438281,0.692653673163418,0.611194402798601,0.614192903548226,0.389305347326337,0.658670664667666,0.979510244877561,0.618690654672664,0.68615692153923,0.725137431284358,0.338330834582709,0.533233383308346,0.839580209895052,0.415792103948026,0.543728135932034,0.774112943528236,0.498750624687656,0.891054472763618,0.909545227386307,0.773113443278361,0.211394302848576,0.250874562718641,0.692153923038481,0.219890054972514,0.897051474262869,0.616691654172913,0.0390604818277675,0.863568215892054,0.286856571714143,0.83208395802099,0.794102948525737,0.930034982508746
"SNP-41_1",0.726136931534233,0.596201899050475,0.609695152423788,0.663168415792104,0.322838580709645,0.185407296351824,0.829085457271364,0.781109445277361,0.881559220389805,0.745627186406797,0.635182408795602,0.677161419290355,0.656671664167916,0.598700649675162,0.649675162418791,0.685657171414293,0.667166416791604,0.669165417291354,0.839580209895052,0.539230384807596,0.780609695152424,0.470764617691154,0.64767616191904,0.446276861569215,0.523238380809595,0.389305347326337,0.619690154922539,0.445777111444278,0.523738130934533,0.805097451274363,0.426286856571714,0.222388805597201,0.879560219890055,0.562218890554723,0.719140429785107,0.589705147426287,0.337831084457771,0.76111944027986,0.651174412793603,0.971014492753623,0.284857571214393,0.293353323338331,0.75312343828086,0.881059470264868,0.614692653673163,0.202898550724638,0.67416291854073,0.414292853573213,0.711144427786107,0.776611694152924
"SNP-41_2",0.762118940529735,0.594702648675662,0.178410794602699,0.0853283616366365,0.0672265784154338,0.0943766889616964,0.659170414792604,0.612693653173413,0.795102448775612,0.0380283087505559,0.0877042985464082,0.307846076961519,0.205897051474263,0.288855572213893,0.083224076951119,0.704147926036982,0.122438780609695,0.792603698150925,0.865567216391804,0.0637658782132508,0.841579210394803,0.485257371314343,0.672663668165917,0.616191904047976,0.949025487256372,0.713143428285857,0.0400510236503778,0.283858070964518,0.385307346326837,0.420789605197401,0.666666666666667,0.685657171414293,0.657671164417791,0.172413793103448,0.090955061157494,0.217891054472764,0.535732133933034,0.11544227886057,0.176911544227886,0.622188905547226,0.645177411294353,0.0216949656869943,0.839580209895052,0.658170914542729,0.553723138430785,0.870064967516242,0.689155422288856,0.213393303348326,0.710144927536232,0.835582208895552
"SNP-42_1",0.697651174412794,0.433783108445777,0.453773113443278,0.552223888055972,0.684657671164418,0.625687156421789,0.804097951024488,0.639180409795102,0.474262868565717,0.644677661169415,0.529735132433783,0.40679660169915,0.585207396301849,0.659170414792604,0.670664667666167,0.583708145927036,0.564217891054473,0.474262868565717,0.442778610694653,0.627686156921539,0.829085457271364,0.585207396301849,0.277861069465267,0.583208395802099,0.370814592703648,0.624187906046976,0.831084457771114,0.808595702148926,0.337831084457771,0.431284357821089,0.572713643178411,0.573213393303348,0.44127936031984,0.635182408795602,0.815092453773113,0.250874562718641,0.691154422788606,0.693653173413293,0.707146426786607,0.600199900049975,0.873563218390805,0.596201899050475,0.260369815092454,0.334332833583208,0.371314342828586,0.300349825087456,0.642678660669665,0.939530234882559,0.3928035982009,0.617191404297851
"SNP-42_2",0.468765617191404,0.409295352323838,0.325337331334333,0.517741129435282,0.168915542228886,0.332333833083458,0.35832083958021,0.390304847576212,0.293353323338331,0.387806096951524,0.734132933533233,0.32183908045977,0.140929535232384,0.08879841186149,0.351324337831084,0.253373313343328,0.234382808595702,0.253373313343328,0.463268365817091,0.203898050974513,0.563218390804598,0.403298350824588,0.282858570714643,0.180409795102449,0.140929535232384,0.588205897051474,0.31584207896052,0.322338830584708,0.488255872063968,0.318340829585207,0.138930534732634,0.654672663668166,0.465767116441779,0.512743628185907,0.39880059970015,0.733633183408296,0.431784107946027,0.112443778110945,0.515742128935532,0.702648675662169,0.20039980009995,0.0165075580029932,0.770614692653673,0.747126436781609,0.878060969515242,0.345827086456772,0.984507746126936,0.261869065467266,0.12343828085957,0.221889055472264
"SNP-43_1",0.764117941029485,0.0484375001129321,0.694152923538231,0.76111944027986,0.654172913543228,0.863568215892054,0.740129935032484,0.525737131434283,0.674662668665667,0.597701149425287,0.803098450774613,0.773613193403298,0.509245377311344,0.580209895052474,0.722138930534733,0.675662168915542,0.860569715142429,0.875062468765617,0.332333833083458,0.12343828085957,0.8015992003998,0.72063968015992,0.531734132933533,0.681659170414793,0.593703148425787,0.447776111944028,0.688655672163918,0.849575212393803,0.635182408795602,0.730634682658671,0.40679660169915,0.675662168915542,0.371314342828586,0.568715642178911,0.598200899550225,0.679660169915043,0.333833083458271,0.647176411794103,0.391304347826087,0.855572213893053,0.576211894052973,0.527236381809095,0.439780109945027,0.389305347326337,0.16791604197901,0.141929035482259,0.320839580209895,0.60119940029985,0.516741629185407,0.091233733545064
"SNP-43_2",0.317341329335332,0.299850074962519,0.511744127936032,0.0667940991741372,0.0429148209488832,0.165417291354323,0.296351824087956,0.557721139430285,0.600699650174913,0.0823900296420688,0.176911544227886,0.180409795102449,0.39880059970015,0.486756621689155,0.349325337331334,0.530734632683658,0.43728135932034,0.06608363728607,0.372313843078461,0.145427286356822,0.0526727188204117,0.185907046476762,0.340829585207396,0.190904547726137,0.310844577711144,0.0147266193691566,0.254872563718141,0.238380809595202,0.265867066466767,0.468765617191404,0.156421789105447,0.107946026986507,0.262868565717141,0.0319693534908121,0.0466610109695386,0.0405468716970788,0.299850074962519,0.0283593651222214,0.0357477160680407,0.20039980009995,0.384307846076962,0.233883058470765,0.154922538730635,0.0309564201396204,0.222888555722139,0.308845577211394,0.0502960312892412,0.256371814092954,0.027040426679215,0.484757621189405
"SNP-44_1",0.00101322909967124,0.00109435891156116,0.000931832033345448,0.0199604834199325,0.000968828321309473,0.00322576388166489,0.000941841098685627,0.00100810934083884,0.339330334832584,0.00219436231449871,0.000882867459673775,0.000976391435981151,0.00100030328492722,0.015207956887933,0.00116092312568279,0.00101186287376494,0.0259264164928513,0.000941851707664258,0.00102705123326079,0.00100201407077673,0.00215048090561858,0.0024266240545454,0.0137951085796052,0.00102267612390901,0.000852919133496786,0.430784607696152,0.0010351090710452,0.000979309333997952,0.163418290854573,0.000898243772906428,0.213893053473263,0.000974058597927631,0.000936934141076871,0.0817117989432691,0.00099368915891191,0.000929772956331134,0.303848075962019,0.000849224357006854,0.0426300702581426,0.000956813328950125,0.0266763954897176,0.0148007446270999,0.00113419926629071,0.00101026245565636,0.0873243521804784,0.819090454772614,0.146926536731634,0.269865067466267,0.519240379810095,0.104447776111944
"SNP-44_2",0.0864695838032282,0.458270864567716,0.00251144781681711,0.390304847576212,0.00248935763868941,0.0011786386821212,0.382808595702149,0.182408795602199,0.808095952023988,0.198900549725137,0.587706146926537,0.502248875562219,0.278860569715142,0.207896051974013,0.0795871535633035,0.4047976011994,0.302848575712144,0.205897051474263,0.292353823088456,0.178410794602699,0.0700124387546509,0.418290854572714,0.428285857071464,0.00121573344537442,0.0827199911027905,0.36031984007996,0.519740129935032,0.39880059970015,0.191904047976012,0.0507570683559128,0.375312343828086,0.336331834082959,0.487756121939031,0.349825087456272,0.15392303848076,0.35232383808096,0.839080459770115,0.0373288615553373,0.543728135932034,0.0403260860078979,0.00111307266968299,0.760119940029985,0.19640179910045,0.287856071964018,0.280859570214893,0.201399300349825,0.445777111444278,0.106946526736632,0.080102578235124,0.152923538230885
"SNP-45_1",0.910044977511244,0.5952023988006,0.618690654672664,0.530734632683658,0.88055972013993,0.510244877561219,0.467766116941529,0.307846076961519,0.27736131934033,0.314342828585707,0.184407796101949,0.384807596201899,0.236381809095452,0.442778610694653,0.671164417791104,0.206896551724138,0.521239380309845,0.817091454272864,0.389305347326337,0.0934486431495178,0.470764617691154,0.189905047476262,0.764617691154423,0.801099450274863,0.189905047476262,0.843078460769615,0.338330834582709,0.52023988005997,0.654172913543228,0.898050974512744,0.466266866566717,0.67816091954023,0.583208395802099,0.0542056007310666,0.666666666666667,0.0714651580264487,0.0682922325978059,0.237881059470265,0.749625187406297,0.0108961534397176,0.480759620189905,0.756621689155422,0.133433283358321,0.124937531234383,0.295352323838081,0.589705147426287,0.407296351824088,0.490754622688656,0.324837581209395,0.567216391804098
"SNP-45_2",0.710644677661169,0.248375812093953,0.786106946526737,0.538730634682659,0.511244377811094,0.52223888055972,0.32183908045977,0.305347326336832,0.778110944527736,0.212893553223388,0.617191404297851,0.64567716141929,0.582708645677161,0.0498455806714518,0.648675662168916,0.528235882058971,0.752623688155922,0.200899550224888,0.377811094452774,0.267366316841579,0.254872563718141,0.498250874562719,0.802098950524738,0.910544727636182,0.529235382308846,0.507246376811594,0.719140429785107,0.810594702648676,0.475262368815592,0.921539230384808,0.318340829585207,0.500749625187406,0.849575212393803,0.673163418290855,0.306346826586707,0.545727136431784,0.441779110444778,0.376811594202899,0.370814592703648,0.2063968015992,0.573713143428286,0.431784107946027,0.506246876561719,0.379810094952524,0.661169415292354,0.250874562718641,0.759620189905047,0.122438780609695,0.361319340329835,0.611694152923538
"SNP-46_1",0.659670164917541,0.471264367816092,0.374812593703148,0.478760619690155,0.68415792103948,0.701149425287356,0.274362818590705,0.437781109445277,0.241879060469765,0.417291354322839,0.450774612693653,0.513243378310845,0.339330334832584,0.305847076461769,0.492253873063468,0.615192403798101,0.282358820589705,0.539730134932534,0.199900049975012,0.44127936031984,0.182408795602199,0.264867566216892,0.399800099950025,0.312843578210895,0.35832083958021,0.523738130934533,0.40279860069965,0.743628185907046,0.539230384807596,0.468765617191404,0.51624187906047,0.397301349325337,0.55472263868066,0.249875062468766,0.476761619190405,0.116441779110445,0.535232383808096,0.805097451274363,0.409795102448776,0.162918540729635,0.426786606696652,0.771114442778611,0.237881059470265,0.253373313343328,0.960519740129935,0.174912543728136,0.0146115813458169,0.393303348325837,0.329835082458771,0.145427286356822
"SNP-46_2",0.0694564522963574,0.117941029485257,0.16191904047976,0.107446276861569,0.257871064467766,0.300349825087456,0.186906546726637,0.0188655582563334,0.0422109441242796,0.0377915701155873,0.0366521560462242,0.00119964011960794,0.0578585186044947,0.218890554722639,0.00324770343149171,0.0888073773566013,0.370314842578711,0.00240084905907499,0.0672826778249111,0.147426286856572,0.1944027986007,0.372313843078461,0.264367816091954,0.171414292853573,0.188905547226387,0.572713643178411,0.0765218287923348,0.541729135432284,0.0444349314384433,0.822088955522239,0.311344327836082,0.369815092453773,0.577211394302849,0.0408332194432953,0.16391804097951,0.0546924324652346,0.216891554222889,0.541229385307346,0.677661169415292,0.411294352823588,0.205897051474263,0.116941529235382,0.426286856571714,0.258870564717641,0.135432283858071,0.48375812093953,0.273863068465767,0.294352823588206,0.0227177975970351,0.0307518549382434
"SNP-47_1",0.509745127436282,0.406296851574213,0.336831584207896,0.370814592703648,0.778610694652674,0.780109945027486,0.47976011994003,0.484757621189405,0.298850574712644,0.393303348325837,0.646676661669165,0.347826086956522,0.353323338330835,0.536731634182909,0.339830084957521,0.87256371814093,0.357321339330335,0.87256371814093,0.264367816091954,0.36431784107946,0.928535732133933,0.596701649175412,0.291854072963518,0.280859570214893,0.741129435282359,0.614192903548226,0.794602698650675,0.436281859070465,0.60119940029985,0.717641179410295,0.64567716141929,0.741129435282359,0.0100518771968911,0.961019490254873,0.570214892553723,0.869065467266367,0.517741129435282,0.496251874062969,0.0696912957411379,0.429785107446277,0.35632183908046,0.620689655172414,0.0599672640120333,0.136431784107946,0.632683658170915,0.887056471764118,0.32183908045977,0.84207896051974,0.0517559606052561,0.866066966516742
"SNP-47_2",0.43928035982009,0.377811094452774,0.339330334832584,0.55672163918041,0.313343328335832,0.341829085457271,0.194902548725637,0.575212393803098,0.478760619690155,0.465767116441779,0.353323338330835,0.557721139430285,0.365317341329335,0.251874062968516,0.0884676508391562,0.63768115942029,0.381309345327336,0.191404297851074,0.685157421289355,0.764617691154423,0.373313343328336,0.506746626686657,0.927536231884058,0.502248875562219,0.862568715642179,0.0609996526335139,0.534732633683158,0.532733633183408,0.239380309845077,0.887056471764118,0.303348325837081,0.635182408795602,0.188905547226387,0.221389305347326,0.0421288236781914,0.222888555722139,0.619190404797601,0.586706646676662,0.0979890335961381,0.534732633683158,0.469765117441279,0.48175912043978,0.456771614192904,0.423288355822089,0.174412793603198,0.110444777611194,0.219890054972514,0.891054472763618,0.48575712143928,0.0548762691066777
"SNP-48_1",0.616191904047976,0.225887056471764,0.180909545227386,0.258370814592704,0.48375812093953,0.388805597201399,0.093660148047258,0.123938030984508,0.393803098450775,0.461269365317341,0.0483494421774708,0.048595252260075,0.151424287856072,0.508245877061469,0.0812132749581011,0.315342328835582,0.215892053973014,0.11344327836082,0.181909045477261,0.3968015992004,0.094561132979399,0.0415043082889636,0.0669229686944777,0.0861755799150024,0.290354822588706,0.651674162918541,0.283858070964518,0.0568133123188116,0.288355822088956,0.103948025987006,0.189405297351324,0.114442778610695,0.151424287856072,0.48575712143928,0.054073553093576,0.578210894552724,0.36031984007996,0.0621889391964409,0.212893553223388,0.213393303348326,0.299350324837581,0.159420289855072,0.0203126025372484,0.184907546226887,0.378810594702649,0.571714142928536,0.064228201011148,0.430284857571214,0.0965301215018761,0.411294352823588
"SNP-48_2",0.174412793603198,0.205897051474263,0.346326836581709,0.149925037481259,0.605697151424288,0.357321339330335,0.480759620189905,0.324337831084458,0.286356821589205,0.0889405706436402,0.137431284357821,0.220889555222389,0.407296351824088,0.0751731131849901,0.115942028985507,0.19640179910045,0.527736131934033,0.276861569215392,0.078334520971376,0.381809095452274,0.31384307846077,0.100449775112444,0.188905547226387,0.36431784107946,0.391304347826087,0.552223888055972,0.561219390304848,0.638680659670165,0.216891554222889,0.530234882558721,0.113943028485757,0.403798100949525,0.100949525237381,0.300349825087456,0.0293877430772277,0.383808095952024,0.0770164278912294,0.583708145927036,0.259870064967516,0.260869565217391,0.16191904047976,0.205897051474263,0.207896051974013,0.491754122938531,0.4047976011994,0.841079460269865,0.382808595702149,0.925537231384308,0.0849373547274794,0.799100449775112
"SNP-49_1",0.223888055972014,0.247876061969015,0.186406796601699,0.301349325337331,0.602698650674663,0.497751124437781,0.642678660669665,0.892553723138431,0.675162418790605,0.602198900549725,0.198900549725137,0.180909545227386,0.190904547726137,0.151424287856072,0.255872063968016,0.395802098950525,0.393303348325837,0.501249375312344,0.79960019990005,0.694652673663168,0.495752123938031,0.816091954022989,0.830584707646177,0.336831584207896,0.573713143428286,0.826586706646677,0.691654172913543,0.423788105947026,0.611694152923538,0.48375812093953,0.278860569715142,0.574712643678161,0.241379310344828,0.87456271864068,0.305847076461769,0.740129935032484,0.32783608195902,0.783608195902049,0.383308345827086,0.217391304347826,0.697151424287856,0.367316341829085,0.153423288355822,0.930534732633683,0.43328335832084,0.466766616691654,0.372313843078461,0.352823588205897,0.724137931034483,0.551724137931034
"SNP-49_2",0.564217891054473,0.0290100141058193,0.410294852573713,0.0776600173447954,0.0797266140126087,0.304347826086957,0.420289855072464,0.705647176411794,0.336331834082959,0.530734632683658,0.0365985538346457,0.472263868065967,0.166916541729135,0.592703648175912,0.538730634682659,0.375812093953024,0.0976786952393204,0.0429447787169166,0.0552214102575067,0.0166563530473276,0.20439780109945,0.018360057672588,0.00523990449505696,0.0869127677472336,0.223888055972014,0.64367816091954,0.260369815092454,0.202898550724638,0.0536925343840529,0.51824087956022,0.31984007996002,0.0601192896049933,0.00650915471699805,0.0448012137133704,0.345827086456772,0.239880059970015,0.367816091954023,0.467766116941529,0.242378810594703,0.438280859570215,0.384307846076962,0.626186906546727,0.247376311844078,0.672663668165917,0.147426286856572,0.75312343828086,0.0219979711560093,0.931534232883558,0.611194402798601,0.549225387306347
"SNP-50_1",0.00521679794378588,0.0961862319573906,0.265867066466767,0.129435282358821,0.370314842578711,0.371314342828586,0.108445777111444,0.0309013284037074,0.0785780449687987,0.00556270138390746,0.0546612831673957,0.241379310344828,0.0960208576405882,0.0332646692299119,0.00379466122846307,0.184407796101949,0.100449775112444,0.0697883053387708,0.119940029985007,0.0145093733365136,0.123938030984508,0.0704930827212142,0.0902463913648618,0.330334832583708,0.00356894906574821,0.150424787606197,0.773113443278361,0.0475427594285835,0.0637037573601084,0.234382808595702,0.00288320338675771,0.3928035982009,0.212893553223388,0.135932033983008,0.116441779110445,0.188905547226387,0.156421789105447,0.0802241050147069,0.00517741894129187,0.00347202809208205,0.212393803098451,0.48575712143928,0.257871064467766,0.727136431784108,0.474762618690655,0.372813593203398,0.178910544727636,0.593703148425787,0.0464663631742977,0.142928535732134
"SNP-50_2",0.28535732133933,0.0591190308537364,0.0655103734538999,0.0187215508738254,0.0551660223129425,0.0204111153768724,0.0234811792030243,0.226386806596702,0.0754334548828252,0.0155564462212208,0.0583289732708882,0.0577054602946074,0.0692967214110885,0.258370814592704,0.255872063968016,0.151424287856072,0.0263411664191312,0.00784030537413851,0.0975804355030048,0.168415792103948,0.0977486264754867,0.432783608195902,0.24087956021989,0.0482550431317443,0.0817244358612558,0.331334332833583,0.0786249369933475,0.0188525244251206,0.0900191648264927,0.0897924095257635,0.136931534232884,0.0663297913239397,0.00852043358692731,0.158920539730135,0.00543065588412055,0.0546362641504207,0.00487888437761478,0.52423788105947,0.105947026486757,0.141929035482259,0.0174461731016193,0.183408295852074,0.0237274386593594,0.150424787606197,0.114942528735632,0.296351824087956,0.00311320777843382,0.738130934532734,0.471764117941029,0.215892053973014
"SNP-51_1",0.242378810594703,0.325337331334333,0.12143928035982,0.0378704427100632,0.512743628185907,0.277861069465267,0.209395302348826,0.611694152923538,0.469765117441279,0.416291854072964,0.0716890608416038,0.182408795602199,0.0991305144518314,0.286356821589205,0.553723138430785,0.207396301849075,0.497751124437781,0.226386806596702,0.764617691154423,0.648175912043978,0.16591704147926,0.425287356321839,0.701649175412294,0.351824087956022,0.407296351824088,0.613693153423288,0.542228885557221,0.108945527236382,0.355322338830585,0.355822088955522,0.636181909045477,0.245377311344328,0.476261869065467,0.35232383808096,0.0420942571447683,0.213393303348326,0.19640179910045,0.442778610694653,0.309845077461269,0.478260869565217,0.618190904547726,0.579210394802599,0.628685657171414,0.232383808095952,0.0472718509718077,0.754622688655672,0.493753123438281,0.83808095952024,0.128935532233883,0.306346826586707
"SNP-51_2",0.189905047476262,0.0568366910174539,0.0987940189643019,0.143428285857071,0.580709645177411,0.410794602698651,0.205897051474263,0.221389305347326,0.237881059470265,0.199900049975012,0.328835582208896,0.0585087712518738,0.147426286856572,0.382808595702149,0.355822088955522,0.240379810094953,0.192903548225887,0.104947526236882,0.137431284357821,0.330334832583708,0.11344327836082,0.129435282358821,0.0913947455743432,0.199900049975012,0.456271864067966,0.107446276861569,0.11344327836082,0.336831584207896,0.218890554722639,0.0739720284356394,0.267366316841579,0.166916541729135,0.0923805947408811,0.539730134932534,0.104447776111944,0.120939530234883,0.131934032983508,0.349325337331334,0.0541162851164917,0.0990111394161653,0.110444777611194,0.209395302348826,0.148425787106447,0.305347326336832,0.094249712844209,0.330834582708646,0.369815092453773,0.897551224387806,0.162918540729635,0.422788605697151
"SNP-52_1",0.714142928535732,0.715142428785607,0.779610194902549,0.539230384807596,0.125937031484258,0.0792995273579708,0.704647676161919,0.340829585207396,0.0295994275330678,0.60519740129935,0.302848575712144,0.582208895552224,0.565717141429285,0.614192903548226,0.201899050474763,0.552223888055972,0.677161419290355,0.512243878060969,0.700149925037481,0.64367816091954,0.532233883058471,0.802098950524738,0.665667166416792,0.527736131934033,0.585707146426787,0.463268365817091,0.60119940029985,0.516741629185407,0.433783108445777,0.793103448275862,0.330834582708646,0.771114442778611,0.504747626186906,0.842578710644678,0.702648675662169,0.773613193403298,0.768615692153923,0.279860069965017,0.172413793103448,0.378810594702649,0.775112443778111,0.36631684157921,0.306846576711644,0.524737631184408,0.517241379310345,0.679160419790105,0.436281859070465,0.55872063968016,0.376311844077961,0.346326836581709
"SNP-52_2",0.0798507760648491,0.15792103948026,0.110944527736132,0.0825415647442096,0.388805597201399,0.0898349474463977,0.52623688155922,0.56271864067966,0.575712143928036,0.109445277361319,0.0599584454056401,0.0879136046337453,0.0240681843661006,0.086992980520217,0.599700149925038,0.230884557721139,0.256871564217891,0.0915635810173916,0.329835082458771,0.0243446779149079,0.00956866515537924,0.596701649175412,0.0372888755426548,0.474262868565717,0.154922538730635,0.422788605697151,0.0779255836616283,0.174412793603198,0.383808095952024,0.28535732133933,0.428785607196402,0.0836668289513511,0.0134203741630326,0.100039230510232,0.00232136310377316,0.328335832083958,0.0767660070668895,0.126436781609195,0.346326836581709,0.0378933534559443,0.564217891054473,0.0835488444320011,0.0622269113625971,0.230884557721139,0.587206396801599,0.075486815141739,0.0622897663202691,0.123938030984508,0.462268865567216,0.0346972383715795
"SNP-53_1",0.0310260106368324,0.04611009613043,0.00134682193585698,0.0630491428120628,0.210394802598701,0.207396301849075,0.140929535232384,0.0931409418548593,0.0162636546884046,0.0340283633432809,0.0105138923145431,0.000961485457808963,0.00514525850416462,0.145927036481759,0.150924537731134,0.134432783608196,0.00932433865428502,0.0160183860660664,0.135932033983008,0.130434782608696,0.00127503922431291,0.207396301849075,0.502748625687156,0.0769197770889486,0.0220593926961336,0.105447276361819,0.0237278453248431,0.0949867190497568,0.0696780883580857,0.187406296851574,0.11544227886057,0.308345827086457,0.090225374659658,0.00640740231449821,0.0133995970065296,0.0481911667974171,0.0421441975676628,0.459770114942529,0.0559406644943824,0.242378810594703,0.027866241495191,0.00833338924754021,0.129435282358821,0.945527236381809,0.0148351771940285,0.103948025987006,0.576711644177911,0.0115425996819948,0.192903548225887,0.698150924537731
"SNP-53_2",0.0166240460372497,0.198900549725137,0.209395302348826,0.756621689155422,0.0135075558268901,0.0177973271375028,0.425287356321839,0.430284857571214,0.109945027486257,0.495252373813093,0.549725137431284,0.752623688155922,0.256371814092954,0.754622688655672,0.774612693653173,0.182908545727136,0.638680659670165,0.760119940029985,0.636681659170415,0.488255872063968,0.596201899050475,0.743628185907046,0.511244377811094,0.418290854572714,0.412293853073463,0.63768115942029,0.3968015992004,0.0191435509990153,0.227886056971514,0.127936031984008,0.591704147926037,0.48375812093953,0.634682658670665,0.220889555222389,0.87656171914043,0.269865067466267,0.83208395802099,0.698150924537731,0.162918540729635,0.0102668166104111,0.638680659670165,0.397301349325337,0.772613693153423,0.0268052900110068,0.656171914042978,0.747626186906547,0.591704147926037,0.838580709645177,0.855072463768116,0.660669665167416
"SNP-54_1",0.254872563718141,0.651674162918541,0.64567716141929,0.44127936031984,0.746126936531734,0.357821089455272,0.64767616191904,0.721139430284858,0.238380809595202,0.595702148925537,0.621689155422289,0.468265867066467,0.527236381809095,0.651174412793603,0.800099950024987,0.247876061969015,0.512243878060969,0.531234382808596,0.357321339330335,0.526736631684158,0.71464267866067,0.76311844077961,0.135932033983008,0.580209895052474,0.806596701649175,0.32383808095952,0.746126936531734,0.600699650174913,0.513243378310845,0.520739630184908,0.577211394302849,0.118940529735132,0.558220889555222,0.388805597201399,0.640179910044978,0.361319340329835,0.494252873563218,0.71664167916042,0.499250374812594,0.351324337831084,0.151424287856072,0.628685657171414,0.470764617691154,0.849575212393803,0.871064467766117,0.649675162418791,0.107446276861569,0.988505747126437,0.336331834082959,0.557221389305347
"SNP-54_2",0.163418290854573,0.405297351324338,0.449775112443778,0.509745127436282,0.64167916041979,0.519240379810095,0.385807096451774,0.0414610153245789,0.543228385807096,0.427786106946527,0.342828585707146,0.0274095583350908,0.493253373313343,0.23888055972014,0.172913543228386,0.590204897551224,0.520739630184908,0.11544227886057,0.461269365317341,0.345827086456772,0.354822588705647,0.658670664667666,0.351824087956022,0.507246376811594,0.219390304847576,0.373313343328336,0.314342828585707,0.377811094452774,0.440779610194903,0.569215392303848,0.5952023988006,0.340329835082459,0.530734632683658,0.382308845577211,0.366816591704148,0.357821089455272,0.677161419290355,0.515742128935532,0.252373813093453,0.208895552223888,0.568215892053973,0.2023988005997,0.550224887556222,0.688655672163918,0.851574212893553,0.468765617191404,0.27536231884058,0.505747126436782,0.689155422288856,0.234382808595702
"SNP-55_1",0.0079954879551517,0.840579710144927,0.817091454272864,0.235882058970515,0.0152642938848783,0.584707646176912,0.620189905047476,0.317341329335332,0.284857571214393,0.368315842078961,0.781109445277361,0.771614192903548,0.814592703648176,0.254872563718141,0.420289855072464,0.863068465767116,0.79560219890055,0.71264367816092,0.531234382808596,0.620189905047476,0.738630684657671,0.262368815592204,0.643178410794603,0.395302348825587,0.639180409795102,0.581209395302349,0.853073463268366,0.418290854572714,0.615192403798101,0.779610194902549,0.482758620689655,0.139430284857571,0.610194902548726,0.491254372813593,0.849075462268866,0.5952023988006,0.5992003998001,0.36031984007996,0.564217891054473,0.468265867066467,0.84407796101949,0.873063468265867,0.00925475338240812,0.553223388305847,0.211394302848576,0.664167916041979,0.673663168415792,0.581209395302349,0.0311765903034385,0.533733133433283
"SNP-55_2",0.553723138430785,0.773113443278361,0.494752623688156,0.367316341829085,0.610194902548726,0.674662668665667,0.253373313343328,0.359320339830085,0.0342744372157355,0.00933771749331879,0.300849575212394,0.768615692153923,0.504747626186906,0.370314842578711,0.458770614692654,0.274362818590705,0.078671013453689,0.442778610694653,0.544227886056971,0.241879060469765,0.0366085889073422,0.391304347826087,0.67816091954023,0.00501355916569612,0.609695152423788,0.00726685170530819,0.394302848575712,0.493753123438281,0.154922538730635,0.473263368315842,0.00937495475649294,0.527736131934033,0.386306846576712,0.401299350324838,0.0293559543365451,0.472763618190905,0.479260369815092,0.657671164417791,0.699650174912544,0.518740629685157,0.0274013246048271,0.737131434282859,0.537731134432784,0.146926536731634,0.826586706646677,0.257371314342829,0.501249375312344,0.268865567216392,0.217391304347826,0.431784107946027
"SNP-56_1",0.12543728135932,0.598200899550225,0.0131286559862377,0.370814592703648,0.537231384307846,0.573213393303348,0.333333333333333,0.317341329335332,0.571714142928536,0.0951848508961038,0.328835582208896,0.184907546226887,0.109945027486257,0.165417291354323,0.134932533733133,0.241379310344828,0.36431784107946,0.367816091954023,0.317341329335332,0.272363818090955,0.136931534232884,0.168915542228886,0.464767616191904,0.116441779110445,0.179410294852574,0.20039980009995,0.280359820089955,0.175912043978011,0.150924537731134,0.501249375312344,0.352823588205897,0.16591704147926,0.181909045477261,0.175912043978011,0.340329835082459,0.101949025487256,0.451274362818591,0.609695152423788,0.283858070964518,0.110944527736132,0.255872063968016,0.410794602698651,0.491754122938531,0.88655672163918,0.648675662168916,0.0640432803966375,0.0661470553885681,0.300849575212394,0.022255921270436,0.56071964017991
"SNP-56_2",0.377311344327836,0.72463768115942,0.317341329335332,0.51624187906047,0.0626880670480953,0.24687656171914,0.423788105947026,0.491254372813593,0.0760798095716433,0.476261869065467,0.349825087456272,0.265367316341829,0.384307846076962,0.371814092953523,0.143928035982009,0.559720139930035,0.129435282358821,0.31384307846077,0.671164417791104,0.0308349300784617,0.572213893053473,0.287856071964018,0.577211394302849,0.32383808095952,0.417791104447776,0.545727136431784,0.453773113443278,0.342328835582209,0.388305847076462,0.413293353323338,0.297351324337831,0.577211394302849,0.451274362818591,0.802098950524738,0.178910544727636,0.571714142928536,0.15992003998001,0.535732133933034,0.166916541729135,0.208395802098951,0.770114942528736,0.260869565217391,0.480259870064968,0.798100949525237,0.336331834082959,0.67816091954023,0.0317620244389219,0.503248375812094,0.705147426286857,0.315342328835582
"SNP-57_1",0.171414292853573,0.225887056471764,0.549725137431284,0.338830584707646,0.126936531734133,0.321339330334833,0.00119235146243713,0.166916541729135,0.0083163817828515,0.0153915444018414,0.296351824087956,0.548225887056472,0.397801099450275,0.00255105427107368,0.119940029985007,0.448275862068966,0.353823088455772,0.24487756121939,0.0098547854759639,0.00547279634455511,0.00534655863115035,0.554222888555722,0.00464228345657105,0.158420789605197,0.00600563621761508,0.186406796601699,0.431284357821089,0.00258847552544233,0.356821589205397,0.55472263868066,0.00601410369862374,0.166416791604198,0.580709645177411,0.622688655672164,0.523238380809595,0.52023988005997,0.00654543216078046,0.0775818915522726,0.507746126936532,0.0746722904443135,0.0779281892570573,0.139930034982509,0.620189905047476,0.00131290580732481,0.00185017603159587,0.218890554722639,0.243378310844578,0.68615692153923,0.609695152423788,0.550224887556222
"SNP-57_2",0.00728762148542896,0.513743128435782,0.569215392303848,0.669165417291354,0.146426786606697,0.189405297351324,0.545727136431784,0.640179910044978,0.7976011994003,0.654672663668166,0.618690654672664,0.411794102948526,0.773613193403298,0.219890054972514,0.570714642678661,0.156421789105447,0.36431784107946,0.567716141929036,0.624187906046976,0.24287856071964,0.697151424287856,0.32583708145927,0.382308845577211,0.746626686656672,0.68015992003998,0.660169915042479,0.347826086956522,0.684657671164418,0.24487756121939,0.753623188405797,0.715642178910545,0.420289855072464,0.588205897051474,0.64367816091954,0.849075462268866,0.647176411794103,0.00643782367164058,0.498250874562719,0.0753967718399954,0.717141429285357,0.56671664167916,0.602698650674663,0.776611694152924,0.461769115442279,0.307846076961519,0.740129935032484,0.162418790604698,0.634682658670665,0.435782108945527,0.326836581709145
"SNP-58_1",0.474262868565717,0.0288304936428081,0.72063968015992,0.0635510493196196,0.717141429285357,0.540729635182409,0.246376811594203,0.515242378810595,0.477261369315342,0.0833685693820416,0.304347826086957,0.3968015992004,0.392303848075962,0.351824087956022,0.366816591704148,0.326336831584208,0.427286356821589,0.303348325837081,0.0947779108511421,0.859570214892554,0.322338830584708,0.154422788605697,0.349825087456272,0.454272863568216,0.699150424787606,0.420789605197401,0.284357821089455,0.502248875562219,0.264367816091954,0.528235882058971,0.474262868565717,0.369315342328836,0.413793103448276,0.584707646176912,0.176411794102949,0.236381809095452,0.583208395802099,0.394302848575712,0.460269865067466,0.147926036981509,0.429285357321339,0.35232383808096,0.239880059970015,0.269865067466267,0.858070964517741,0.151424287856072,0.505247376311844,0.27536231884058,0.779110444777611,0.412793603198401
"SNP-58_2",0.719640179910045,0.163418290854573,0.383308345827086,0.225387306346827,0.190404797601199,0.246376811594203,0.630684657671164,0.162918540729635,0.548725637181409,0.217391304347826,0.63768115942029,0.200899550224888,0.0509934244709508,0.179410294852574,0.110944527736132,0.164417791104448,0.00757421520322621,0.0976406158397163,0.434282858570715,0.105947026486757,0.629185407296352,0.356821589205397,0.367316341829085,0.00136834099175331,0.185907046476762,0.197401299350325,0.407796101949025,0.0023711059142539,0.538730634682659,0.642178910544728,0.463768115942029,0.00883176700442227,0.336331834082959,0.502248875562219,0.0178746070231578,0.629185407296352,0.292853573213393,0.104947526236882,0.292353823088456,0.8015992003998,0.161419290354823,0.375812093953024,0.189405297351324,0.034796356325094,0.945027486256872,0.750124937531234,0.456271864067966,0.059781874596271,0.000758396455860187,0.705147426286857
"SNP-59_1",0.0592201908774719,0.264367816091954,0.368815592203898,0.269865067466267,0.147926036981509,0.0638663671016092,0.156921539230385,0.0074939024068473,0.280859570214893,0.498250874562719,0.00250638646855023,0.00244870241163689,0.0501446949883682,0.173413293353323,0.296351824087956,0.27336331834083,0.132433783108446,0.239880059970015,0.420289855072464,0.350824587706147,0.00546050479384922,0.224387806096952,0.311344327836082,0.0132575005858629,0.00917135477841151,0.320339830084958,0.377311344327836,0.273863068465767,0.0190589306465473,0.210394802598701,0.229385307346327,0.691154422788606,0.345327336331834,0.188905547226387,0.445777111444278,0.268365817091454,0.24687656171914,0.0798376974350287,0.329335332333833,0.710644677661169,0.00918429424227053,0.19240379810095,0.131434282858571,0.27736131934033,0.748625687156422,0.177911044477761,0.32383808095952,0.908545727136432,0.00349389988287263,0.540729635182409
"SNP-59_2",0.0220582844773509,0.36631684157921,0.0441991571446441,0.43928035982009,0.109445277361319,0.400299850074962,0.105947026486757,0.00858485225501718,0.178910544727636,0.0115801214807289,0.0720457996537411,0.0377188595956509,0.0799895946495318,0.00112851432464678,0.0232140115539869,0.130434782608696,0.250374812593703,0.0412225448513088,0.0581729734695168,0.00333626805569497,0.0687044680059438,0.227886056971514,0.766616691654173,0.276861569215392,0.040093067672875,0.291354322838581,0.270864567716142,0.377811094452774,0.239380309845077,0.769115442278861,0.00112541474433237,0.0497270765745114,0.598200899550225,0.120439780109945,0.365317341329335,0.173913043478261,0.268865567216392,0.0701953495215545,0.0737774095842631,0.27936031984008,0.212393803098451,0.0423536264889224,0.000975113244401604,0.192903548225887,0.536231884057971,0.188405797101449,0.0125561967747452,0.405297351324338,0.357821089455272,0.199400299850075
"SNP-60_1",0.234382808595702,0.11744127936032,0.0119068276989155,0.0553750921961962,0.130434782608696,0.134932533733133,0.155422288855572,0.255872063968016,0.52023988005997,0.357321339330335,0.186406796601699,0.0147974837757067,0.12143928035982,0.531234382808596,0.383308345827086,0.522738630684658,0.041289733334457,0.136931534232884,0.597701149425287,0.160919540229885,0.142928535732134,0.567216391804098,0.000892836087016124,0.458770614692654,0.540729635182409,0.237381309345327,0.212393803098451,0.055347056300616,0.135932033983008,0.165417291354323,0.472263868065967,0.00541738898369663,0.138430784607696,0.260369815092454,0.503748125937031,0.337831084457771,0.440279860069965,0.1984007996002,0.115942028985507,0.776611694152924,0.0747988953127476,0.0317711535284823,0.367316341829085,0.140929535232384,0.133933033483258,0.0187129551066622,0.0773502508808181,0.00646401686729156,0.178410794602699,0.101449275362319
"SNP-60_2",0.707646176911544,0.764117941029485,0.471764117941029,0.120939530234883,0.885057471264368,0.309345327336332,0.0556088830513874,0.382808595702149,0.55872063968016,0.345827086456772,0.235382308845577,0.257371314342829,0.410794602698651,0.622188905547226,0.287856071964018,0.304347826086957,0.414792603698151,0.830584707646177,0.0632619073851827,0.376311844077961,0.134432783608196,0.590204897551224,0.385807096451774,0.309845077461269,0.663668165917041,0.56671664167916,0.68215892053973,0.491754122938531,0.0784969998287077,0.283858070964518,0.525737131434283,0.892053973013493,0.0767128657508657,0.27936031984008,0.899550224887556,0.320839580209895,0.777611194402799,0.511244377811094,0.540229885057471,0.813593203398301,0.411794102948526,0.211394302848576,0.783108445777111,0.210394802598701,0.917541229385307,0.200899550224888,0.0163132622244597,0.411294352823588,0.123938030984508,0.717141429285357
"SNP-61_1",0.460769615192404,0.342828585707146,0.292353823088456,0.101449275362319,0.329335332333833,0.32583708145927,0.330334832583708,0.544727636181909,0.0707103385118674,0.399300349825087,0.618690654672664,0.233383308345827,0.389305347326337,0.110944527736132,0.155422288855572,0.12743628185907,0.239880059970015,0.368315842078961,0.341329335332334,0.276861569215392,0.308845577211394,0.608695652173913,0.129935032483758,0.719140429785107,0.0746319331688464,0.186406796601699,0.27336331834083,0.374812593703148,0.199400299850075,0.0712725839138803,0.399800099950025,0.326336831584208,0.460269865067466,0.539230384807596,0.339330334832584,0.631684157921039,0.587206396801599,0.752123938030985,0.509245377311344,0.477261369315342,0.258370814592704,0.624187906046976,0.52023988005997,0.0807970478252988,0.423788105947026,0.388305847076462,0.966016991504248,0.513743128435782,0.042645334077901,0.424787606196902
"SNP-61_2",0.228885557221389,0.145927036481759,0.220389805097451,0.166916541729135,0.139930034982509,0.290354822588706,0.166916541729135,0.408295852073963,0.184907546226887,0.0231982259508341,0.237881059470265,0.0184816446432301,0.24487756121939,0.482258870564718,0.0745798599629854,0.0831309799674442,0.0610968292274253,0.261369315342329,0.11544227886057,0.221889055472264,0.007325653924593,0.535732133933034,0.0679602260696434,0.147426286856572,0.0285389406565844,0.442278860569715,0.0392670743236467,0.0361795321267793,0.447776111944028,0.0316539409695891,0.139930034982509,0.642178910544728,0.280859570214893,0.264867566216892,0.12343828085957,0.304847576211894,0.112443778110945,0.286356821589205,0.217891054472764,0.285857071464268,0.398300849575212,0.207396301849075,0.0648715740778521,0.397301349325337,0.232383808095952,0.239880059970015,0.368815592203898,0.138430784607696,0.286356821589205,0.160419790104948
"SNP-62_1",0.168415792103948,0.0131966726395164,0.0666419701039948,0.0121816036058522,0.0517311089444846,0.68215892053973,0.0130905825090824,0.0157433127008117,0.341829085457271,0.113943028485757,0.0222496520723113,0.241379310344828,0.215392303848076,0.470764617691154,0.0404153568364416,0.373313343328336,0.102948525737131,0.0205054480362348,0.174412793603198,0.0622881432763372,0.160419790104948,0.164417791104448,0.0225708311462228,0.016979217026162,0.0558906772926949,0.419790104947526,0.0104957227584283,0.0124824991316241,0.237381309345327,0.0323991039356414,0.12343828085957,0.44727636181909,0.0338108547748533,0.103948025987006,0.188905547226387,0.35232383808096,0.0359327364094036,0.76311844077961,0.0275058429951505,0.060504528968974,0.248375812093953,0.11544227886057,0.245377311344328,0.00806574477386673,0.469265367316342,0.0375238348758474,0.469265367316342,0.364817591204398,0.0604352178020939,0.337331334332834
"SNP-62_2",0.00106785305746503,0.00104519543732727,0.00104094811084199,0.00104220505316823,0.00109326886495459,0.00102248445746701,0.000980457406504478,0.00104963495251432,0.00102106249605693,0.00120272407827001,0.00101346980438337,0.00103309321097515,0.0010170979815653,0.000914171487407301,0.00116653399933248,0.00107905363696118,0.00102099721824732,0.00105277016000118,0.000895925298257104,0.00104290524734964,0.00126934753619208,0.00104568960200954,0.00111977349299434,0.00110705555567708,0.00101148287215162,0.0011428854519908,0.00103099750906564,0.000969884152749973,0.000968371305674802,0.00108745806154802,0.00101060926580913,0.000868622329439159,0.0010531506687722,0.00110536334042522,0.00106779632040771,0.00106728105913782,0.000917185675442883,0.00109640333137708,0.00110002570512453,0.000925733434915913,0.00100462315917816,0.00109309403466376,0.000954129833152808,0.0443320564159061,0.000837200014393699,0.319340329835082,0.000785258958241739,0.000814906977234508,0.000848957046203482,0.000848796315818096
"SNP-63_1",0.00123913671720232,0.00115211071884067,0.00104865953468357,0.00111173348250805,0.0460451438937213,0.00106730570053965,0.000999398350181911,0.00112615465498441,0.00120354480742274,0.00770998469821197,0.0010735860990502,0.00105612085602617,0.00125221667094244,0.00207218644393818,0.00116943562302293,0.0010069844552599,0.00128730761849556,0.00105459516009626,0.00104705787758438,0.00103254200725734,0.0113504197790475,0.00114417483785128,0.0119423024979581,0.000943424424696315,0.00105035113258472,0.00111947859243771,0.00102463435818696,0.00103490771044701,0.0430952675917001,0.00110005831662005,0.00110390819026324,0.00108415351354635,0.00225942959879122,0.00106422266164263,0.00109653050492671,0.00105508853891892,0.00234600910280411,0.00893539197203763,0.0325504707499421,0.0623011574491651,0.0292434405501744,0.00107143765129448,0.00959326167684431,0.127936031984008,0.00071946696601832,0.0652639575818695,0.00082222057831297,0.000840042487682526,0.00465983497830284,0.041039266455736
"SNP-63_2",0.703148425787106,0.267366316841579,0.621689155422289,0.589205397301349,0.143928035982009,0.156421789105447,0.640179910044978,0.565217391304348,0.602698650674663,0.438280859570215,0.675162418790605,0.652173913043478,0.740629685157421,0.629685157421289,0.516741629185407,0.614692653673163,0.443778110944528,0.68015992003998,0.769615192403798,0.357821089455272,0.590204897551224,0.71664167916042,0.384307846076962,0.222888555722139,0.250374812593703,0.228385807096452,0.897051474262869,0.52023988005997,0.489755122438781,0.550224887556222,0.170414792603698,0.635182408795602,0.423788105947026,0.648175912043978,0.650674662668666,0.43328335832084,0.256371814092954,0.419790104947526,0.463268365817091,0.576711644177911,0.485257371314343,0.56271864067966,0.221889055472264,0.554222888555722,0.455272363818091,0.781109445277361,0.863068465767116,0.528735632183908,0.44527736131934,0.265867066466767
"SNP-64_1",0.142928535732134,0.316341829085457,0.382808595702149,0.67216391804098,0.344327836081959,0.348325837081459,0.64767616191904,0.223388305847076,0.468765617191404,0.36431784107946,0.393303348325837,0.619690154922539,0.799100449775112,0.727136431784108,0.254872563718141,0.55672163918041,0.568215892053973,0.374312843578211,0.177911044477761,0.590204897551224,0.506246876561719,0.415292353823088,0.320339830084958,0.44727636181909,0.782608695652174,0.840579710144927,0.617691154422789,0.435782108945527,0.348825587206397,0.622188905547226,0.590704647676162,0.943028485757121,0.100449775112444,0.540729635182409,0.630184907546227,0.410294852573713,0.385307346326837,0.200899550224888,0.481259370314843,0.213393303348326,0.674662668665667,0.445777111444278,0.615192403798101,0.353323338330835,0.702148925537231,0.512243878060969,0.849575212393803,0.546726636681659,0.395302348825587,0.421289355322339
"SNP-64_2",0.0246693958712071,0.111944027986007,0.0599924315179683,0.00261550501711461,0.00926216545030028,0.23888055972014,0.0441231381458054,0.010134895337266,0.0660172731171694,0.115942028985507,0.104447776111944,0.276361819090455,0.0942179048091648,0.133433283358321,0.187406296851574,0.00134350729809589,0.0161624374802649,0.0452052557456425,0.0271510148880586,0.0497343785438828,0.196901549225387,0.266866566716642,0.354822588705647,0.140429785107446,0.195402298850575,0.0699878099698719,0.142928535732134,0.0498917960329429,0.275862068965517,0.119940029985007,0.16391804097951,0.0306080695056526,0.195402298850575,0.00142554691121407,0.154922538730635,0.0281172295356691,0.373813093453273,0.529735132433783,0.452773613193403,0.324337831084458,0.241379310344828,0.440279860069965,0.404297851074463,0.196901549225387,0.969015492253873,0.15192403798101,0.914042978510745,0.00114483143185166,0.491254372813593,0.381809095452274
"SNP-65_1",0.47576211894053,0.137931034482759,0.183408295852074,0.165417291354323,0.633183408295852,0.155422288855572,0.0865230073297329,0.253373313343328,0.220889555222389,0.749625187406297,0.489755122438781,0.47576211894053,0.48375812093953,0.248875562218891,0.288355822088956,0.187906046976512,0.292353823088456,0.507746126936532,0.32183908045977,0.383808095952024,0.438280859570215,0.772113943028486,0.672663668165917,0.240379810094953,0.0905436253472405,0.473263368315842,0.139930034982509,0.611694152923538,0.354822588705647,0.540729635182409,0.632683658170915,0.692153923038481,0.388805597201399,0.0202574990625498,0.399800099950025,0.0705648599707679,0.239880059970015,0.427286356821589,0.659170414792604,0.920039980009995,0.158420789605197,0.667166416791604,0.27336331834083,0.694652673663168,0.102948525737131,0.0810057033706545,0.269365317341329,0.0283352595221357,0.426286856571714,0.274362818590705
"SNP-65_2",0.503248375812094,0.510244877561219,0.0649544804365995,0.167416291854073,0.5952023988006,0.356821589205397,0.249375312343828,0.499250374812594,0.221889055472264,0.377811094452774,0.19640179910045,0.302848575712144,0.216891554222889,0.355822088955522,0.395802098950525,0.00251592844687198,0.309845077461269,0.549225387306347,0.585207396301849,0.585707146426787,0.0129296231664701,0.718140929535232,0.776111944027986,0.00918408213049229,0.774112943528236,0.262368815592204,0.155422288855572,0.224387806096952,0.225387306346827,0.467766116941529,0.281859070464768,0.03618183844291,0.435782108945527,0.503248375812094,0.479260369815092,0.266866566716642,0.650674662668666,0.235882058970515,0.52423788105947,0.821089455272364,0.522738630684658,0.0431769665937949,0.385307346326837,0.078879481061107,0.612193903048476,0.333333333333333,0.465767116441779,0.958020989505247,0.830584707646177,0.213393303348326
"SNP-66_1",0.430284857571214,0.488755622188906,0.120939530234883,0.130934532733633,0.411794102948526,0.638680659670165,0.602198900549725,0.1944027986007,0.255872063968016,0.59320339830085,0.442778610694653,0.109945027486257,0.328335832083958,0.629185407296352,0.257871064467766,0.392303848075962,0.308845577211394,0.524737631184408,0.468265867066467,0.251874062968516,0.493253373313343,0.477261369315342,0.24287856071964,0.331334332833583,0.112943528235882,0.397801099450275,0.486756621689155,0.477261369315342,0.560219890054973,0.745627186406797,0.656671664167916,0.304847576211894,0.717641179410295,0.108945527236382,0.571714142928536,0.157421289355322,0.226886556721639,0.643178410794603,0.213893053473263,0.942528735632184,0.483258370814593,0.525237381309345,0.547726136931534,0.608695652173913,0.32183908045977,0.668665667166417,0.754122938530735,0.604697651174413,0.67216391804098,0.67616191904048
"SNP-66_2",0.585207396301849,0.366816591704148,0.285857071464268,0.3928035982009,0.726136931534233,0.295852073963018,0.537231384307846,0.543728135932034,0.660669665167416,0.4007996001999,0.629685157421289,0.324337831084458,0.306346826586707,0.797101449275362,0.125937031484258,0.066407457308675,0.496251874062969,0.625687156421789,0.458770614692654,0.710644677661169,0.597701149425287,0.474262868565717,0.507246376811594,0.556221889055472,0.391804097951024,0.56671664167916,0.205397301349325,0.473263368315842,0.166916541729135,0.768115942028985,0.0430819194216669,0.756621689155422,0.359320339830085,0.295352323838081,0.480259870064968,0.375812093953024,0.459270364817591,0.775612193903048,0.485257371314343,0.504747626186906,0.36631684157921,0.103948025987006,0.477261369315342,0.653673163418291,0.849075462268866,0.513743128435782,0.550724637681159,0.151424287856072,0.0551353919102293,0.632683658170915
"SNP-67_1",0.23688155922039,0.250374812593703,0.461769115442279,0.344327836081959,0.0300545730046836,0.0368125432442024,0.497751124437781,0.417791104447776,0.473263368315842,0.679160419790105,0.567716141929036,0.356821589205397,0.290354822588706,0.137931034482759,0.0487743498578388,0.584707646176912,0.293853073463268,0.705647176411794,0.854072963518241,0.363318340829585,0.609195402298851,0.058209143031107,0.0109486844068211,0.31784107946027,0.325337331334333,0.764617691154423,0.312843578210895,0.438780609695152,0.345327336331834,0.495252373813093,0.794602698650675,0.488755622188906,0.353823088455772,0.464267866066967,0.587706146926537,0.240379810094953,0.0648646587279791,0.47776111944028,0.51424287856072,0.784107946026987,0.426286856571714,0.200899550224888,0.291354322838581,0.564217891054473,0.00900472653484579,0.584207896051974,0.0758535154360833,0.177411294352824,0.275862068965517,0.51424287856072
"SNP-67_2",0.228885557221389,0.762618690654673,0.402298850574713,0.594702648675662,0.372313843078461,0.739130434782609,0.769615192403798,0.797101449275362,0.48375812093953,0.446276861569215,0.712143928035982,0.625687156421789,0.517741129435282,0.606196901549225,0.344827586206897,0.483258370814593,0.527736131934033,0.303348325837081,0.0665098751715345,0.300349825087456,0.114942528735632,0.140429785107446,0.621689155422289,0.425287356321839,0.23888055972014,0.312343828085957,0.578210894552724,0.348325837081459,0.52623688155922,0.401799100449775,0.402298850574713,0.552223888055972,0.706646676661669,0.311844077961019,0.147926036981509,0.226386806596702,0.318340829585207,0.423788105947026,0.484257871064468,0.466766616691654,0.494252873563218,0.332333833083458,0.829585207396302,0.336831584207896,0.585207396301849,0.0929604897915234,0.938030984507746,0.75912043978011,0.144927536231884,0.142928535732134
"SNP-68_1",0.525737131434283,0.792603698150925,0.590704647676162,0.493753123438281,0.736131934032983,0.680659670164918,0.571214392803598,0.439780109945027,0.315342328835582,0.0344800623648051,0.556221889055472,0.43728135932034,0.693653173413293,0.832583708145927,0.635182408795602,0.540229885057471,0.402298850574713,0.791104447776112,0.494752623688156,0.501249375312344,0.516741629185407,0.48175912043978,0.872063968015992,0.259870064967516,0.474262868565717,0.662668665667166,0.440779610194903,0.557721139430285,0.407796101949025,0.536231884057971,0.487256371814093,0.59320339830085,0.72263868065967,0.505747126436782,0.657671164417791,0.544727636181909,0.669165417291354,0.204897551224388,0.271364317841079,0.480259870064968,0.877561219390305,0.0568994905489102,0.587706146926537,0.495252373813093,0.833583208395802,0.283858070964518,0.344327836081959,0.922038980509745,0.145927036481759,0.931534232883558
"SNP-68_2",0.591204397801099,0.149425287356322,0.367316341829085,0.465767116441779,0.650174912543728,0.606196901549225,0.19240379810095,0.268865567216392,0.111444277861069,0.479260369815092,0.437781109445277,0.162918540729635,0.137931034482759,0.716141929035482,0.335332333833083,0.0691131971701654,0.412293853073463,0.216391804097951,0.363818090954523,0.260369815092454,0.0178834978093752,0.284857571214393,0.804097951024488,0.215392303848076,0.594202898550725,0.200899550224888,0.0857572250059017,0.533233383308346,0.0814796182916375,0.28135932033983,0.571714142928536,0.775112443778111,0.383808095952024,0.15392303848076,0.261369315342329,0.342828585707146,0.373313343328336,0.00660075130692778,0.56271864067966,0.442778610694653,0.300349825087456,0.0615639718607006,0.480759620189905,0.68015992003998,0.389805097451274,0.744127936031984,0.166916541729135,0.814592703648176,0.379310344827586,0.35432283858071
"SNP-69_1",0.592203898050975,0.490254872563718,0.561219390304848,0.357821089455272,0.411794102948526,0.3928035982009,0.531234382808596,0.510244877561219,0.231384307846077,0.166416791604198,0.578710644677661,0.630684657671164,0.452273863068466,0.723638180909545,0.383808095952024,0.267866066966517,0.567716141929036,0.523738130934533,0.551724137931034,0.218390804597701,0.798100949525237,0.349325337331334,0.885557221389305,0.778110944527736,0.389305347326337,0.690154922538731,0.645177411294353,0.287856071964018,0.547226386806597,0.512743628185907,0.247876061969015,0.935532233883059,0.817091454272864,0.629185407296352,0.729635182408796,0.649175412293853,0.498250874562719,0.130434782608696,0.759620189905047,0.55872063968016,0.662668665667166,0.586706646676662,0.224887556221889,0.267366316841579,0.0470448266183306,0.976511744127936,0.339330334832584,0.650674662668666,0.582708645677161,0.545227386306847
"SNP-69_2",0.450774612693653,0.39480259870065,0.601699150424788,0.215392303848076,0.471764117941029,0.827086456771614,0.00141558275664553,0.312343828085957,0.12743628185907,0.259370314842579,0.595702148925537,0.615692153923038,0.52023988005997,0.243378310844578,0.689655172413793,0.634182908545727,0.710144927536232,0.387806096951524,0.55672163918041,0.528735632183908,0.565717141429285,0.6031984007996,0.810594702648676,0.588705647176412,0.225387306346827,0.619190404797601,0.16591704147926,0.83608195902049,0.530734632683658,0.785107446276862,0.448775612193903,0.505247376311844,0.670664667666167,0.387806096951524,0.811094452773613,0.494752623688156,0.305847076461769,0.532733633183408,0.0765813297699432,0.645177411294353,0.150424787606197,0.393803098450775,0.806596701649175,0.0832027839637189,0.203898050974513,0.185407296351824,0.368815592203898,0.739630184907546,0.535232383808096,0.416791604197901
"SNP-70_1",0.425787106446777,0.490754622688656,0.00140099110777196,0.001386032508189,0.396301849075462,0.397301349325337,0.301849075462269,0.157421289355322,0.111944027986007,0.131434282858571,0.00119710244936327,0.167416291854073,0.758620689655172,0.47376311844078,0.488255872063968,0.351324337831084,0.00134796820596332,0.540729635182409,0.0981999224468939,0.452773613193403,0.126436781609195,0.455272363818091,0.171414292853573,0.635182408795602,0.15392303848076,0.195902048975512,0.231884057971014,0.297851074462769,0.545227386306847,0.864567716141929,0.436781609195402,0.686656671664168,0.689155422288856,0.408795602198901,0.27736131934033,0.498750624687656,0.666166916541729,0.124437781109445,0.0802431206890754,0.0793567979993379,0.00110334671360652,0.634682658670665,0.233883058470765,0.045262355743108,0.565717141429285,0.767616191904048,0.921539230384808,0.108445777111444,0.434782608695652,0.121939030484758
"SNP-70_2",0.649675162418791,0.360819590204898,0.408295852073963,0.0397224605577055,0.399800099950025,0.416791604197901,0.653673163418291,0.316341829085457,0.774112943528236,0.204897551224388,0.360819590204898,0.261369315342329,0.224887556221889,0.101449275362319,0.416291854072964,0.566216891554223,0.107946026986507,0.179410294852574,0.528235882058971,0.372313843078461,0.362818590704648,0.582708645677161,0.489255372313843,0.417291354322839,0.40679660169915,0.195902048975512,0.296851574212894,0.645177411294353,0.494752623688156,0.370314842578711,0.134432783608196,0.184907546226887,0.309345327336332,0.318840579710145,0.24087956021989,0.507746126936532,0.357821089455272,0.621189405297351,0.305347326336832,0.403798100949525,0.487756121939031,0.68815592203898,0.604697651174413,0.0318112125036649,0.368815592203898,0.3928035982009,0.765617191404298,0.626186906546727,0.288355822088956,0.725637181409295
"SNP-71_1",0.182908545727136,0.334832583708146,0.550724637681159,0.44527736131934,0.631184407796102,0.788605697151424,0.48575712143928,0.303348325837081,0.140929535232384,0.189405297351324,0.439780109945027,0.532233883058471,0.708145927036482,0.918040979510245,0.169915042478761,0.296351824087956,0.146426786606697,0.488755622188906,0.772613693153423,0.758620689655172,0.199400299850075,0.219390304847576,0.691654172913543,0.374312843578211,0.539730134932534,0.420289855072464,0.589205397301349,0.625187406296852,0.750624687656172,0.468265867066467,0.106446776611694,0.783108445777111,0.0491031287216898,0.174912543728136,0.409795102448776,0.63568215892054,0.626686656671664,0.241379310344828,0.805097451274363,0.237881059470265,0.669665167416292,0.211394302848576,0.433783108445777,0.762618690654673,0.618190904547726,0.101949025487256,0.426786606696652,0.502248875562219,0.279860069965017,0.689155422288856
"SNP-71_2",0.111444277861069,0.509245377311344,0.328835582208896,0.601699150424788,0.871064467766117,0.71264367816092,0.629185407296352,0.893553223388306,0.657171414292854,0.355322338830585,0.703148425787106,0.348825587206397,0.613193403298351,0.442278860569715,0.00430205141575875,0.751624187906047,0.691654172913543,0.43328335832084,0.611194402798601,0.357821089455272,0.0853241139528653,0.592203898050975,0.341329335332334,0.571214392803598,0.704147926036982,0.0412243695227704,0.540729635182409,0.549725137431284,0.588705647176412,0.820089955022489,0.213393303348326,0.464267866066967,0.724137931034483,0.861569215392304,0.637181409295352,0.677661169415292,0.0358318846517764,0.796101949025487,0.636181909045477,0.856571714142929,0.657171414292854,0.459770114942529,0.412793603198401,0.803098450774613,0.156421789105447,0.549225387306347,0.0604656491439845,0.922538730634683,0.561219390304848,0.000970277171378471
"SNP-72_1",0.107946026986507,0.590204897551224,0.461269365317341,0.101449275362319,0.0249150200643366,0.0299774221997966,0.865067466266867,0.386806596701649,0.104947526236882,0.171914042978511,0.11544227886057,0.48175912043978,0.327336331834083,0.162418790604698,0.136931534232884,0.495752123938031,0.397801099450275,0.75912043978011,0.364817591204398,0.679660169915043,0.713643178410795,0.550224887556222,0.79560219890055,0.0917512424469693,0.187906046976512,0.253873063468266,0.538230884557721,0.0755428870744801,0.525737131434283,0.138430784607696,0.679160419790105,0.544227886056971,0.328335832083958,0.726136931534233,0.391804097951024,0.401299350324838,0.669665167416292,0.324837581209395,0.595702148925537,0.15992003998001,0.110444777611194,0.727136431784108,0.668165917041479,0.788105947026487,0.223888055972014,0.92103948025987,0.116441779110445,0.978510744627686,0.87456271864068,0.828585707146427
"SNP-72_2",0.106946526736632,0.55672163918041,0.251374312843578,0.0414977261045958,0.0235569043238989,0.0752010903572665,0.0604131778562805,0.0830189216517257,0.576711644177911,0.0114903719539241,0.0273449893042372,0.0727148090105257,0.083884237586788,0.735132433783108,0.31384307846077,0.0110056353068463,0.0824484168145687,0.365817091454273,0.303348325837081,0.129435282358821,0.280359820089955,0.220389805097451,0.438780609695152,0.00800387031823655,0.00121974399283402,0.0887177822605431,0.411294352823588,0.692653673163418,0.282858570714643,0.590204897551224,0.0507088344948463,0.186906546726637,0.0726039898914647,0.393303348325837,0.772613693153423,0.433783108445777,0.645177411294353,0.307346326836582,0.00112095064535206,0.165417291354323,0.36431784107946,0.00249655643757573,0.680659670164918,0.261369315342329,0.609695152423788,0.213893053473263,0.00491998570243331,0.803098450774613,0.0328004760330433,0.508745627186407
"SNP-73_1",0.607196401799101,0.0444620297291132,0.366816591704148,0.0752813594851037,0.580709645177411,0.640179910044978,0.711644177911045,0.388305847076462,0.446276861569215,0.338330834582709,0.594202898550725,0.451274362818591,0.388805597201399,0.101449275362319,0.344327836081959,0.752623688155922,0.376811594202899,0.24487756121939,0.79960019990005,0.731134432783608,0.371814092953523,0.0211866892735255,0.619190404797601,0.0361762661362402,0.570714642678661,0.634682658670665,0.56471764117941,0.193903048475762,0.697151424287856,0.377311344327836,0.4047976011994,0.375312343828086,0.369815092453773,0.534732633683158,0.575212393803098,0.616191904047976,0.619690154922539,0.314842578710645,0.275862068965517,0.924037981009495,0.549225387306347,0.472763618190905,0.474262868565717,0.488755622188906,0.411794102948526,0.970514742628686,0.694152923538231,0.598700649675162,0.579210394802599,0.949025487256372
"SNP-73_2",0.399800099950025,0.335832083958021,0.31384307846077,0.444277861069465,0.79960019990005,0.36631684157921,0.341329335332334,0.527236381809095,0.168415792103948,0.0116381820773016,0.556221889055472,0.11744127936032,0.115942028985507,0.15392303848076,0.268365817091454,0.578210894552724,0.0688992601230771,0.355822088955522,0.281859070464768,0.581709145427286,0.602198900549725,0.587706146926537,0.44327836081959,0.0889556767407128,0.0259755241249031,0.12143928035982,0.396301849075462,0.416791604197901,0.0346848062017355,0.289355322338831,0.101449275362319,0.217391304347826,0.585207396301849,0.306346826586707,0.107446276861569,0.363818090954523,0.507746126936532,0.441779110444778,0.114442778610695,0.766116941529235,0.0378262707688048,0.0625526455993267,0.122438780609695,0.311344327836082,0.860569715142429,0.0931186379764696,0.391804097951024,0.900549725137431,0.253373313343328,0.525237381309345
"SNP-74_1",0.189905047476262,0.620689655172414,0.598700649675162,0.550224887556222,0.723638180909545,0.573713143428286,0.584207896051974,0.318840579710145,0.584207896051974,0.701149425287356,0.563718140929535,0.541729135432284,0.702148925537231,0.373313343328336,0.312343828085957,0.432283858070965,0.68415792103948,0.530234882558721,0.350824587706147,0.537731134432784,0.0616328094509351,0.503748125937031,0.765617191404298,0.575712143928036,0.591704147926037,0.412793603198401,0.548225887056472,0.462768615692154,0.286856571714143,0.359820089955023,0.307346326836582,0.28535732133933,0.409295352323838,0.703148425787106,0.501749125437281,0.464767616191904,0.47576211894053,0.537731134432784,0.322838580709645,0.158420789605197,0.534732633683158,0.622188905547226,0.419290354822589,0.673663168415792,0.773113443278361,0.263868065967017,0.364817591204398,0.0153103355549093,0.131434282858571,0.0706047374568009
"SNP-74_2",0.553723138430785,0.401299350324838,0.666166916541729,0.237381309345327,0.697651174412794,0.254372813593203,0.640179910044978,0.203398300849575,0.571714142928536,0.415792103948026,0.561719140429785,0.390804597701149,0.573713143428286,0.675162418790605,0.355822088955522,0.177911044477761,0.28735632183908,0.487756121939031,0.449775112443778,0.226886556721639,0.556221889055472,0.274862568715642,0.186906546726637,0.265367316341829,0.417291354322839,0.134932533733133,0.402298850574713,0.0603964928219759,0.602698650674663,0.678660669665167,0.643178410794603,0.664667666166917,0.407796101949025,0.224387806096952,0.758120939530235,0.294852573713143,0.412293853073463,0.134932533733133,0.570214892553723,0.245377311344328,0.631684157921039,0.144927536231884,0.824587706146927,0.143928035982009,0.535232383808096,0.537231384307846,0.0777312422199287,0.545227386306847,0.0729078521551146,0.277861069465267
"SNP-75_1",0.235382308845577,0.28535732133933,0.0432913105804386,0.217891054472764,0.328335832083958,0.311844077961019,0.0347329217046011,0.249875062468766,0.197901049475262,0.0179138256407948,0.0182531994930638,0.262868565717141,0.118940529735132,0.136431784107946,0.0825157485075872,0.380309845077461,0.0571929012966428,0.154422788605697,0.092312698990746,0.190904547726137,0.549225387306347,0.549225387306347,0.154922538730635,0.0499500817749634,0.292853573213393,0.199400299850075,0.410794602698651,0.00616099327944674,0.200899550224888,0.0429149002407919,0.0343734826158711,0.221889055472264,0.502248875562219,0.284857571214393,0.0637008908773393,0.460769615192404,0.0894813312437109,0.252873563218391,0.285857071464268,0.564217891054473,0.35832083958021,0.241879060469765,0.203398300849575,0.0270973684035998,0.624687656171914,0.482758620689655,0.191404297851074,0.946026986506747,0.859570214892554,0.375312343828086
"SNP-75_2",0.144427786106947,0.0714679949864665,0.0688314666217131,0.0194236356289458,0.0435843723060251,0.0222312370760171,0.328335832083958,0.0743543172935039,0.0188559009455347,0.00248022922272018,0.0492479932764054,0.0458779254494887,0.00400294510512351,0.206896551724138,0.139430284857571,0.00982469051454629,0.16591704147926,0.0494641651971564,0.0629449603773954,0.00783314408010362,0.0186130105205975,0.175412293853073,0.15792103948026,0.0209988589646668,0.00686285450907801,0.298850574712644,0.0412613026654848,0.00328549663733266,0.0423533340301149,0.0362974143241254,0.613193403298351,0.0441555176444274,0.00991915344753156,0.00106723190349376,0.030176469371664,0.00198645538303385,0.0132358998267857,0.0527259380777172,0.0578186173984095,0.205897051474263,0.0422933110611471,0.0218702862089867,0.0163320847172351,0.0835367336033345,0.12143928035982,0.0557624479300428,0.184907546226887,0.00188943430069638,0.00505526966399588,0.0550358912772868
"SNP-76_1",0.00247211766408011,0.00237411990948456,0.00371959340856908,0.0012073005209791,0.24287856071964,0.255372313843078,0.265367316341829,0.00257688931322347,0.134432783608196,0.0041387496765329,0.025115191603708,0.00445351303088481,0.120439780109945,0.466266866566717,0.00115813408387981,0.0011766880205965,0.141429285357321,0.326836581709145,0.00117496255441,0.0073840909502521,0.125937031484258,0.0259826765777696,0.0931936165292546,0.0642742734836546,0.0790888330688903,0.00126216227769493,0.136431784107946,0.0381085185594009,0.282358820589705,0.00120484927445744,0.541729135432284,0.225387306346827,0.201399300349825,0.000953410288624647,0.00221332554404456,0.00104638916729536,0.0749730384678415,0.00297340472294067,0.544227886056971,0.523738130934533,0.310844577711144,0.602198900549725,0.40679660169915,0.88655672163918,0.000741848154166227,0.300849575212394,0.0262012519109439,0.000833199297070069,0.0496364663406928,0.0509090570255667
"SNP-76_2",0.176911544227886,0.173913043478261,0.582708645677161,0.385307346326837,0.6031984007996,0.576711644177911,0.544727636181909,0.191404297851074,0.785107446276862,0.0850872798625017,0.530234882558721,0.00657398110325624,0.594702648675662,0.700649675162419,0.133933033483258,0.823088455772114,0.499750124937531,0.240379810094953,0.213393303348326,0.512243878060969,0.0149269370084669,0.434782608695652,0.589705147426287,0.40679660169915,0.201399300349825,0.0167911641554704,0.300349825087456,0.678660669665167,0.265867066466767,0.231384307846077,0.226386806596702,0.509245377311344,0.189405297351324,0.408795602198901,0.827086456771614,0.00763404696410789,0.44127936031984,0.0803269394276728,0.562218890554723,0.111444277861069,0.380309845077461,0.776111944027986,0.101949025487256,0.142428785607196,0.863568215892054,0.768115942028985,0.929535232383808,0.523738130934533,0.0767721501675306,0.44527736131934
"SNP-77_1",0.114442778610695,0.263868065967017,0.568715642178911,0.408295852073963,0.405797101449275,0.419790104947526,0.180909545227386,0.401799100449775,0.365817091454273,0.4047976011994,0.313343328335832,0.00123501180910449,0.260369815092454,0.282358820589705,0.491754122938531,0.280359820089955,0.300349825087456,0.00125955452600302,0.304847576211894,0.166416791604198,0.539230384807596,0.64167916041979,0.243878060969515,0.296351824087956,0.6031984007996,0.210394802598701,0.133933033483258,0.530234882558721,0.203898050974513,0.956021989005497,0.472763618190905,0.302848575712144,0.621189405297351,0.318840579710145,0.468265867066467,0.396301849075462,0.376811594202899,0.150924537731134,0.59320339830085,0.499750124937531,0.216391804097951,0.415292353823088,0.0434005803778948,0.274362818590705,0.689155422288856,0.0862726603410353,0.63568215892054,0.334332833583208,0.157421289355322,0.273863068465767
"SNP-77_2",0.211894052973513,0.493253373313343,0.407296351824088,0.11344327836082,0.336831584207896,0.370314842578711,0.342828585707146,0.0524036900229512,0.282358820589705,0.287856071964018,0.182908545727136,0.519740129935032,0.606196901549225,0.0758472647884931,0.617191404297851,0.374812593703148,0.700149925037481,0.389305347326337,0.250374812593703,0.199900049975012,0.140929535232384,0.166916541729135,0.52623688155922,0.0900820357037322,0.0593358690836447,0.0637127712720397,0.753623188405797,0.442278860569715,0.509745127436282,0.241379310344828,0.520739630184908,0.742628685657171,0.074375536905799,0.63568215892054,0.213393303348326,0.546726636681659,0.0545141090087859,0.0233668254025499,0.835582208895552,0.734632683658171,0.210394802598701,0.343328335832084,0.250874562718641,0.309345327336332,0.656171914042978,0.210394802598701,0.879560219890055,0.360819590204898,0.0478066194865691,0.867566216891554
"SNP-78_1",0.290854572713643,0.20039980009995,0.424787606196902,0.471764117941029,0.524737631184408,0.465767116441779,0.607696151924038,0.463768115942029,0.280859570214893,0.0396918220942027,0.850574712643678,0.278860569715142,0.610194902548726,0.0217444990191468,0.861069465267366,0.477261369315342,0.319340329835082,0.644677661169415,0.441779110444778,0.228385807096452,0.563718140929535,0.386806596701649,0.729135432283858,0.349325337331334,0.475262368815592,0.71864067966017,0.323338330834583,0.461769115442279,0.350324837581209,0.794602698650675,0.467766116941529,0.150424787606197,0.645177411294353,0.309845077461269,0.448775612193903,0.3928035982009,0.601699150424788,0.68615692153923,0.433783108445777,0.147926036981509,0.730134932533733,0.622688655672164,0.441779110444778,0.198900549725137,0.964017991004498,0.485257371314343,0.685157421289355,0.541229385307346,0.739130434782609,0.335332333833083
"SNP-78_2",0.317341329335332,0.467266366816592,0.122438780609695,0.44127936031984,0.00478602483469231,0.00380251898637232,0.295852073963018,0.140429785107446,0.56471764117941,0.0773308497104808,0.266366816591704,0.304847576211894,0.0592149270962341,0.232383808095952,0.253373313343328,0.577711144427786,0.623188405797101,0.542228885557221,0.665667166416792,0.31584207896052,0.219890054972514,0.185907046476762,0.0236160224821072,0.438780609695152,0.646676661669165,0.480259870064968,0.561219390304848,0.210894552723638,0.046045009078324,0.591704147926037,0.385307346326837,0.295852073963018,0.411794102948526,0.0490287884905576,0.414292853573213,0.554222888555722,0.391304347826087,0.117941029485257,0.201899050474763,0.479260369815092,0.60119940029985,0.0503697762095083,0.616191904047976,0.483258370814593,0.138430784607696,0.579210394802599,0.321339330334833,0.965017491254373,0.268365817091454,0.400299850074962
"SNP-79_1",0.449275362318841,0.429785107446277,0.55872063968016,0.0258588262074531,0.590204897551224,0.746626686656672,0.751124437781109,0.192903548225887,0.160419790104948,0.442778610694653,0.303348325837081,0.416291854072964,0.584707646176912,0.534232883558221,0.495252373813093,0.0137125644803941,0.0250215306468966,0.0669560735517583,0.297351324337831,0.677661169415292,0.561219390304848,0.329835082458771,0.650674662668666,0.306346826586707,0.401799100449775,0.3928035982009,0.0172375297548568,0.568715642178911,0.243378310844578,0.237881059470265,0.591704147926037,0.127936031984008,0.530234882558721,0.0193137321152349,0.12343828085957,0.0591219730004215,0.631684157921039,0.178410794602699,0.24087956021989,0.596701649175412,0.312843578210895,0.382308845577211,0.450774612693653,0.739630184907546,0.186906546726637,0.537231384307846,0.148425787106447,0.897551224387806,0.418790604697651,0.0698832769905363
"SNP-79_2",0.291354322838581,0.430284857571214,0.269365317341329,0.4007996001999,0.222888555722139,0.266366816591704,0.76311844077961,0.111944027986007,0.156921539230385,0.130934532733633,0.345327336331834,0.096720241200086,0.291354322838581,0.284357821089455,0.462268865567216,0.251374312843578,0.48175912043978,0.371814092953523,0.308345827086457,0.135932033983008,0.133933033483258,0.23688155922039,0.454772613693153,0.0435199489004992,0.0334592341226349,0.281859070464768,0.610694652673663,0.179910044977511,0.120939530234883,0.76711644177911,0.137931034482759,0.0640079419418576,0.236381809095452,0.624687656171914,0.692153923038481,0.502748625687156,0.832583708145927,0.242378810594703,0.0175277483924174,0.0700273911388428,0.533733133433283,0.140429785107446,0.183408295852074,0.71264367816092,0.584707646176912,0.247376311844078,0.35432283858071,0.743128435782109,0.11944027986007,0.208895552223888
"SNP-80_1",0.652673663168416,0.198900549725137,0.0932421990488707,0.254372813593203,0.256371814092954,0.118940529735132,0.424287856071964,0.702148925537231,0.127936031984008,0.407796101949025,0.0724825751023269,0.0840893560631375,0.24287856071964,0.673163418290855,0.328835582208896,0.377811094452774,0.0925098306587622,0.00460400542294216,0.834582708645677,0.570714642678661,0.0882526185150478,0.36631684157921,0.106446776611694,0.0664291945020165,0.00561575509385614,0.409295352323838,0.490754622688656,0.148425787106447,0.152423788105947,0.64567716141929,0.463268365817091,0.0342039480511054,0.387306346826587,0.0935214184622706,0.519240379810095,0.129435282358821,0.346326836581709,0.411294352823588,0.209395302348826,0.595702148925537,0.372813593203398,0.0116622998090795,0.251874062968516,0.0100496909987747,0.20439780109945,0.273863068465767,0.354822588705647,0.883058470764618,0.286356821589205,0.413793103448276
"SNP-80_2",0.4007996001999,0.763618190904548,0.685157421289355,0.518740629685157,0.516741629185407,0.0547939859427976,0.431784107946027,0.408795602198901,0.794602698650675,0.577711144427786,0.0868065966710109,0.577211394302849,0.55872063968016,0.208895552223888,0.950524737631184,0.428785607196402,0.55672163918041,0.584707646176912,0.705147426286857,0.185407296351824,0.343828085957021,0.276361819090455,0.52423788105947,0.463268365817091,0.687656171914043,0.512243878060969,0.748125937031484,0.672663668165917,0.522738630684658,0.881559220389805,0.68815592203898,0.652673663168416,0.448275862068966,0.72263868065967,0.387306346826587,0.80759620189905,0.0470116115311351,0.503748125937031,0.760119940029985,0.653173413293353,0.779610194902549,0.0482920387704474,0.627186406796602,0.508745627186407,0.278360819590205,0.963018490754623,0.476261869065467,0.310344827586207,0.373813093453273,0.615192403798101
"SNP-81_1",0.0459132571920443,0.0734281177860196,0.273863068465767,0.652173913043478,0.72463768115942,0.143428285857071,0.257371314342829,0.245877061469265,0.299850074962519,0.230884557721139,0.330334832583708,0.147926036981509,0.333333333333333,0.040722724332153,0.375312343828086,0.130434782608696,0.181909045477261,0.360819590204898,0.239880059970015,0.280359820089955,0.085928618568241,0.250374812593703,0.312343828085957,0.399800099950025,0.0302140615724223,0.108945527236382,0.241379310344828,0.131934032983508,0.154922538730635,0.276861569215392,0.581209395302349,0.0962653911607627,0.323338330834583,0.199400299850075,0.340329835082459,0.070544484013092,0.257371314342829,0.0673011868552937,0.0564854821868549,0.119940029985007,0.653173413293353,0.507246376811594,0.171914042978511,0.187906046976512,0.918040979510245,0.577711144427786,0.226886556721639,0.829085457271364,0.492753623188406,0.655672163918041
"SNP-81_2",0.792103948025987,0.671664167916042,0.639180409795102,0.535232383808096,0.459270364817591,0.426786606696652,0.920039980009995,0.710644677661169,0.198900549725137,0.383308345827086,0.634182908545727,0.39880059970015,0.179410294852574,0.741629185407296,0.553223388305847,0.296851574212894,0.497251374312844,0.654172913543228,0.912043978010994,0.338330834582709,0.458270864567716,0.55872063968016,0.276861569215392,0.427786106946527,0.638680659670165,0.627186406796602,0.32383808095952,0.736131934032983,0.811094452773613,0.655172413793103,0.297851074462769,0.691654172913543,0.598700649675162,0.627686156921539,0.419790104947526,0.407296351824088,0.592703648175912,0.690654672663668,0.484257871064468,0.355822088955522,0.609695152423788,0.376311844077961,0.458770614692654,0.591704147926037,0.100449775112444,0.678660669665167,0.542228885557221,0.940029985007496,0.708145927036482,0.521239380309845
"SNP-82_1",0.506246876561719,0.234382808595702,0.315342328835582,0.367316341829085,0.815592203898051,0.28335832083958,0.371314342828586,0.0205898243003248,0.00790589895773901,0.00811388105626545,0.20039980009995,0.291354322838581,0.340329835082459,0.699150424787606,0.351824087956022,0.907546226886557,0.19240379810095,0.268365817091454,0.582208895552224,0.596701649175412,0.580209895052474,0.663668165917041,0.088793420424968,0.065468997797594,0.454772613693153,0.262368815592204,0.15392303848076,0.460769615192404,0.168415792103948,0.493753123438281,0.232383808095952,0.148925537231384,0.335332333833083,0.306846576711644,0.470264867566217,0.418290854572714,0.203398300849575,0.00900143468941755,0.196901549225387,0.349325337331334,0.360819590204898,0.333833083458271,0.857571214392804,0.676661669165417,0.0239338139473453,0.495752123938031,0.391304347826087,0.662668665667166,0.227386306846577,0.668665667166417
"SNP-82_2",0.175912043978011,0.181409295352324,0.00137165759612298,0.0200060762672027,0.0594239149337718,0.233883058470765,0.393303348325837,0.227886056971514,0.0159665102606773,0.0203731972600072,0.259870064967516,0.145927036481759,0.00142819152147482,0.128935532233883,0.0441844486765866,0.00256030362251995,0.136931534232884,0.00949600964996844,0.00914977412562713,0.00854100859349423,0.197901049475262,0.0807941873456042,0.180409795102449,0.265867066466767,0.00503623055769578,0.0278100705133,0.0212481034685168,0.00942978199158389,0.146926536731634,0.0239703614113028,0.104447776111944,0.025973374958242,0.00139470462323966,0.00548840988079275,0.00409468242298677,0.0108130297652947,0.197901049475262,0.142428785607196,0.164417791104448,0.102948525737131,0.112943528235882,0.16391804097951,0.0449222377257236,0.00989987311376809,0.0434830197895892,0.0542108603857112,0.453273363318341,0.303348325837081,0.579710144927536,0.0366691090717408
"SNP-83_1",0.00108701058592846,0.00125377411202164,0.00113628966449296,0.0171244474978229,0.0216025661425286,0.0334683262303536,0.00358134676414237,0.078784543732088,0.00117670793486132,0.0347980607709017,0.0572161618244851,0.00581317148764341,0.00106052402312175,0.00114576666871419,0.00108015072550064,0.00243366284305086,0.00958242367076642,0.00491329463394018,0.00123990064012469,0.00107953445147375,0.0011118808069961,0.0239310040890141,0.0774195684863047,0.316341829085457,0.00794228262518163,0.00121484898189174,0.00116196114788409,0.00116476843216487,0.00927731316303187,0.00112700608116723,0.04328817312714,0.00119808130534758,0.00106255964458762,0.00521359175031275,0.00110333993197894,0.0258761793663027,0.105947026486757,0.0640460548871739,0.00115701016961304,0.0526833156426787,0.234382808595702,0.00212053789749098,0.00118035439718522,0.0383515043265749,0.619690154922539,0.156921539230385,0.894052973513243,0.00920610699474669,0.090748844751113,0.05414105714506
"SNP-83_2",0.16591704147926,0.301349325337331,0.652673663168416,0.566216891554223,0.823588205897052,0.841579210394803,0.583208395802099,0.839580209895052,0.641179410294853,0.434282858570715,0.670664667666167,0.758620689655172,0.413793103448276,0.172413793103448,0.354822588705647,0.787606196901549,0.707146426786607,0.857571214392804,0.448775612193903,0.465767116441779,0.794102948525737,0.586706646676662,0.182408795602199,0.405797101449275,0.471764117941029,0.114442778610695,0.474762618690655,0.216891554222889,0.331334332833583,0.456771614192904,0.232383808095952,0.12543728135932,0.852073963018491,0.491754122938531,0.911544227886057,0.758120939530235,0.689155422288856,0.990004997501249,0.274862568715642,0.122438780609695,0.403798100949525,0.724137931034483,0.43528235882059,0.607696151924038,0.964017991004498,0.478260869565217,0.959020489755122,0.276361819090455,0.164917541229385,0.809095452273863
"SNP-84_1",0.321339330334833,0.260869565217391,0.649675162418791,0.16591704147926,0.374312843578211,0.576211894052973,0.495252373813093,0.456771614192904,0.760619690154923,0.890554722638681,0.169415292353823,0.635182408795602,0.786106946526737,0.804597701149425,0.504747626186906,0.545227386306847,0.489755122438781,0.32383808095952,0.278860569715142,0.577711144427786,0.756621689155422,0.664667666166917,0.389305347326337,0.591704147926037,0.709645177411294,0.694652673663168,0.218890554722639,0.278860569715142,0.485257371314343,0.552223888055972,0.816091954022989,0.768615692153923,0.209895052473763,0.918040979510245,0.636181909045477,0.829585207396302,0.1944027986007,0.568715642178911,0.606196901549225,0.80759620189905,0.286356821589205,0.434282858570715,0.805097451274363,0.525737131434283,0.789105447276362,0.67616191904048,0.632683658170915,0.977011494252874,0.489255372313843,0.197401299350325
"SNP-84_2",0.102565937503409,0.211394302848576,0.363818090954523,0.548225887056472,0.00682421273702343,0.52623688155922,0.429785107446277,0.207396301849075,0.0273483094567611,0.0855248568123536,0.124437781109445,0.242378810594703,0.343828085957021,0.014802106279173,0.269365317341329,0.474262868565717,0.559720139930035,0.103448275862069,0.214892553723138,0.335832083958021,0.0956999760663314,0.0159923142196837,0.322338830584708,0.181909045477261,0.176411794102949,0.219390304847576,0.471264367816092,0.0789302886097273,0.074748480568644,0.690654672663668,0.209395302348826,0.00506843448685497,0.529235382308846,0.256371814092954,0.36431784107946,0.289355322338831,0.200899550224888,0.00329751143814278,0.243378310844578,0.302848575712144,0.266866566716642,0.0158444191428707,0.0460639606809674,0.598700649675162,0.687656171914043,0.00612559498575666,0.000905307636134827,0.0470898950809404,0.328335832083958,0.282858570714643
"SNP-85_1",0.0876745726254842,0.939530234882559,0.252873563218391,0.235882058970515,0.427786106946527,0.434282858570715,0.955022488755622,0.0799581088485351,0.629185407296352,0.141429285357321,0.291354322838581,0.669665167416292,0.368815592203898,0.262868565717141,0.0369241144412842,0.144427786106947,0.23688155922039,0.225887056471764,0.862068965517241,0.208895552223888,0.536231884057971,0.774612693653173,0.532233883058471,0.900549725137431,0.661669165417291,0.626686656671664,0.169915042478761,0.108445777111444,0.752123938030985,0.289855072463768,0.0513367302258724,0.307846076961519,0.836581709145427,0.0710608364141037,0.288355822088956,0.108945527236382,0.580709645177411,0.207396301849075,0.177911044477761,0.258370814592704,0.623688155922039,0.883558220889555,0.4007996001999,0.414292853573213,0.375312343828086,0.494252873563218,0.103948025987006,0.333833083458271,0.446276861569215,0.611694152923538
"SNP-85_2",0.220889555222389,0.540729635182409,0.425287356321839,0.52623688155922,0.43328335832084,0.792603698150925,0.0560739207510868,0.576211894052973,0.452273863068466,0.328335832083958,0.839080459770115,0.448275862068966,0.456771614192904,0.248375812093953,0.407296351824088,0.901049475262369,0.570214892553723,0.270364817591204,0.752123938030985,0.391304347826087,0.0509329680038478,0.139430284857571,0.216391804097951,0.696151924037981,0.405797101449275,0.72663668165917,0.369815092453773,0.217391304347826,0.269865067466267,0.723138430784608,0.550224887556222,0.773113443278361,0.666166916541729,0.349825087456272,0.811594202898551,0.412293853073463,0.216891554222889,0.16391804097951,0.542228885557221,0.662168915542229,0.246376811594203,0.110444777611194,0.671164417791104,0.619190404797601,0.293353323338331,0.28135932033983,0.201399300349825,0.010401463453197,0.288355822088956,0.374312843578211
"SNP-86_1",0.4047976011994,0.492753623188406,0.491254372813593,0.303348325837081,0.452773613193403,0.361319340329835,0.497751124437781,0.787606196901549,0.0564391241015987,0.240379810094953,0.563718140929535,0.318840579710145,0.329835082458771,0.00602676330728518,0.422288855572214,0.247376311844078,0.0722878555902898,0.201899050474763,0.28135932033983,0.166416791604198,0.451774112943528,0.733133433283358,0.398300849575212,0.372313843078461,0.28335832083958,0.121939030484758,0.332833583208396,0.0384495641375974,0.0904387315711987,0.00721628020484396,0.410794602698651,0.503248375812094,0.421789105447276,0.694652673663168,0.55272363818091,0.352823588205897,0.528235882058971,0.692153923038481,0.0788468009327973,0.425287356321839,0.222888555722139,0.0368366312231112,0.390804597701149,0.23888055972014,0.824087956021989,0.701149425287356,0.255372313843078,0.71264367816092,0.124437781109445,0.8055972013993
"SNP-86_2",0.214392803598201,0.201399300349825,0.585207396301849,0.242378810594703,0.648175912043978,0.212393803098451,0.43728135932034,0.268865567216392,0.471764117941029,0.199900049975012,0.264367816091954,0.553723138430785,0.377311344327836,0.106946526736632,0.195902048975512,0.725637181409295,0.143928035982009,0.3928035982009,0.122938530734633,0.368815592203898,0.351824087956022,0.347826086956522,0.297351324337831,0.547726136931534,0.265367316341829,0.626186906546727,0.559220389805097,0.492753623188406,0.12143928035982,0.770614692653673,0.114942528735632,0.774112943528236,0.0238623341012273,0.786606696651674,0.670664667666167,0.414292853573213,0.170414792603698,0.0479634930461059,0.280359820089955,0.582708645677161,0.735132433783108,0.478760619690155,0.252373813093453,0.430284857571214,0.468765617191404,0.166416791604198,0.773613193403298,0.35432283858071,0.126436781609195,0.517241379310345
"SNP-87_1",0.655672163918041,0.0363067634222542,0.360819590204898,0.450774612693653,0.439780109945027,0.367316341829085,0.233383308345827,0.360819590204898,0.35432283858071,0.297351324337831,0.152923538230885,0.332333833083458,0.355322338830585,0.414292853573213,0.23888055972014,0.542728635682159,0.261369315342329,0.364817591204398,0.631184407796102,0.107446276861569,0.253873063468266,0.292853573213393,0.661669165417291,0.101058418283121,0.225887056471764,0.270364817591204,0.490754622688656,0.284857571214393,0.144427786106947,0.659170414792604,0.417291354322839,0.266866566716642,0.312343828085957,0.305847076461769,0.120939530234883,0.387806096951524,0.295352323838081,0.355322338830585,0.15592203898051,0.0464683962878968,0.416291854072964,0.302348825587206,0.283858070964518,0.466766616691654,0.95552223888056,0.00776181246737563,0.247376311844078,0.798600699650175,0.077644486266394,0.628685657171414
"SNP-87_2",0.779610194902549,0.72863568215892,0.658670664667666,0.692653673163418,0.463268365817091,0.701149425287356,0.628685657171414,0.422288855572214,0.416791604197901,0.250374812593703,0.414792603698151,0.591704147926037,0.631684157921039,0.352823588205897,0.570714642678661,0.512743628185907,0.2023988005997,0.641179410294853,0.705147426286857,0.745127436281859,0.890554722638681,0.774612693653173,0.0459645028785425,0.511744127936032,0.55672163918041,0.618190904547726,0.401799100449775,0.560219890054973,0.71864067966017,0.64367816091954,0.572713643178411,0.211394302848576,0.44127936031984,0.265367316341829,0.24487756121939,0.52623688155922,0.43928035982009,0.293853073463268,0.581209395302349,0.174912543728136,0.782108945527236,0.753623188405797,0.476261869065467,0.631684157921039,0.469265367316342,0.608695652173913,0.413793103448276,0.564217891054473,0.373813093453273,0.894052973513243
"SNP-88_1",0.700149925037481,0.337831084457771,0.683158420789605,0.16791604197901,0.512243878060969,0.514742628685657,0.425787106446777,0.652173913043478,0.124437781109445,0.120939530234883,0.510744627686157,0.497251374312844,0.139430284857571,0.291854072963518,0.671664167916042,0.208895552223888,0.142428785607196,0.237881059470265,0.171914042978511,0.396301849075462,0.298350824587706,0.31384307846077,0.270364817591204,0.426286856571714,0.381309345327336,0.272863568215892,0.360819590204898,0.444277861069465,0.514742628685657,0.089181367620687,0.0179801498437422,0.510744627686157,0.359820089955023,0.43328335832084,0.104447776111944,0.509745127436282,0.272363818090955,0.582708645677161,0.550724637681159,0.929035482258871,0.558220889555222,0.270864567716142,0.772113943028486,0.780109945027486,0.220889555222389,0.306346826586707,0.0413811722528008,0.760619690154923,0.451774112943528,0.386306846576712
"SNP-88_2",0.75512243878061,0.758120939530235,0.695652173913043,0.320339830084958,0.679160419790105,0.586206896551724,0.730134932533733,0.446776611694153,0.474762618690655,0.00126955137070868,0.420289855072464,0.388305847076462,0.625687156421789,0.835582208895552,0.00110305937004105,0.36631684157921,0.344827586206897,0.379310344827586,0.557721139430285,0.480259870064968,0.63768115942029,0.60519740129935,0.734632683658171,0.55272363818091,0.87256371814093,0.336331834082959,0.665167416291854,0.302848575712144,0.541229385307346,0.414792603698151,0.769615192403798,0.307346326836582,0.76311844077961,0.525237381309345,0.509745127436282,0.524737631184408,0.80359820089955,0.670164917541229,0.451274362818591,0.23888055972014,0.906546726636682,0.00118158794652393,0.770114942528736,0.659670164917541,0.263868065967017,0.555722138930535,0.656671664167916,0.825587206396802,0.808595702148926,0.650174912543728
"CD46-1",0.692153923038481,0.513743128435782,0.271364317841079,0.588705647176412,0.350824587706147,0.371814092953523,0.507246376811594,0.467766116941529,0.0969899820192118,0.00128686628800807,0.523738130934533,0.233383308345827,0.611194402798601,0.254372813593203,0.00123627947206202,0.302348825587206,0.761619190404798,0.527736131934033,0.329335332333833,0.00117036887343048,0.357321339330335,0.201899050474763,0.43528235882059,0.131934032983508,0.181909045477261,0.176911544227886,0.377311344327836,0.67216391804098,0.307346326836582,0.781609195402299,0.642178910544728,0.878060969515242,0.334332833583208,0.84807596201899,0.379310344827586,0.440779610194903,0.609695152423788,0.860569715142429,0.725637181409295,0.142928535732134,0.582708645677161,0.28135932033983,0.0640297014898691,0.584707646176912,0.181409295352324,0.83208395802099,0.217391304347826,0.361319340329835,0.454272863568216,0.517241379310345
"CD46-2",0.349825087456272,0.729635182408796,0.274862568715642,0.662168915542229,0.166916541729135,0.106946526736632,0.308345827086457,0.510744627686157,0.269365317341329,0.710144927536232,0.340829585207396,0.571214392803598,0.0455136416633505,0.435782108945527,0.174412793603198,0.486756621689155,0.00913286207081702,0.650674662668666,0.450774612693653,0.339830084957521,0.243878060969515,0.287856071964018,0.442278860569715,0.0844768217156616,0.0480837593512909,0.501249375312344,0.0285700460308074,0.00704497401856794,0.235882058970515,0.566216891554223,0.55472263868066,0.449775112443778,0.0239610185552381,0.108945527236382,0.0146196064216428,0.349825087456272,0.0729624920440215,0.769615192403798,0.116941529235382,0.693153423288356,0.750624687656172,0.632683658170915,0.247876061969015,0.626186906546727,0.966516741629185,0.260369815092454,0.904547726136932,0.567716141929036,0.711144427786107,0.668165917041479
"CD52-1",0.796601699150425,0.659670164917541,0.628185907046477,0.683658170914543,0.308845577211394,0.706646676661669,0.424787606196902,0.254872563718141,0.606696651674163,0.474262868565717,0.381309345327336,0.685657171414293,0.55272363818091,0.673663168415792,0.420789605197401,0.795102448775612,0.422788605697151,0.510744627686157,0.394302848575712,0.456771614192904,0.60119940029985,0.572213893053473,0.96351824087956,0.71864067966017,0.231384307846077,0.72663668165917,0.545227386306847,0.330334832583708,0.300849575212394,0.246376811594203,0.313343328335832,0.68615692153923,0.549225387306347,0.335832083958021,0.721139430284858,0.868565717141429,0.861569215392304,0.705647176411794,0.886056971514243,0.845577211394303,0.585707146426787,0.84807596201899,0.182408795602199,0.457271364317841,0.857571214392804,0.648175912043978,0.133933033483258,0.349325337331334,0.453273363318341,0.489255372313843
"CD52-2",0.0066029159938247,0.00901528255227675,0.0829578232831595,0.00107274386407669,0.122938530734633,0.36231884057971,0.169915042478761,0.0497149355357506,0.00604201070555857,0.422788605697151,0.00288599611069008,0.0241106531132896,0.00108891319759754,0.43928035982009,0.00355356510316238,0.0581408912817804,0.00107486970698291,0.00330552353205944,0.00107047126833468,0.00210128960460562,0.257371314342829,0.00096718978629314,0.225887056471764,0.00466773513479056,0.00107620269703487,0.419290354822589,0.000981949684254028,0.000976798520250769,0.270864567716142,0.547226386806597,0.00112871821619126,0.000952763781199325,0.00818295659537571,0.330334832583708,0.423788105947026,0.31784107946027,0.392303848075962,0.0300843784448992,0.461769115442279,0.000968004000574686,0.367816091954023,0.00106187201925074,0.00107158235616905,0.0174118686105368,0.487756121939031,0.0536393215679058,0.691654172913543,0.331834082958521,0.570714642678661,0.28135932033983
"HSPA8-1",0.237381309345327,0.116941529235382,0.15192403798101,0.0912294844820337,0.0278938272472453,0.0625602616522468,0.0852528955822212,0.0806103883774937,0.257871064467766,0.00129593499113051,0.155422288855572,0.0450442905972352,0.12543728135932,0.157421289355322,0.134932533733133,0.664167916041979,0.0371205250533723,0.223388305847076,0.565717141429285,0.36631684157921,0.725637181409295,0.00119026693383291,0.531734132933533,0.190404797601199,0.176411794102949,0.460269865067466,0.165417291354323,0.0892816604059718,0.197401299350325,0.561719140429785,0.623688155922039,0.0443411908321233,0.263368315842079,0.28335832083958,0.237881059470265,0.555722138930535,0.102448775612194,0.190904547726137,0.175412293853073,0.000876777194887923,0.0103914725695963,0.0251976797315858,0.295352323838081,0.418290854572714,0.541229385307346,0.274362818590705,0.125937031484258,0.32583708145927,0.393803098450775,0.729635182408796
"HSPA8-2",0.496251874062969,0.395802098950525,0.0919171233519513,0.211894052973513,0.589205397301349,0.468265867066467,0.141929035482259,0.177411294352824,0.627686156921539,0.279860069965017,0.361819090454773,0.255872063968016,0.1944027986007,0.133433283358321,0.017139301727408,0.129935032483758,0.590704647676162,0.63768115942029,0.0294854827325387,0.422288855572214,0.200899550224888,0.526736631684158,0.101949025487256,0.238380809595202,0.030716004951247,0.479260369815092,0.578710644677661,0.0977002648105837,0.0530016693063906,0.606196901549225,0.0610777253670385,0.109945027486257,0.105947026486757,0.632683658170915,0.0629055889308465,0.509745127436282,0.268365817091454,0.110944527736132,0.450774612693653,0.160919540229885,0.138930534732634,0.374812593703148,0.742628685657171,0.403298350824588,0.111444277861069,0.11744127936032,0.671664167916042,0.99400299850075,0.327336331834083,0.531234382808596
"NMU-1",0.130934532733633,0.212393803098451,0.000850675620554779,0.181909045477261,0.222388805597201,0.172413793103448,0.305347326336832,0.0388770396643768,0.136431784107946,0.0247243033588229,0.197901049475262,0.000979480945816126,0.311844077961019,0.258870564717641,0.0452929234179001,0.169915042478761,0.0276535068729447,0.000915020739251648,0.271864067966017,0.211894052973513,0.286856571714143,0.0589524257252461,0.164417791104448,0.181909045477261,0.160419790104948,0.210894552723638,0.0960176850544502,0.136431784107946,0.156921539230385,0.292853573213393,0.205897051474263,0.364817591204398,0.232383808095952,0.222888555722139,0.15192403798101,0.32383808095952,0.371814092953523,0.0546953072455101,0.174412793603198,0.0365005236465711,0.548225887056472,0.0511519095723568,0.0801596543711798,0.143928035982009,0.00645986061852716,0.327336331834083,0.964517741129435,0.332333833083458,0.227386306846577,0.0392992744549903
"NMU-2",0.307846076961519,0.442778610694653,0.0838957040005643,0.472263868065967,0.0925050469811026,0.139930034982509,0.0634545299255691,0.0166144638674008,0.358820589705147,0.0394766463875741,0.0386479344821109,0.210894552723638,0.0869289480650265,0.175412293853073,0.0436014544516698,0.345327336331834,0.388805597201399,0.181409295352324,0.128435782108946,0.265367316341829,0.310844577711144,0.390804597701149,0.133933033483258,0.403298350824588,0.0497473165980395,0.502248875562219,0.132933533233383,0.0567283247252927,0.0299887182675076,0.450274862568716,0.397801099450275,0.55272363818091,0.205397301349325,0.143928035982009,0.266366816591704,0.348325837081459,0.0391416407200505,0.0457834873820109,0.487256371814093,0.0133393028545945,0.102948525737131,0.0414459270653601,0.669665167416292,0.0394306334302952,0.126436781609195,0.47976011994003,0.693653173413293,0.718140929535232,0.109445277361319,0.933033483258371
"PPIA-1",0.136431784107946,0.221389305347326,0.105447276361819,0.0963777443885303,0.153423288355822,0.262868565717141,0.0009223946177058,0.178910544727636,0.0725990498057583,0.0260382664986507,0.280359820089955,0.0270279730812233,0.306346826586707,0.417291354322839,0.24287856071964,0.111444277861069,0.00116950003312564,0.105947026486757,0.104447776111944,0.159420289855072,0.583208395802099,0.627686156921539,0.638680659670165,0.00108125776359518,0.190904547726137,0.105447276361819,0.128435782108946,0.148425787106447,0.0171173921713366,0.295852073963018,0.19240379810095,0.387806096951524,0.208895552223888,0.0524022778224674,0.430784607696152,0.0344047493643765,0.588205897051474,0.301349325337331,0.0685801263334612,0.208395802098951,0.727136431784108,0.00112054969859078,0.173413293353323,0.00639187730441412,0.713643178410795,0.594202898550725,0.207896051974013,0.63968015992004,0.335332333833083,0.276861569215392
"PPIA-2",0.00116430775651926,0.00122695515059242,0.348325837081459,0.143428285857071,0.468765617191404,0.533733133433283,0.288355822088956,0.423788105947026,0.472763618190905,0.146426786606697,0.671664167916042,0.305347326336832,0.450274862568716,0.384307846076962,0.0011014339095691,0.416291854072964,0.188405797101449,0.619690154922539,0.00113898042457099,0.0535864722524652,0.0670794354971718,0.490754622688656,0.243378310844578,0.255872063968016,0.00117929591899965,0.260369815092454,0.739130434782609,0.331834082958521,0.269365317341329,0.616191904047976,0.110444777611194,0.16391804097951,0.640179910044978,0.5992003998001,0.1944027986007,0.521739130434783,0.63968015992004,0.0345478542769676,0.073709419171948,0.181909045477261,0.347326336831584,0.0869456523087699,0.322838580709645,0.237381309345327,0.248375812093953,0.405797101449275,0.182408795602199,0.785607196401799,0.00273296303216512,0.304847576211894
"RPL22-1",0.569215392303848,0.581209395302349,0.137431284357821,0.0516958102851313,0.467766116941529,0.209895052473763,0.0380129964885678,0.2063968015992,0.108945527236382,0.149925037481259,0.242378810594703,0.013224138257589,0.141929035482259,0.579710144927536,0.555722138930535,0.00138907458110341,0.465267366316842,0.00539356497578274,0.0012463234753691,0.0104849780253559,0.458270864567716,0.266366816591704,0.209395302348826,0.0164245970734667,0.246376811594203,0.0082052394538471,0.123938030984508,0.181409295352324,0.0966288342777271,0.0564600246029589,0.135432283858071,0.0876084312681357,0.252373813093453,0.0119824656919862,0.228885557221389,0.0442907246034069,0.0174899712461452,0.446776611694153,0.0334411608204253,0.408795602198901,0.0450391433485178,0.0723153741984137,0.487256371814093,0.855072463768116,0.0855252487907532,0.614192903548226,0.0592122720322666,0.607196401799101,0.0727898679959086,0.380809595202399
"RPL22-2",0.434782608695652,0.210394802598701,0.655672163918041,0.51824087956022,0.56071964017991,0.628185907046477,0.15992003998001,0.690654672663668,0.660669665167416,0.777611194402799,0.747126436781609,0.510244877561219,0.821589205397301,0.286356821589205,0.36031984007996,0.544727636181909,0.480759620189905,0.589205397301349,0.563718140929535,0.626186906546727,0.379810094952524,0.52023988005997,0.416291854072964,0.435782108945527,0.494752623688156,0.491254372813593,0.531234382808596,0.51624187906047,0.477261369315342,0.84207896051974,0.417791104447776,0.703648175912044,0.796101949025487,0.386806596701649,0.818590704647676,0.593703148425787,0.865067466266867,0.40679660169915,0.708645677161419,0.390804597701149,0.401799100449775,0.781609195402299,0.401799100449775,0.51624187906047,0.334332833583208,0.662668665667166,0.971514242878561,0.8015992003998,0.739130434782609,0.667666166916542
"NTC-1",0.482258870564718,0.179910044977511,0.621189405297351,0.274362818590705,0.590204897551224,0.340829585207396,0.405297351324338,0.0411090616495353,0.661669165417291,0.220889555222389,0.413793103448276,0.383808095952024,0.298350824587706,0.481259370314843,0.355322338830585,0.501249375312344,0.281859070464768,0.464767616191904,0.072546516961092,0.0431862645670236,0.304347826086957,0.20039980009995,0.32383808095952,0.241379310344828,0.436781609195402,0.377811094452774,0.0537811802774084,0.283858070964518,0.186906546726637,0.479260369815092,0.472263868065967,0.559220389805097,0.370814592703648,0.184407796101949,0.31584207896052,0.244377811094453,0.222888555722139,0.0339846504648197,0.0419007507239199,0.190404797601199,0.736131934032983,0.111444277861069,0.247876061969015,0.129435282358821,0.752123938030985,0.427786106946527,0.309845077461269,0.252873563218391,0.0277490082052629,0.731634182908546
"NTC-2",0.3928035982009,0.243378310844578,0.492253873063468,0.197401299350325,0.370814592703648,0.136931534232884,0.858570714642679,0.446776611694153,0.175412293853073,0.412793603198401,0.593703148425787,0.32783608195902,0.231384307846077,0.274362818590705,0.0690702724746814,0.15792103948026,0.186906546726637,0.278860569715142,0.486756621689155,0.550224887556222,0.55872063968016,0.279860069965017,0.179910044977511,0.478260869565217,0.140929535232384,0.686656671664168,0.428285857071464,0.600199900049975,0.324337831084458,0.339830084957521,0.63568215892054,0.227386306846577,0.314342828585707,0.915542228885557,0.301849075462269,0.508245877061469,0.891054472763618,0.617691154422789,0.424787606196902,0.107446276861569,0.654172913543228,0.344827586206897,0.562218890554723,0.0482063676135108,0.684657671164418,0.659170414792604,0.458770614692654,0.35232383808096,0.197901049475262,0.901549225387306
"NTC-4",0.552223888055972,0.511244377811094,0.129435282358821,0.502248875562219,0.632683658170915,0.449275362318841,0.743128435782109,0.557221389305347,0.081928032586885,0.75912043978011,0.188405797101449,0.173913043478261,0.513243378310845,0.300849575212394,0.653673163418291,0.75712143928036,0.487256371814093,0.162418790604698,0.134932533733133,0.524737631184408,0.532233883058471,0.509245377311344,0.610194902548726,0.219890054972514,0.428785607196402,0.91304347826087,0.0945533691426255,0.627186406796602,0.291854072963518,0.547726136931534,0.948025987006497,0.567716141929036,0.405797101449275,0.538730634682659,0.574712643678161,0.494752623688156,0.376311844077961,0.55272363818091,0.206896551724138,0.00448594505328493,0.56471764117941,0.494252873563218,0.201899050474763,0.418290854572714,0.965017491254373,0.633183408295852,0.0469224962055657,0.498750624687656,0.821589205397301,0.63568215892054
"NTC-5",0.538230884557721,0.650174912543728,0.464267866066967,0.713643178410795,0.0865772006812127,0.531234382808596,0.460269865067466,0.328835582208896,0.480759620189905,0.681659170414793,0.492253873063468,0.27536231884058,0.178910544727636,0.381809095452274,0.663168415792104,0.351324337831084,0.167416291854073,0.4007996001999,0.343328335832084,0.223888055972014,0.0973815446445348,0.649675162418791,0.648675662168916,0.0134694886401911,0.0743237771199486,0.362818590704648,0.64367816091954,0.322838580709645,0.168415792103948,0.387306346826587,0.376811594202899,0.450774612693653,0.750124937531234,0.709645177411294,0.627686156921539,0.542728635682159,0.0679690568741146,0.199900049975012,0.583208395802099,0.1944027986007,0.650674662668666,0.141929035482259,0.0501840406861622,0.523238380809595,0.574212893553223,0.410794602698651,0.237881059470265,0.970014992503748,0.428785607196402,0.672663668165917
"NTC-6",0.191904047976012,0.624187906046976,0.529735132433783,0.517741129435282,0.459270364817591,0.282858570714643,0.601699150424788,0.168415792103948,0.364817591204398,0.334832583708146,0.486256871564218,0.581709145427286,0.443778110944528,0.721639180409795,0.106446776611694,0.705147426286857,0.3968015992004,0.414792603698151,0.76511744127936,0.448275862068966,0.226886556721639,0.487256371814093,0.329835082458771,0.754122938530735,0.446276861569215,0.52023988005997,0.618190904547726,0.221389305347326,0.502248875562219,0.542728635682159,0.356821589205397,0.598200899550225,0.409295352323838,0.463268365817091,0.261369315342329,0.31584207896052,0.457771114442779,0.39880059970015,0.767616191904048,0.371314342828586,0.394302848575712,0.346326836581709,0.44127936031984,0.655172413793103,0.3928035982009,0.304847576211894,0.040078758538322,0.909545227386307,0.15392303848076,0.336331834082959
"NTC-7",0.601699150424788,0.275862068965517,0.288855572213893,0.28335832083958,0.734632683658171,0.212393803098451,0.239380309845077,0.357321339330335,0.420789605197401,0.214892553723138,0.274362818590705,0.205397301349325,0.378810594702649,0.0841476533237234,0.446276861569215,0.386806596701649,0.355322338830585,0.253373313343328,0.346326836581709,0.28135932033983,0.499750124937531,0.12743628185907,0.740129935032484,0.717141429285357,0.887056471764118,0.436781609195402,0.206896551724138,0.474262868565717,0.118940529735132,0.513243378310845,0.209395302348826,0.229385307346327,0.172913543228386,0.268365817091454,0.634182908545727,0.264867566216892,0.559720139930035,0.436281859070465,0.171414292853573,0.0303082237385345,0.197901049475262,0.187406296851574,0.0504529408582019,0.20439780109945,0.211894052973513,0.207896051974013,0.612193903048476,0.969015492253873,0.0612578234580876,0.207896051974013
"NTC-8",0.379310344827586,0.254372813593203,0.326836581709145,0.329335332333833,0.372813593203398,0.418790604697651,0.595702148925537,0.0868343448204153,0.177911044477761,0.0779364150524276,0.247876061969015,0.0887281622319575,0.225887056471764,0.51624187906047,0.564217891054473,0.32183908045977,0.0811737380115968,0.0666221587604374,0.0735333831532299,0.340829585207396,0.060004991619925,0.0457686328906904,0.157421289355322,0.0727221820215332,0.00865627068013765,0.0475707614888683,0.465767116441779,0.144427786106947,0.0191491136641069,0.615692153923038,0.407796101949025,0.104447776111944,0.497751124437781,0.208395802098951,0.269865067466267,0.258870564717641,0.223888055972014,0.0482807025681681,0.310344827586207,0.0140088764513083,0.0890474746721028,0.00621688230186143,0.183408295852074,0.312843578210895,0.71864067966017,0.0465987695653353,0.663168415792104,0.160919540229885,0.669165417291354,0.0623207743107305
"NTC-9",0.228885557221389,0.598200899550225,0.168415792103948,0.138930534732634,0.632183908045977,0.127936031984008,0.0969037344022198,0.0422871375166703,0.315342328835582,0.330334832583708,0.222888555722139,0.0576031471211575,0.36431784107946,0.215892053973014,0.214392803598201,0.0512565169395777,0.0978614307793173,0.122938530734633,0.0154005752619379,0.555222388805597,0.12743628185907,0.102443458000467,0.273863068465767,0.16391804097951,0.165417291354323,0.496251874062969,0.101449275362319,0.257371314342829,0.295852073963018,0.521739130434783,0.591204397801099,0.224387806096952,0.185907046476762,0.00258265088178446,0.253873063468266,0.00120733531531647,0.261369315342329,0.647176411794103,0.287856071964018,0.27536231884058,0.195402298850575,0.0170722956928528,0.0546059170251102,0.691154422788606,0.484257871064468,0.00121122464276575,0.752623688155922,0.901049475262369,0.000779188960491864,0.089975513131815
"NTC-10",0.299350324837581,0.678660669665167,0.43928035982009,0.338830584707646,0.103448275862069,0.538730634682659,0.158920539730135,0.525737131434283,0.624687656171914,0.161419290354823,0.684657671164418,0.498250874562719,0.276361819090455,0.324837581209395,0.315342328835582,0.561219390304848,0.565217391304348,0.787106446776612,0.393803098450775,0.527236381809095,0.47776111944028,0.447776111944028,0.646676661669165,0.396301849075462,0.168915542228886,0.119940029985007,0.535732133933034,0.638180909545227,0.610194902548726,0.394302848575712,0.441779110444778,0.64167916041979,0.189905047476262,0.383308345827086,0.442778610694653,0.452273863068466,0.740129935032484,0.736631684157921,0.146426786606697,0.120439780109945,0.353823088455772,0.568215892053973,0.307346326836582,0.0257979566592889,0.968015992003998,0.495752123938031,0.108445777111444,0.624687656171914,0.462768615692154,0.527736131934033
"NTC-11",0.129435282358821,0.209895052473763,0.231384307846077,0.136431784107946,0.51424287856072,0.140429785107446,0.268365817091454,0.101874457171653,0.116941529235382,0.190904547726137,0.0779084036778733,0.188405797101449,0.230884557721139,0.183408295852074,0.0781275820579203,0.432283858070965,0.111944027986007,0.186406796601699,0.0519185993001991,0.303348325837081,0.0766247000544326,0.145427286356822,0.116941529235382,0.253873063468266,0.191904047976012,0.0203033852592583,0.234382808595702,0.2063968015992,0.0596926297885496,0.1944027986007,0.546226886556722,0.276861569215392,0.217391304347826,0.0533507232504063,0.0463392320374442,0.253373313343328,0.15192403798101,0.437781109445277,0.210894552723638,0.903048475762119,0.474762618690655,0.11544227886057,0.578210894552724,0.585207396301849,0.0312379492128109,0.271864067966017,0.0306665711166137,0.913543228385807,0.209895052473763,0.399300349825087
"CD55-1",0.217391304347826,0.179410294852574,0.0441579924542101,0.209895052473763,0.013779716851122,0.299350324837581,0.212393803098451,0.262368815592204,0.0751088020892393,0.055495455479814,0.00108979122932925,0.0309976525515051,0.00128159922193506,0.424787606196902,0.225387306346827,0.0661071344338264,0.47776111944028,0.074397126910899,0.276361819090455,0.123938030984508,0.0839033324606848,0.506746626686657,0.0706853764299256,0.0179101303044955,0.00122843998978637,0.193903048475762,0.253873063468266,0.00121612642638961,0.0554803142581528,0.372313843078461,0.0317986741309281,0.0200454051523393,0.0749405816283652,0.245377311344328,0.324337831084458,0.152923538230885,0.0388276054429378,0.461269365317341,0.0890095764922888,0.945527236381809,0.0288362615032854,0.0390542156650444,0.464267866066967,0.494752623688156,0.0347911707341575,0.126936531734133,0.229885057471264,0.76111944027986,0.118440779610195,0.0254624482427737
"CD55-2",0.314842578710645,0.386306846576712,0.00120302223295772,0.216891554222889,0.429285357321339,0.329335332333833,0.730134932533733,0.0504760326655642,0.301349325337331,0.0365190625793215,0.223388305847076,0.105947026486757,0.107946026986507,0.152923538230885,0.0497150305355549,0.228385807096452,0.225387306346827,0.130434782608696,0.532233883058471,0.340329835082459,0.27336331834083,0.184407796101949,0.154422788605697,0.00123543303150862,0.00101772497403678,0.0277891909152647,0.705647176411794,0.340329835082459,0.034851424018254,0.182908545727136,0.0941700618648563,0.243878060969515,0.447776111944028,0.420289855072464,0.474762618690655,0.0479891194848951,0.654672663668166,0.365817091454273,0.0876330460160866,0.0280423163530881,0.530234882558721,0.00503843138657806,0.0151784962757238,0.126436781609195,0.905547226386807,0.0327115278867872,0.215892053973014,0.646176911544228,0.84807596201899,0.263368315842079
"CD55-3",0.217891054472764,0.502248875562219,0.529235382308846,0.435782108945527,0.182908545727136,0.52623688155922,0.588205897051474,0.365317341329335,0.489755122438781,0.00227232916936088,0.329835082458771,0.280859570214893,0.0619456574317395,0.126436781609195,0.187406296851574,0.373313343328336,0.355822088955522,0.289855072463768,0.00115262113486422,0.00112514189397964,0.0421862388850208,0.153423288355822,0.0808566730643742,0.546226886556722,0.00113935227315264,0.0637623319927022,0.443778110944528,0.0878059735054018,0.190404797601199,0.465267366316842,0.164417791104448,0.104447776111944,0.359320339830085,0.144927536231884,0.470764617691154,0.174412793603198,0.291854072963518,0.505747126436782,0.118940529735132,0.787606196901549,0.221389305347326,0.0139170338341987,0.292853573213393,0.617191404297851,0.170414792603698,0.108445777111444,0.294852573713143,0.773113443278361,0.0512652616624551,0.0327351720394224
"CD55-4",0.340829585207396,0.219890054972514,0.468265867066467,0.178910544727636,0.0237204584486118,0.326336831584208,0.0100070302755541,0.429285357321339,0.117941029485257,0.681659170414793,0.508245877061469,0.333833083458271,0.254372813593203,0.339830084957521,0.379810094952524,0.0271676305755621,0.257371314342829,0.185907046476762,0.00888844407752103,0.544227886056971,0.326336831584208,0.463268365817091,0.0448497485722755,0.613693153423288,0.303348325837081,0.338830584707646,0.138430784607696,0.143428285857071,0.269365317341329,0.455772113943028,0.470764617691154,0.440279860069965,0.103448275862069,0.0906182728511901,0.241879060469765,0.109445277361319,0.35432283858071,0.276861569215392,0.286356821589205,0.391304347826087,0.0722419406475571,0.694152923538231,0.330834582708646,0.0462573415499635,0.542228885557221,0.132933533233383,0.048789136242578,0.859570214892554,0.124437781109445,0.442778610694653
"CD55-5",0.284357821089455,0.286356821589205,0.465767116441779,0.141429285357321,0.601699150424788,0.600699650174913,0.456771614192904,0.156921539230385,0.269365317341329,0.527736131934033,0.213893053473263,0.00107164532756077,0.00117847702541418,0.0818518049830824,0.183908045977011,0.215392303848076,0.110944527736132,0.173913043478261,0.0578519470465182,0.622188905547226,0.245377311344328,0.271864067966017,0.320839580209895,0.0639663867336917,0.00094044878642817,0.626186906546727,0.404297851074463,0.578710644677661,0.537231384307846,0.00105722099370182,0.410794602698651,0.100449775112444,0.523738130934533,0.0294812906273077,0.251874062968516,0.0829998808712664,0.0010439087115862,0.208895552223888,0.131434282858571,0.0747797282257294,0.148425787106447,0.00106525014827371,0.478260869565217,0.232383808095952,0.00508331363910955,0.213393303348326,0.701149425287356,0.883058470764618,0.324837581209395,0.533733133433283
"CD55-6",0.0101814351612179,0.0193691985540862,0.0264188760297914,0.00107888495208427,0.56271864067966,0.110444777611194,0.126936531734133,0.202898550724638,0.0724920049849486,0.0918098420208864,0.0232766253484571,0.0585627006114921,0.15192403798101,0.634182908545727,0.176411794102949,0.00108073236912823,0.00113624856495766,0.1984007996002,0.150424787606197,0.174412793603198,0.0669464801889586,0.0760962869696475,0.0171774561046819,0.116941529235382,0.00112034086812639,0.0848414227957926,0.51624187906047,0.023697776841029,0.145927036481759,0.0927701893318092,0.250874562718641,0.266866566716642,0.454272863568216,0.0498241998151388,0.183908045977011,0.339830084957521,0.211894052973513,0.388305847076462,0.0479671822698249,0.0634457335243547,0.56471764117941,0.0035371190935635,0.00363389928715783,0.120439780109945,0.491754122938531,0.0514849960030651,0.502248875562219,0.211394302848576,0.00762004194311637,0.203398300849575
"CD55-7",0.0267277803520354,0.0248248525839192,0.0173934739221894,0.00140742079746147,0.0766448715974895,0.0654178389022901,0.0605970629229573,0.44327836081959,0.0763195768150275,0.0109511236850666,0.0675091035068379,0.00998306673985828,0.0188439644942105,0.108445777111444,0.270364817591204,0.0649917219114713,0.00410348624436323,0.0826839128602087,0.275862068965517,0.04577545222688,0.232383808095952,0.352823588205897,0.0202186840528608,0.00123713823441494,0.00793350239967595,0.0932776172545284,0.0791286799323279,0.00135551224737532,0.00533476242029203,0.0207132954190762,0.00524699269891019,0.0405208830767646,0.0645412059505525,0.276861569215392,0.0163461592471896,0.263868065967017,0.00246755157972139,0.330834582708646,0.0835450797653997,0.0656424763057018,0.00857167307087262,0.301849075462269,0.0300994575637964,0.0519423905101677,0.629185407296352,0.328335832083958,0.022942628413995,0.216891554222889,0.0009806411686421,0.144427786106947
"CD55-8",0.708645677161419,0.635182408795602,0.0405403203490632,0.640679660169915,0.370814592703648,0.324337831084458,0.88255872063968,0.815092453773113,0.444777611194403,0.685657171414293,0.601699150424788,0.00864143219033796,0.447776111944028,0.749625187406297,0.635182408795602,0.63368315842079,0.732633683158421,0.305847076461769,0.347326336831584,0.550724637681159,0.0747561041577485,0.729635182408796,0.782608695652174,0.357821089455272,0.00969606648397181,0.842578710644678,0.567716141929036,0.405797101449275,0.259370314842579,0.495252373813093,0.235382308845577,0.129435282358821,0.413293353323338,0.312843578210895,0.490254872563718,0.0923368290530873,0.731134432783608,0.197901049475262,0.242378810594703,0.624187906046976,0.668665667166417,0.546726636681659,0.220889555222389,0.930034982508746,0.464267866066967,0.635182408795602,0.741129435282359,0.587706146926537,0.0770332000672622,0.713143428285857
"CD55-9",0.402298850574713,0.00419335027979468,0.00156060510489927,0.141929035482259,0.752123938030985,0.626186906546727,0.318340829585207,0.450774612693653,0.542728635682159,0.0430233670125398,0.692153923038481,0.0131687726808635,0.306846576711644,0.146426786606697,0.657671164417791,0.0342602403644509,0.0820599601745623,0.723138430784608,0.0237101104202032,0.0200467793835168,0.00811975578124522,0.845077461269365,0.361819090454773,0.301849075462269,0.00870174375802437,0.00150704409016342,0.252373813093453,0.0235886996467155,0.684657671164418,0.00140759676108948,0.0207525691881388,0.199400299850075,0.632683658170915,0.597701149425287,0.00277206925264879,0.659170414792604,0.0142509479891033,0.395302348825587,0.205897051474263,0.964017991004498,0.140929535232384,0.456771614192904,0.316341829085457,0.466766616691654,0.284357821089455,0.08004024275222,0.663668165917041,0.892553723138431,0.334832583708146,0.359320339830085
"CD55-10",0.999500249875062,0.999500249875062,0.999500249875062,0.999500249875062,0.999500249875062,0.999500249875062,0.999500249875062,0.999500249875062,0.999500249875062,0.999500249875062,0.999500249875062,0.999500249875062,0.999500249875062,0.999500249875062,0.999500249875062,0.999500249875062,0.999500249875062,0.999500249875062,0.999500249875062,0.999500249875062,0.999500249875062,0.999500249875062,0.999500249875062,0.999500249875062,0.999500249875062,0.999500249875062,0.999500249875062,0.999500249875062,0.999500249875062,0.999500249875062,0.999500249875062,0.999500249875062,0.999500249875062,0.999500249875062,0.999500249875062,0.999500249875062,0.999500249875062,0.999500249875062,0.999500249875062,0.999500249875062,0.999500249875062,0.999500249875062,0.999500249875062,0.999500249875062,0.999500249875062,0.999500249875062,0.999500249875062,0.999500249875062,0.999500249875062,0.999500249875062
