"HALLMARK_TNFA_SIGNALING_VIA_NFKB","HALLMARK_HYPOXIA","HALLMARK_G2M_CHECKPOINT","HALLMARK_ADIPOGENESIS","HALLMARK_ESTROGEN_RESPONSE_EARLY","HALLMARK_ESTROGEN_RESPONSE_LATE","HALLMARK_MYOGENESIS","HALLMARK_INTERFERON_GAMMA_RESPONSE","HALLMARK_APICAL_JUNCTION","HALLMARK_COMPLEMENT","HALLMARK_MTORC1_SIGNALING","HALLMARK_E2F_TARGETS","HALLMARK_MYC_TARGETS_V1","HALLMARK_EPITHELIAL_MESENCHYMAL_TRANSITION","HALLMARK_INFLAMMATORY_RESPONSE","HALLMARK_XENOBIOTIC_METABOLISM","HALLMARK_OXIDATIVE_PHOSPHORYLATION","HALLMARK_GLYCOLYSIS","HALLMARK_P53_PATHWAY","HALLMARK_HEME_METABOLISM","HALLMARK_ALLOGRAFT_REJECTION","HALLMARK_KRAS_SIGNALING_UP","HALLMARK_KRAS_SIGNALING_DN","HALLMARK_MITOTIC_SPINDLE","HALLMARK_IL2_STAT5_SIGNALING","HALLMARK_APOPTOSIS","HALLMARK_FATTY_ACID_METABOLISM","HALLMARK_UV_RESPONSE_UP","HALLMARK_DNA_REPAIR","HALLMARK_UV_RESPONSE_DN","HALLMARK_COAGULATION","HALLMARK_SPERMATOGENESIS","HALLMARK_UNFOLDED_PROTEIN_RESPONSE","HALLMARK_BILE_ACID_METABOLISM","HALLMARK_PI3K_AKT_MTOR_SIGNALING","HALLMARK_PEROXISOME","HALLMARK_ANDROGEN_RESPONSE","HALLMARK_INTERFERON_ALPHA_RESPONSE","HALLMARK_PROTEIN_SECRETION","HALLMARK_IL6_JAK_STAT3_SIGNALING","HALLMARK_CHOLESTEROL_HOMEOSTASIS","HALLMARK_MYC_TARGETS_V2","HALLMARK_TGF_BETA_SIGNALING","HALLMARK_REACTIVE_OXYGEN_SPECIES_PATHWAY","HALLMARK_APICAL_SURFACE","HALLMARK_WNT_BETA_CATENIN_SIGNALING","HALLMARK_PANCREAS_BETA_CELLS","HALLMARK_HEDGEHOG_SIGNALING","HALLMARK_ANGIOGENESIS","HALLMARK_NOTCH_SIGNALING"
"SNP-1_1",0.403659634036596,0.358564143585641,0.961003899610039,0.154684531546845,0.566243375662434,0.923807619238076,0.222477752224778,0.903409659034097,0.327867213278672,0.0916908309169083,0.76012398760124,0.962103789621038,0.911608839116088,0.86971302869713,0.388661133886611,0.11018898110189,0.0692930706929307,0.617938206179382,0.458554144585541,0.76012398760124,0.446755324467553,0.402259774022598,0.285771422857714,0.862913708629137,0.800519948005199,0.863413658634137,0.121387861213879,0.106389361063894,0.02999700029997,0.4999500049995,0.436856314368563,0.564143585641436,0.642035796420358,0.15998400159984,0.713328667133287,0.839216078392161,0.474752524747525,0.806619338066193,0.383261673832617,0.434256574342566,0.219478052194781,0.591340865913409,0.667533246675332,0.75962403759624,0.103089691030897,0.534446555344466,0.28957104289571,0.372762723727627,0.191280871912809,0.593240675932407
"SNP-1_2",0.998400159984002,0.973702629737026,0.698430156984302,0.878612138786121,0.488751124887511,0.529147085291471,0.96970302969703,0.714828517148285,0.285671432856714,0.594140585941406,0.671232876712329,0.523147685231477,0.321067893210679,0.971902809719028,0.917008299170083,0.706729327067293,0.520647935206479,0.958504149585041,0.988901109889011,0.819218078192181,0.808219178082192,0.748925107489251,0.617838216178382,0.417158284171583,0.674332566743326,0.523447655234477,0.53984601539846,0.195680431956804,0.21017898210179,0.919008099190081,0.0986901309869013,0.712128787121288,0.872012798720128,0.712928707129287,0.927507249275072,0.891710828917108,0.721827817218278,0.670732926707329,0.995000499950005,0.837216278372163,0.255974402559744,0.684231576842316,0.948905109489051,0.790520947905209,0.317168283171683,0.705629437056294,0.333166683331667,0.123487651234877,0.735526447355265,0.876612338766123
"SNP-2_1",0.219078092190781,0.224077592240776,0.2996700329967,0.448355164483552,0.317968203179682,0.331766823317668,0.633536646335366,0.465253474652535,0.177382261773823,0.918808119188081,0.488351164883512,0.626837316268373,0.0394960503949605,0.621537846215378,0.953804619538046,0.333466653334667,0.538946105389461,0.251974802519748,0.667633236676332,0.202279772022798,0.885911408859114,0.475252474752525,0.14968503149685,0.103989601039896,0.0275972402759724,0.203879612038796,0.375362463753625,0.220777922207779,0.106089391060894,0.62013798620138,0.229077092290771,0.0937906209379062,0.452254774522548,0.206679332066793,0.614038596140386,0.287071292870713,0.856914308569143,0.355864413558644,0.114388561143886,0.799220077992201,0.935106489351065,0.707729227077292,0.161783821617838,0.59014098590141,0.881411858814119,0.125087491250875,0.943905609439056,0.468253174682532,0.0485951404859514,0.0925907409259074
"SNP-2_2",0.778222177782222,0.793120687931207,0.472052794720528,0.811018898110189,0.862413758624138,0.728327167283272,0.817218278172183,0.164783521647835,0.230576942305769,0.800819918008199,0.0608939106089391,0.717528247175283,0.0285971402859714,0.351764823517648,0.173482651734827,0.319268073192681,0.396060393960604,0.824417558244176,0.0780921907809219,0.242075792420758,0.46995300469953,0.0362963703629637,0.348165183481652,0.747025297470253,0.374162583741626,0.813718628137186,0.77022297770223,0.248275172482752,0.288671132886711,0.112488751124888,0.92990700929907,0.393560643935606,0.428857114288571,0.182081791820818,0.547745225477452,0.85041495850415,0.623837616238376,0.365363463653635,0.538446155384462,0.946005399460054,0.114888511148885,0.655434456554345,0.787621237876212,0.684631536846315,0.228977102289771,0.351764823517648,0.26977302269773,0.158684131586841,0.35996400359964,0.0694930506949305
"SNP-3_1",0.859214078592141,0.29017098290171,0.208679132086791,0.0955904409559044,0.146785321467853,0.891410858914109,0.716828317168283,0.695930406959304,0.424957504249575,0.7995200479952,0.396060393960604,0.244575542445755,0.465353464653535,0.314368563143686,0.0951904809519048,0.134886511348865,0.367263273672633,0.342665733426657,0.0115988401159884,0.679332066793321,0.319468053194681,0.621837816218378,0.661933806619338,0.278172182781722,0.334066593340666,0.837616238376162,0.149385061493851,0.134286571342866,0.227477252274773,0.684631536846315,0.851814818518148,0.215078492150785,0.152184781521848,0.130886911308869,0.913608639136086,0.184381561843816,0.342565743425657,0.0932906709329067,0.558744125587441,0.655734426557344,0.926807319268073,0.226477352264774,0.878612138786121,0.453454654534547,0.327967203279672,0.16008399160084,0.906809319068093,0.268873112688731,0.687631236876312,0.193680631936806
"SNP-3_2",0.919008099190081,0.123587641235876,0.592240775922408,0.314868513148685,0.643135686431357,0.507449255074493,0.0995900409959004,0.201079892010799,0.101489851014899,0.48975102489751,0.183681631836816,0.59054094590541,0.603039696030397,0.486951304869513,0.89031096890311,0.20987901209879,0.567243275672433,0.155284471552845,0.873112688731127,0.45975402459754,0.416558344165583,0.0236976302369763,0.813918608139186,0.262873712628737,0.221577842215778,0.412658734126587,0.657734226577342,0.941105889411059,0.149485051494851,0.622937706229377,0.825917408259174,0.0963903609639036,0.473652634736526,0.157684231576842,0.177782221777822,0.222177782221778,0.128087191280872,0.332266773322668,0.753824617538246,0.72962703729627,0.167283271672833,0.684231576842316,0.667233276672333,0.972102789721028,0.738826117388261,0.363163683631637,0.179482051794821,0.546945305469453,0.771022897710229,0.297770222977702
"SNP-4_1",0.158284171582842,0.094990500949905,0.0138986101389861,0.321167883211679,0.511248875112489,0.677632236776322,0.0358964103589641,0.301469853014699,0.112588741125887,0.109289071092891,0.135886411358864,0.484051594840516,0.504549545045495,0.523947605239476,0.615838416158384,0.590940905909409,0.67003299670033,0.14958504149585,0.0425957404259574,0.0127987201279872,0.0337966203379662,0.607239276072393,0.292370762923708,0.326967303269673,0.605039496050395,0.455954404559544,0.465253474652535,0.266973302669733,0.836016398360164,0.634536546345365,0.691930806919308,0.777522247775222,0.683531646835316,0.778722127787221,0.107689231076892,0.734726527347265,0.126187381261874,0.215778422157784,0.0971902809719028,0.155084491550845,0.12978702129787,0.378262173782622,0.506249375062494,0.465753424657534,0.476452354764524,0.341365863413659,0.863113688631137,0.836916308369163,0.175982401759824,0.382561743825617
"SNP-4_2",0.542645735426457,0.237676232376762,0.210678932106789,0.113488651134887,0.523547645235476,0.520847915208479,0.873712628737126,0.0504949505049495,0.300569943005699,0.624337566243376,0.33046695330467,0.476552344765523,0.0143985601439856,0.261173882611739,0.0837916208379162,0.86991300869913,0.417658234176582,0.285071492850715,0.307969203079692,0.445255474452555,0.01999800019998,0.0328967103289671,0.137486251374863,0.17048295170483,0.0077992200779922,0.0528947105289471,0.363563643635636,0.207679232076792,0.376762323767623,0.838816118388161,0.81041895810419,0.46005399460054,0.178882111788821,0.199480051994801,0.0242975702429757,0.277872212778722,0.532246775322468,0.0344965503449655,0.401859814018598,0.173782621737826,0.753424657534247,0.0521947805219478,0.107989201079892,0.533746625337466,0.818618138186181,0.694130586941306,0.626437356264374,0.625837416258374,0.165783421657834,0.16978302169783
"SNP-5_1",0.4996500349965,0.262573742625737,0.518748125187481,0.257374262573743,0.0068993100689931,0.0077992200779922,0.612238776122388,0.518448155184482,0.129287071292871,0.495550444955504,0.752624737526247,0.522347765223478,0.704729527047295,0.375662433756624,9.99900009999e-05,0.647835216478352,0.316768323167683,0.564943505649435,0.65953404659534,0.237876212378762,0.651534846515348,9.99900009999e-05,0.597940205979402,0.931506849315068,9.99900009999e-05,0.506949305069493,0.205379462053795,0.349465053494651,0.73982601739826,0.378062193780622,0.452254774522548,0.216778322167783,0.35966403359664,0.42975702429757,0.158484151584842,0.568443155684432,0.766723327667233,0.398560143985601,0.286671332866713,9.99900009999e-05,0.259074092590741,0.726627337266273,0.521947805219478,0.3995600439956,0.679432056794321,0.641935806419358,0.0510948905109489,0.70972902709729,0.697330266973303,0.0727927207279272
"SNP-5_2",0.51024897510249,0.244075592440756,0.551644835516448,0.634136586341366,0.854114588541146,0.382461753824618,0.678332166783322,0.587741225877412,0.971402859714029,0.631036896310369,0.342165783421658,0.552444755524448,0.264673532646735,0.71012898710129,0.818318168183182,0.752124787521248,0.697130286971303,0.258874112588741,0.495850414958504,0.797720227977202,0.127787221277872,0.193980601939806,0.968603139686031,0.475152484751525,0.216378362163784,0.354364563543646,0.812018798120188,0.908109189081092,0.798720127987201,0.568043195680432,0.955104489551045,0.824017598240176,0.0647935206479352,0.331466853314669,0.688531146885311,0.326167383261674,0.797220277972203,0.527747225277472,0.46045395460454,0.232976702329767,0.618238176182382,0.930806919308069,0.300769923007699,0.152884711528847,0.944605539446055,0.948705129487051,0.364563543645635,0.328467153284672,0.597540245975402,0.95970402959704
"SNP-6_1",0.0598940105989401,0.285071492850715,0.216078392160784,0.0223977602239776,0.259374062593741,0.0228977102289771,9.99900009999e-05,0.245175482451755,0.365563443655634,0.0124987501249875,0.0738926107389261,0.0763923607639236,0.173882611738826,0.0952904709529047,0.207579242075792,0.0715928407159284,0.0155984401559844,0.346565343465653,0.0613938606139386,0.137386261373863,0.216578342165783,0.0486951304869513,0.156484351564844,0.0212978702129787,0.0222977702229777,0.0891910808919108,0.0171982801719828,0.023997600239976,0.0555944405559444,0.0590940905909409,0.0368963103689631,0.284371562843716,9.99900009999e-05,0.163783621637836,9.99900009999e-05,0.229177082291771,9.99900009999e-05,0.569343065693431,9.99900009999e-05,0.0204979502049795,0.17978202179782,0.0810918908109189,0.0867913208679132,0.171782821717828,0.186581341865813,0.366163383661634,0.16988301169883,0.324067593240676,0.0158984101589841,0.283971602839716
"SNP-6_2",0.776322367763224,0.613238676132387,0.751624837516248,0.474552544745525,0.788321167883212,0.826817318268173,0.281171882811719,0.821517848215178,0.661233876612339,0.248675132486751,0.934606539346065,0.744325567443256,0.794120587941206,0.858214178582142,0.703529647035297,0.871412858714129,0.537646235376462,0.435456454354565,0.692430756924308,0.401859814018598,0.721427857214279,0.716928307169283,0.283271672832717,0.985101489851015,0.847615238476152,0.427957204279572,0.457054294570543,0.734326567343266,0.768323167683232,0.632236776322368,0.146185381461854,0.994500549945005,0.457354264573543,0.137686231376862,0.872912708729127,0.983701629837016,0.944305569443056,0.974002599740026,0.931406859314069,0.465453454654535,0.608939106089391,0.930506949305069,0.961803819618038,0.126887311268873,0.987401259874013,0.228177182281772,0.418858114188581,0.958704129587041,0.484051594840516,0.723227677232277
"SNP-7_1",0.664933506649335,0.844815518448155,0.134786521347865,0.119088091190881,0.659034096590341,0.705729427057294,0.621637836216378,0.364863513648635,0.0545945405459454,0.696230376962304,0.662533746625337,0.135686431356864,0.142085791420858,0.468753124687531,0.533346665333467,0.614038596140386,0.877512248775122,0.110888911108889,0.70982901709829,0.963903609639036,0.283371662833717,0.437156284371563,0.41025897410259,0.808419158084192,0.581241875812419,0.555344465553445,0.904809519048095,0.791220877912209,0.803019698030197,0.668333166683332,0.145985401459854,0.823117688231177,0.532646735326467,0.738226177382262,0.382161783821618,0.863113688631137,0.320967903209679,0.273672632736726,0.238276172382762,0.176382361763824,0.348265173482652,0.0497950204979502,0.878512148785122,0.988201179882012,0.0062993700629937,0.227377262273773,0.811418858114189,0.367563243675632,0.111188881111889,0.593140685931407
"SNP-7_2",0.241375862413759,0.519048095190481,0.761423857614239,0.891610838916108,0.271072892710729,0.166483351664834,0.140785921407859,0.527147285271473,0.95020497950205,0.558744125587441,0.752424757524248,0.503949605039496,0.734526547345265,0.753624637536246,0.415658434156584,0.967403259674033,0.726627337266273,0.492050794920508,0.596740325967403,0.012998700129987,0.48015198480152,0.651234876512349,0.174982501749825,0.799320067993201,0.366763323667633,0.486251374862514,0.435956404359564,0.393260673932607,0.381761823817618,0.936106389361064,0.978002199780022,0.877612238776122,0.538846115388461,0.578542145785422,0.07999200079992,0.717828217178282,0.254674532546745,0.144785521447855,0.636336366363364,0.233776622337766,0.1998800119988,0.666833316668333,0.174982501749825,0.540945905409459,0.007999200079992,0.174282571742826,0.696930306969303,0.411958804119588,0.689031096890311,0.364563543645635
"SNP-8_1",0.635736426357364,0.772722727727227,0.227277272272773,0.55994400559944,0.982101789821018,0.934406559344066,0.504949505049495,0.877612238776122,0.375562443755624,0.727727227277272,0.351964803519648,0.233176682331767,0.41035896410359,0.514348565143486,0.677832216778322,0.622337766223378,0.944505549445055,0.19018098190181,0.209479052094791,0.763523647635237,0.674432556744326,0.812918708129187,0.102389761023898,0.321267873212679,0.57024297570243,0.713128687131287,0.253874612538746,0.57974202579742,0.780721927807219,0.955104489551045,0.336666333366663,0.888911108889111,0.526047395260474,0.135286471352865,0.160983901609839,0.123787621237876,0.0792920707929207,0.82041795820418,0.366263373662634,0.371162883711629,0.105989401059894,0.460553944605539,0.301169883011699,0.452954704529547,0.251674832516748,0.376562343765623,0.145985401459854,0.243275672432757,0.882811718828117,0.0536946305369463
"SNP-8_2",0.956404359564044,0.0341965803419658,0.457954204579542,0.094990500949905,0.603639636036396,0.106189381061894,0.0846915308469153,0.354964503549645,0.980901909809019,0.861713828617138,0.0525947405259474,0.378062193780622,0.114488551144886,0.339466053394661,0.781621837816218,0.891410858914109,0.1999800019998,0.0430956904309569,0.0435956404359564,0.61053894610539,0.7995200479952,0.696830316968303,0.422657734226577,0.961003899610039,0.353564643535646,0.372062793720628,0.041995800419958,0.2996700329967,0.781021897810219,0.724427557244276,0.983201679832017,0.783521647835216,0.030996900309969,0.0618938106189381,0.355664433556644,0.0908909109089091,0.557444255574443,0.260773922607739,0.542545745425457,0.790720927907209,0.861413858614139,0.622237776222378,0.917208279172083,0.252774722527747,0.284771522847715,0.774222577742226,0.986501349865013,0.44035596440356,0.254474552544746,0.678932106789321
"SNP-9_1",0.628437156284372,0.721027897210279,9.99900009999e-05,0.206679332066793,0.911408859114089,0.846615338466153,0.347865213478652,0.584441555844416,0.233676632336766,0.599040095990401,0.851414858514149,9.99900009999e-05,0.313168683131687,0.151884811518848,0.496950304969503,0.153584641535846,0.73992600739926,0.374462553744626,0.774122587741226,0.553044695530447,0.673932606739326,0.677432256774323,9.99900009999e-05,0.490750924907509,0.141185881411859,0.841515848415158,0.497150284971503,0.490750924907509,0.218878112188781,0.411658834116588,0.135486451354865,0.833716628337166,0.663033696630337,0.165583441655834,0.633636636336366,0.230776922307769,0.566843315668433,0.464953504649535,0.928707129287071,0.667333266673333,0.9005099490051,0.89001099890011,0.838816118388161,0.448355164483552,0.215078492150785,0.432856714328567,0.911608839116088,0.708129187081292,0.718828117188281,0.527747225277472
"SNP-9_2",0.676032396760324,0.462853714628537,0.445655434456554,0.130986901309869,0.0983901609839016,0.109289071092891,0.288171182881712,0.503249675032497,0.47015298470153,0.226977302269773,0.395360463953605,0.103889611038896,0.107989201079892,0.196080391960804,0.877912208779122,0.400859914008599,0.156584341565843,0.338666133386661,0.197280271972803,0.51994800519948,0.0148985101489851,0.302069793020698,0.43975602439756,0.5003499650035,0.877212278772123,0.569043095690431,0.299070092990701,0.609239076092391,0.901709829017098,0.337066293370663,0.418758124187581,0.228677132286771,0.267773222677732,0.327167283271673,0.0183981601839816,0.270972902709729,0.0837916208379162,0.845615438456154,0.234276572342766,0.177082291770823,0.372462753724628,0.127287271272873,0.690930906909309,0.0300969903009699,0.518248175182482,0.132086791320868,0.810918908109189,0.338966103389661,0.553044695530447,0.100789921007899
"SNP-10_1",0.176782321767823,0.203079692030797,9.99900009999e-05,0.251174882511749,0.168583141685831,9.99900009999e-05,0.424957504249575,0.223477652234777,0.800519948005199,0.349365063493651,9.99900009999e-05,9.99900009999e-05,0.742125787421258,0.355564443555644,0.401759824017598,0.0918908109189081,0.202879712028797,0.714628537146285,0.326267373262674,0.0366963303669633,0.529347065293471,0.553144685531447,0.69013098690131,0.856414358564144,0.0858914108589141,0.382361763823618,0.201279872012799,0.184781521847815,0.488251174882512,0.885311468853115,0.144585541445855,0.828317168283172,0.787021297870213,0.315568443155684,0.615138486151385,0.444955504449555,0.58024197580242,0.513948605139486,9.99900009999e-05,0.471652834716528,0.470752924707529,9.99900009999e-05,0.672632736726327,0.792520747925207,0.318268173182682,0.66953304669533,0.156784321567843,0.716328367163284,0.865313468653135,0.767523247675233
"SNP-10_2",0.122787721227877,0.221777822217778,0.231476852314769,0.0228977102289771,0.82981701829817,0.715628437156284,0.393760623937606,0.597640235976402,0.442755724427557,0.017998200179982,0.0136986301369863,9.99900009999e-05,0.485451454854515,0.664033596640336,0.083991600839916,0.537246275372463,0.394160583941606,0.0220977902209779,0.0116988301169883,0.0361963803619638,0.0867913208679132,0.160583941605839,0.345265473452655,0.531246875312469,0.126387361263874,0.0333966603339666,0.758424157584242,0.637736226377362,0.589241075892411,0.603339666033397,0.0096990300969903,0.0094990500949905,0.11038896110389,0.908809119088091,0.88021197880212,0.917808219178082,0.241175882411759,0.0813918608139186,0.74992500749925,0.0248975102489751,0.25007499250075,0.201379862013799,0.0812918708129187,0.576042395760424,0.0878912108789121,0.301569843015698,0.609339066093391,0.177082291770823,0.132586741325867,0.277272272772723
"SNP-11_1",0.956904309569043,0.831316868313169,0.452654734526547,0.674332566743326,0.752224777522248,0.863113688631137,0.582541745825418,0.763423657634237,0.873512648735126,0.964203579642036,0.84031596840316,0.452154784521548,0.0408959104089591,0.734526547345265,0.789421057894211,0.051994800519948,0.521647835216478,0.571242875712429,0.97990200979902,0.541245875412459,0.728427157284272,0.797420257974203,0.748525147485251,0.841315868413159,0.840815918408159,0.600739926007399,0.714428557144286,0.77992200779922,0.711228877112289,0.113588641135886,0.401359864013599,0.299170082991701,0.170682931706829,0.481851814818518,0.732726727327267,0.0185981401859814,0.767823217678232,0.625237476252375,0.893010698930107,0.589141085891411,0.446555344465553,0.0814918508149185,0.739126087391261,0.633236676332367,0.0133986601339866,0.557544245575442,0.595940405959404,0.61953804619538,0.425857414258574,0.988301169883012
"SNP-11_2",0.888711128887111,0.812118788121188,0.991400859914009,0.787321267873213,0.638936106389361,0.683031696830317,0.299170082991701,0.951504849515049,0.821417858214179,0.420757924207579,0.637236276372363,0.708829117088291,0.346465353464654,0.953604639536046,0.772222777722228,0.422557744225577,0.623837616238376,0.86991300869913,0.692630736926307,0.597840215978402,0.880811918808119,0.127187281271873,0.374562543745625,0.956304369563044,0.675032496750325,0.86951304869513,0.413058694130587,0.233476652334767,0.693330666933307,0.546645335466453,0.269273072692731,0.129487051294871,0.237976202379762,0.54954504549545,0.517148285171483,0.744225577442256,0.145185481451855,0.991500849915009,0.654034596540346,0.917008299170083,0.243975602439756,0.840915908409159,0.722027797220278,0.965103489651035,0.995100489951005,0.393260673932607,0.703729627037296,0.336666333366663,0.356664333566643,0.356664333566643
"SNP-12_1",9.99900009999e-05,0.165083491650835,0.106789321067893,0.874012598740126,0.0561943805619438,0.014998500149985,0.168083191680832,9.99900009999e-05,0.226777322267773,0.125787421257874,0.0828917108289171,0.104989501049895,0.110688931106889,0.0075992400759924,0.0381961803819618,0.507149285071493,0.652834716528347,0.776222377762224,9.99900009999e-05,0.208279172082792,0.0096990300969903,0.125787421257874,0.592640735926407,0.0210978902109789,0.0288971102889711,0.193480651934807,0.265973402659734,0.398360163983602,0.0630936906309369,0.0226977302269773,0.122587741225877,0.462353764623538,9.99900009999e-05,0.307669233076692,0.451054894510549,0.421257874212579,0.0162983701629837,0.0132986701329867,0.136186381361864,0.765123487651235,0.0064993500649935,0.0378962103789621,0.0122987701229877,0.414058594140586,0.635236476352365,0.304169583041696,0.0036996300369963,0.606039396060394,0.0620937906209379,0.913808619138086
"SNP-12_2",0.670832916708329,0.047995200479952,0.243975602439756,0.0926907309269073,0.116988301169883,0.128487151284872,0.0527947205279472,0.28977102289771,0.0558944105589441,0.0353964603539646,0.202279772022798,0.811318868113189,0.458454154584542,0.912508749125088,0.101789821017898,0.129087091290871,0.126987301269873,0.594240575942406,0.757224277572243,0.235176482351765,0.203379662033797,0.285871412858714,0.771822817718228,0.545145485451455,0.277272272772723,0.838716128387161,0.0706929307069293,0.0842915708429157,0.593240675932407,0.882311768823118,0.749325067493251,0.378562143785621,0.181581841815818,0.785421457854215,0.576542345765423,0.0521947805219478,0.0941905809419058,0.0506949305069493,0.951104889511049,0.328667133286671,0.925807419258074,0.19028097190281,0.385261473852615,0.810518948105189,0.97000299970003,0.902109789021098,0.240675932406759,0.455154484551545,0.984701529847015,0.466453354664534
"SNP-13_1",0.0834916508349165,0.117388261173883,0.475152484751525,0.485751424857514,0.0810918908109189,0.0888911108889111,0.466753324667533,0.77992200779922,0.426757324267573,0.385961403859614,0.468353164683532,0.977002299770023,0.108889111088891,0.525447455254475,0.952204779522048,0.775622437756224,0.36996300369963,0.850614938506149,0.385661433856614,0.226377362263774,0.128287171282872,0.65043495650435,0.788821117888211,0.396260373962604,0.194280571942806,0.508049195080492,0.345365463453655,0.0863913608639136,0.0470952904709529,0.440955904409559,0.624437556244376,0.0872912708729127,0.545045495450455,0.398060193980602,0.683631636836316,0.138086191380862,0.228277172282772,0.975002499750025,0.906909309069093,0.0291970802919708,0.247675232476752,0.736826317368263,0.864613538646135,0.575042495750425,0.635336466353365,0.122987701229877,0.767723227677232,0.120587941205879,0.7997200279972,0.265173482651735
"SNP-13_2",0.475352464753525,0.338766123387661,0.281171882811719,0.883811618838116,0.516448355164484,0.564343565643436,0.107989201079892,0.93010698930107,0.268973102689731,0.428257174282572,0.208479152084792,0.205979402059794,0.225277472252775,0.206879312068793,0.896610338966103,0.573942605739426,0.876912308769123,0.404659534046595,0.875712428757124,0.771022897710229,0.91050894910509,0.474652534746525,0.421757824217578,0.231076892310769,0.337666233376662,0.75022497750225,0.60963903609639,0.725227477252275,0.935406459354065,0.752124787521248,0.433656634336566,0.416158384161584,0.286171382861714,0.990500949905009,0.855914408559144,0.491350864913509,0.271772822717728,0.841515848415158,0.0135986401359864,0.708929107089291,0.605839416058394,0.956404359564044,0.522347765223478,0.925607439256074,0.297170282971703,0.356764323567643,0.712728727127287,0.237376262373763,0.0541945805419458,0.757524247575243
"SNP-14_1",0.407759224077592,0.322467753224678,0.556944305569443,0.799420057994201,0.439156084391561,0.0071992800719928,0.336566343365663,0.210578942105789,0.686731326867313,0.562543745625437,0.548545145485451,0.554444555544446,0.440855914408559,0.17988201179882,0.0924907509249075,0.308769123087691,0.697630236976302,0.0103989601039896,0.30956904309569,0.0120987901209879,0.175682431756824,0.881511848815118,0.0028997100289971,0.84981501849815,0.584141585841416,0.832416758324168,0.533946605339466,0.592340765923408,0.355464453554645,0.353964603539646,0.348065193480652,0.013998600139986,0.55964403559644,0.917308269173083,0.946505349465053,0.975202479752025,0.0154984501549845,0.14968503149685,0.514048595140486,0.821817818218178,0.948405159484052,0.343165683431657,0.208579142085791,0.278172182781722,0.916108389161084,0.0376962303769623,0.598840115988401,0.0217978202179782,0.457554244575542,0.0324967503249675
"SNP-14_2",0.999200079992001,0.947005299470053,0.86961303869613,0.0902909709029097,0.733926607339266,0.330566943305669,0.898610138986101,0.698930106989301,0.616838316168383,0.983201679832017,0.0952904709529047,0.881411858814119,0.363663633636636,0.71012898710129,0.977602239776022,0.278872112788721,0.22007799220078,0.863513648635136,0.355864413558644,0.984801519848015,0.953504649535047,0.93950604939506,0.916208379162084,0.78002199780022,0.731126887311269,0.25017498250175,0.309469053094691,0.771922807719228,0.712228777122288,0.548045195480452,0.758024197580242,0.625337466253375,0.0581941805819418,0.165583441655834,0.952604739526047,0.229477052294771,0.65023497650235,0.573542645735426,0.706929307069293,0.701129887011299,0.402259774022598,0.61983801619838,0.18958104189581,0.87991200879912,0.716328367163284,0.999200079992001,0.0070992900709929,0.0131986801319868,0.528847115288471,0.854014598540146
"SNP-15_1",0.637136286371363,0.290970902909709,0.662733726627337,0.0346965303469653,0.926907309269073,0.844615538446155,0.662133786621338,0.294170582941706,0.438056194380562,0.576442355764424,0.212478752124788,0.995200479952005,0.765023497650235,0.288171182881712,0.328367163283672,0.0235976402359764,0.349165083491651,0.352364763523648,0.352664733526647,0.585741425857414,0.765923407659234,0.225577442255774,0.128887111288871,0.90990900909909,0.021997800219978,0.121887811218878,0.955204479552045,0.287271272872713,0.394960503949605,0.980601939806019,0.0381961803819618,0.855914408559144,0.274172582741726,0.67013298670133,0.421457854214579,0.804219578042196,0.965403459654035,0.214578542145785,0.442755724427557,0.569143085691431,0.060993900609939,0.578242175782422,0.866213378662134,0.735626437356264,0.981601839816018,0.471752824717528,0.948805119488051,0.705129487051295,0.0848915108489151,0.988701129887011
"SNP-15_2",0.254274572542746,0.825817418258174,0.085991400859914,0.272172782721728,0.541745825417458,0.594040595940406,0.842815718428157,0.238276172382762,0.143385661433857,0.0462953704629537,0.854014598540146,0.087991200879912,0.167083291670833,0.090990900909909,0.176082391760824,0.734026597340266,0.0148985101489851,0.261073892610739,0.885611438856114,0.4996500349965,0.182681731826817,0.534646535346465,0.415358464153585,0.217778222177782,0.329167083291671,0.106789321067893,0.0085991400859914,0.0512948705129487,0.345665433456654,0.142985701429857,0.0783921607839216,0.212378762123788,0.0513948605139486,0.455554444555544,0.259374062593741,0.416158384161584,0.106489351064894,0.344965503449655,0.108989101089891,0.113188681131887,0.411358864113589,0.436856314368563,0.454554544545545,0.184481551844816,0.563343665633437,0.113688631136886,0.387361263873613,0.065993400659934,0.962203779622038,0.242775722427757
"SNP-16_1",0.613538646135386,0.577442255774423,0.436056394360564,0.404959504049595,0.312968703129687,0.0576942305769423,0.82011798820118,0.536546345365463,0.392860713928607,0.185781421857814,0.641235876412359,0.441755824417558,0.816518348165183,0.093990600939906,0.46955304469553,0.303669633036696,0.673732626737326,0.294170582941706,0.0805919408059194,0.62043795620438,0.250874912508749,0.804519548045195,0.931506849315068,0.374262573742626,0.0275972402759724,0.296870312968703,0.796820317968203,9.99900009999e-05,0.946805319468053,0.371962803719628,0.941805819418058,0.0375962403759624,0.222377762223778,0.686431356864314,0.306669333066693,0.286871312868713,0.128487151284872,0.415358464153585,0.786821317868213,0.43035696430357,0.44035596440356,0.446455354464554,0.210578942105789,0.213778622137786,0.372762723727627,0.981401859814019,0.465953404659534,0.616338366163384,0.0233976602339766,0.396460353964604
"SNP-16_2",0.851714828517148,0.233976602339766,0.545845415458454,0.980501949805019,0.897510248975102,0.0695930406959304,0.373462653734627,0.189381061893811,0.176082391760824,0.383461653834617,0.332966703329667,0.955204479552045,0.626337366263374,0.775022497750225,0.306969303069693,0.991900809919008,0.815418458154185,0.824117588241176,0.683231676832317,0.181881811818818,0.0276972302769723,0.892710728927107,0.556644335566443,0.334566543345665,0.8995100489951,0.407159284071593,0.990600939906009,0.254274572542746,0.554144585541446,0.182481751824818,0.228677132286771,0.86051394860514,0.923107689231077,0.899210078992101,0.656034396560344,0.966303369663034,0.862113788621138,0.304369563043696,0.903109689031097,0.447655234476552,0.880711928807119,0.642335766423358,0.927307269273073,0.134886511348865,0.666033396660334,0.773722627737226,0.733426657334267,0.933706629337066,0.960503949605039,0.914408559144086
"SNP-17_1",0.968103189681032,0.606539346065394,0.933606639336066,0.215678432156784,0.788521147885211,0.27047295270473,0.862013798620138,0.565343465653435,0.561643835616438,0.58954104589541,0.753124687531247,0.361463853614639,0.406959304069593,0.410958904109589,0.825817418258174,0.224177582241776,0.972502749725027,0.688131186881312,0.587941205879412,0.641535846415358,0.248775122487751,0.422557744225577,0.437356264373563,0.961003899610039,0.844215578442156,0.886111388861114,0.957604239576042,0.906709329067093,0.811718828117188,0.622037796220378,0.368263173682632,0.575942405759424,0.584741525847415,0.851614838516148,0.617838216178382,0.925207479252075,0.92020797920208,0.444255574442556,0.917808219178082,0.997000299970003,0.966503349665033,0.994500549945005,0.445655434456554,0.744925507449255,0.866713328667133,0.874312568743126,0.7003299670033,0.938406159384062,0.624237576242376,0.952004799520048
"SNP-17_2",0.543745625437456,0.496050394960504,0.767823217678232,0.172482751724828,0.442455754424558,0.14028597140286,0.508449155084492,0.531346865313469,0.17028297170283,0.615938406159384,0.196180381961804,0.618538146185381,0.637536246375362,0.489451054894511,0.40955904409559,0.642735726427357,0.0831916808319168,0.257874212578742,0.906209379062094,0.631836816318368,0.427457254274573,0.403259674032597,0.473052694730527,0.267373262673733,0.386061393860614,0.0772922707729227,0.583641635836416,0.473152684731527,0.394760523947605,0.112788721127887,0.43995600439956,0.257574242575742,0.756724327567243,0.0806919308069193,0.0696930306969303,0.116988301169883,0.775722427757224,0.405859414058594,0.16018398160184,0.236076392360764,0.817918208179182,0.373562643735626,0.672132786721328,0.153084691530847,0.801119888011199,0.390860913908609,0.591140885911409,0.778422157784222,0.204179582041796,0.652534746525347
"SNP-18_1",0.806319368063194,0.676032396760324,0.135986401359864,9.99900009999e-05,0.918708129187081,0.0840915908409159,0.204379562043796,0.0945905409459054,0.213678632136786,0.621937806219378,0.688731126887311,0.139386061393861,0.185681431856814,0.656834316568343,0.72972702729727,0.223577642235776,0.852314768523148,0.143885611438856,0.131486851314869,0.951504849515049,0.0713928607139286,0.233776622337766,0.57014298570143,0.726327367263274,0.516648335166483,0.0138986101389861,0.352864713528647,0.573742625737426,0.119388061193881,0.534746525347465,0.307469253074693,0.716928307169283,0.644635536446355,0.168583141685831,0.942605739426057,0.78002199780022,0.78982101789821,0.319068093190681,0.917908209179082,0.441455854414559,0.271672832716728,0.04999500049995,0.0065993400659934,0.443755624437556,0.597740225977402,0.132786721327867,0.567343265673433,0.728327167283272,0.52044795520448,0.423657634236576
"SNP-18_2",0.395060493950605,0.988601139886011,0.32996700329967,0.453454654534547,0.763523647635237,0.780721927807219,0.327467253274673,0.836416358364164,0.891710828917108,0.848815118488151,0.794920507949205,0.333066693330667,0.346265373462654,0.703229677032297,0.720627937206279,0.246475352464754,0.844915508449155,0.878212178782122,0.655634436556344,0.162583741625837,0.790820917908209,0.777622237776222,0.0758924107589241,0.338466153384662,0.370662933706629,0.274272572742726,0.0855914408559144,0.686731326867313,0.768323167683232,0.445955404459554,0.660933906609339,0.706229377062294,0.874812518748125,0.651634836516348,0.783221677832217,0.859414058594141,0.0365963403659634,0.770622937706229,0.965803419658034,0.89051094890511,0.997400259974003,0.132386761323868,0.922507749225078,0.866413358664134,0.773122687731227,0.480851914808519,0.569443055694431,0.113988601139886,0.831416858314169,0.89021097890211
"SNP-19_1",0.168083191680832,0.193980601939806,0.132286771322868,0.116388361163884,0.16038396160384,0.175682431756824,0.391760823917608,0.556444355564444,0.631336866313369,0.0912908709129087,0.50984901509849,0.132986701329867,0.105389461053895,0.408159184081592,0.408759124087591,0.468553144685531,0.692830716928307,0.308669133086691,0.242475752424758,0.635736426357364,0.255774422557744,0.403259674032597,0.674332566743326,0.818518148185181,0.975702429757024,0.436856314368563,0.313368663133687,0.110988901109889,0.132786721327867,0.839016098390161,0.518948105189481,0.744825517448255,0.33036696330367,0.262873712628737,0.303569643035696,0.238576142385761,0.253374662533747,0.431456854314569,0.28047195280472,0.369363063693631,0.255574442555744,0.221577842215778,0.162683731626837,0.180881911808819,0.93980601939806,0.652934706529347,0.906409359064094,0.35026497350265,0.663833616638336,0.831116888311169
"SNP-19_2",0.701629837016298,0.996700329967003,0.686031396860314,0.83041695830417,0.927807219278072,0.471852814718528,0.441455854414559,0.895310468953105,0.633936606339366,0.651834816518348,0.553644635536446,0.47995200479952,0.856614338566143,0.832516748325168,0.834016598340166,0.745125487451255,0.866913308669133,0.0307969203079692,0.913208679132087,0.452854714528547,0.658334166583342,0.643035696430357,0.684831516848315,0.785021497850215,0.453454654534547,0.927707229277072,0.703829617038296,0.942305769423058,0.773522647735226,0.433956604339566,0.955504449555045,0.671232876712329,0.81981801819818,0.998300169983002,0.651034896510349,0.975002499750025,0.345765423457654,0.46035396460354,0.68043195680432,0.972602739726027,0.974002599740026,0.980501949805019,0.887011298870113,0.366663333666633,0.920607939206079,0.514748525147485,0.587741225877412,0.82011798820118,0.61963803619638,0.958704129587041
"SNP-20_1",0.623237676232377,0.233476652334767,0.187881211878812,0.164283571642836,0.125387461253875,0.0634936506349365,0.74032596740326,0.624437556244376,0.0440955904409559,0.936706329367063,0.517348265173483,0.187181281871813,0.545645435456454,0.128687131286871,0.140685931406859,0.908309169083092,0.0431956804319568,0.281571842815718,9.99900009999e-05,0.10978902109789,0.506849315068493,0.439256074392561,0.68953104689531,0.152484751524848,0.106389361063894,0.378962103789621,0.423057694230577,0.568243175682432,9.99900009999e-05,0.582841715828417,0.786321367863214,0.0504949505049495,0.525747425257474,0.597540245975402,0.0298970102989701,0.325267473252675,0.991600839916008,0.708529147085291,0.250774922507749,0.502949705029497,0.319368063193681,0.185681431856814,0.43975602439756,0.261173882611739,0.447755224477552,0.265373462653735,0.834516548345166,0.907309269073093,0.133886611338866,0.346865313468653
"SNP-20_2",0.313968603139686,9.99900009999e-05,0.358764123587641,0.0740925907409259,0.925607439256074,0.931206879312069,0.0465953404659534,0.234976502349765,0.533946605339466,0.0402959704029597,0.441555844415558,0.36046395360464,0.375562443755624,0.896410358964104,0.223677632236776,0.772822717728227,0.584041595840416,9.99900009999e-05,0.546645335466453,0.0125987401259874,0.79022097790221,0.180681931806819,0.0030996900309969,0.473852614738526,0.0480951904809519,0.811018898110189,0.0565943405659434,0.376862313768623,0.379362063793621,0.275072492750725,0.547845215478452,0.919308069193081,0.661833816618338,0.768823117688231,0.439156084391561,0.322067793220678,0.941705829417058,0.346465353464654,0.265873412658734,0.206579342065793,0.734326567343266,0.962803719628037,0.992500749925007,0.390960903909609,0.410958904109589,0.801219878012199,0.1996800319968,0.431956804319568,0.431856814318568,0.675632436756324
"SNP-21_1",0.449355064493551,0.604939506049395,0.640935906409359,0.0525947405259474,0.316268373162684,0.346665333466653,0.257374262573743,0.737826217378262,0.25987401259874,0.773022697730227,0.653034696530347,0.271472852714729,0.852514748525148,0.0972902709729027,0.168283171682832,0.157084291570843,0.174382561743826,0.764923507649235,0.448155184481552,0.0122987701229877,0.486251374862514,0.768423157684232,0.186181381861814,0.555744425557444,0.0474952504749525,0.254874512548745,0.535346465353465,0.173382661733827,0.94000599940006,0.482751724827517,0.538946105389461,0.0145985401459854,0.866413358664134,0.317468253174683,0.414958504149585,0.195580441955804,0.392960703929607,0.162583741625837,0.928507149285071,0.0224977502249775,0.249175082491751,0.805519448055194,0.4995500449955,0.755524447555245,0.225877412258774,0.692630736926307,0.403559644035596,0.977702229777022,0.0246975302469753,0.896210378962104
"SNP-21_2",0.159284071592841,0.238176182381762,0.279072092790721,0.797520247975202,0.0456954304569543,0.0515948405159484,0.644035596440356,0.191380861913809,0.66993300669933,0.365863413658634,0.416058394160584,0.269473052694731,0.728227177282272,0.273272672732727,0.168783121687831,0.223177682231777,0.207679232076792,0.0703929607039296,0.973102689731027,0.176782321767823,0.803019698030197,0.319268073192681,0.632736726327367,0.505749425057494,0.601839816018398,0.984301569843016,0.206779322067793,0.0511948805119488,0.786221377862214,0.97030296970303,0.226177382261774,0.644835516448355,0.175782421757824,0.926307369263074,0.741525847415259,0.536646335366463,0.375662433756624,0.204279572042796,0.807419258074193,0.424657534246575,0.132586741325867,0.513948605139486,0.219178082191781,0.023997600239976,0.145885411458854,0.733226677332267,0.537946205379462,0.751724827517248,0.609339066093391,0.0591940805919408
"SNP-22_1",0.985001499850015,0.152584741525847,0.386461353864614,0.642435756424358,0.492950704929507,0.211878812118788,0.457454254574543,0.187381261873813,0.548045195480452,0.118188181181882,0.228877112288771,0.736026397360264,0.246075392460754,0.440655934406559,0.555044495550445,0.461153884611539,0.432056794320568,0.277472252774723,0.343765623437656,0.498150184981502,0.764023597640236,0.928007199280072,0.414858514148585,0.778122187781222,0.140785921407859,0.195780421957804,0.259374062593741,0.855314468553145,0.81041895810419,0.284571542845715,0.12998700129987,0.707229277072293,0.145485451454855,0.957404259574043,0.687731226877312,0.485051494850515,0.263073692630737,0.13038696130387,0.286771322867713,0.850714928507149,0.776222377762224,0.0873912608739126,0.428757124287571,0.621037896210379,0.725127487251275,0.8002199780022,0.705129487051295,0.793720627937206,0.934106589341066,0.696230376962304
"SNP-22_2",0.467353264673533,0.648535146485351,0.187381261873813,0.162583741625837,0.581141885811419,0.493350664933507,0.895810418958104,0.655034496550345,0.931406859314069,0.844715528447155,0.127487251274873,0.185781421857814,0.0138986101389861,0.302069793020698,0.797620237976202,0.501749825017498,0.599140085991401,0.955104489551045,0.33956604339566,0.416358364163584,0.902809719028097,0.346965303469653,0.387261273872613,0.87951204879512,0.852414758524148,0.24977502249775,0.440755924407559,0.616938306169383,0.937806219378062,0.995800419958004,0.857614238576142,0.733226677332267,0.696630336966303,0.952104789521048,0.0626937306269373,0.231176882311769,0.999800019998,0.527647235276472,0.99010098990101,0.483151684831517,0.589341065893411,0.185881411858814,0.0314968503149685,0.758224177582242,0.386361363863614,0.0252974702529747,0.823717628237176,0.413558644135586,0.353064693530647,0.184081591840816
"SNP-23_1",0.138386161383862,0.526447355264474,0.388461153884612,0.402659734026597,0.751024897510249,0.787921207879212,0.351264873512649,0.571742825717428,0.808819118088191,0.959004099590041,0.236376362363764,0.727827217278272,0.666633336666333,0.467753224677532,0.0954904509549045,0.2002799720028,0.161883811618838,0.626837316268373,0.198980101989801,0.222677732226777,0.53954604539546,0.0962903709629037,0.0622937706229377,0.787321267873213,0.476752324767523,0.138186181381862,0.87021297870213,0.145885411458854,0.0802919708029197,0.52994700529947,0.836716328367163,0.667833216678332,0.821117888211179,0.181381861813819,0.0940905909409059,0.253774622537746,0.701729827017298,0.711328867113289,0.593840615938406,0.573342665733427,0.12038796120388,0.885611438856114,0.934506549345065,0.162683731626837,0.703529647035297,0.837016298370163,0.61023897610239,0.505049495050495,0.433856614338566,0.425557444255574
"SNP-23_2",0.182681731826817,0.0417958204179582,0.0637936206379362,0.64983501649835,0.177982201779822,0.663733626637336,0.733626637336266,0.0326967303269673,0.732126787321268,0.683031696830317,0.812118788121188,0.526347365263474,0.0284971502849715,0.674132586741326,0.295270472952705,0.0375962403759624,0.747625237476252,0.648835116488351,0.0224977502249775,0.63013698630137,0.578642135786421,0.485251474852515,0.688131186881312,0.746125387461254,0.648235176482352,0.508749125087491,0.713728627137286,0.858514148585142,0.218878112188781,0.347365263473653,0.190680931906809,0.299070092990701,0.276972302769723,0.354064593540646,0.437256274372563,0.26047395260474,0.529247075292471,0.553044695530447,0.472152784721528,0.357264273572643,0.170682931706829,0.801519848015198,0.347165283471653,0.320767923207679,0.628737126287371,0.35046495350465,0.779322067793221,0.305769423057694,0.787621237876212,0.0436956304369563
"SNP-24_1",0.0903909609039096,0.963503649635037,0.508149185081492,0.785721427857214,0.481651834816518,0.237376262373763,0.558344165583442,0.353064693530647,0.204579542045795,0.427257274272573,0.158084191580842,0.506549345065493,0.576142385761424,0.762623737626237,0.339266073392661,0.0302969703029697,0.471652834716528,0.631736826317368,0.484551544845515,0.201579842015798,0.357364263573643,0.148785121487851,0.0587941205879412,0.41955804419558,0.436756324367563,0.0883911608839116,0.0334966503349665,0.0956904309569043,0.360663933606639,0.246975302469753,0.526047395260474,0.384461553844616,0.169083091690831,0.794420557944206,0.0788921107889211,0.92980701929807,0.179082091790821,0.218478152184782,0.562243775622438,0.315468453154685,0.602139786021398,0.262573742625737,0.868313168683132,0.892710728927107,0.0848915108489151,0.0880911908809119,0.835416458354165,0.588641135886411,0.168283171682832,0.664733526647335
"SNP-24_2",0.227377262273773,0.717528247175283,0.322067793220678,0.615238476152385,0.846715328467153,0.506049395060494,0.823417658234177,0.54984501549845,0.426557344265573,0.118988101189881,0.335166483351665,0.34996500349965,0.355464453554645,0.798720127987201,0.771322867713229,0.615338466153385,0.534146585341466,0.443655634436556,0.786821317868213,0.535946405359464,0.43005699430057,0.074992500749925,0.882011798820118,0.252974702529747,0.885611438856114,0.196780321967803,0.174482551744826,0.4996500349965,0.24977502249775,0.797620237976202,0.749225077492251,0.65023497650235,0.884011598840116,0.574642535746425,0.57004299570043,0.128487151284872,0.981101889811019,0.426657334266573,0.386661333866613,0.530946905309469,0.298670132986701,0.136086391360864,0.374762523747625,0.941105889411059,0.701429857014299,0.776722327767223,0.584041595840416,0.397960203979602,0.935406459354065,0.917208279172083
"SNP-25_1",0.0405959404059594,0.150884911508849,0.873712628737126,0.532246775322468,0.941505849415059,0.956704329567043,0.572742725727427,0.18998100189981,0.457954204579542,0.337266273372663,0.692030796920308,0.790520947905209,0.723427657234277,0.0736926307369263,0.137086291370863,0.705729427057294,0.752524747525247,0.338566143385661,0.19008099190081,0.737026297370263,9.99900009999e-05,0.0408959104089591,0.641635836416358,0.244675532446755,0.673132686731327,0.129087091290871,0.56984301569843,0.708729127087291,0.283471652834717,0.114388561143886,0.665133486651335,0.72972702729727,0.709429057094291,0.346565343465653,0.0243975602439756,0.463753624637536,0.602839716028397,0.136486351364864,0.496750324967503,0.0472952704729527,0.1996800319968,0.433856614338566,0.0638936106389361,0.568143185681432,0.803019698030197,0.493450654934507,0.442255774422558,0.835316468353165,0.458054194580542,0.986901309869013
"SNP-25_2",0.68963103689631,0.689331066893311,0.283771622837716,0.942905709429057,0.93020697930207,0.729527047295271,0.862913708629137,0.812118788121188,0.599340065993401,0.531046895310469,0.935806419358064,0.282271772822718,0.627737226277372,0.497250274972503,0.645035496450355,0.0228977102289771,0.764023597640236,0.251874812518748,0.957704229577042,0.328967103289671,0.0783921607839216,0.556944305569443,0.478052194780522,0.733226677332267,0.951204879512049,0.626137386261374,0.588941105889411,0.486651334866513,0.477952204779522,0.906609339066093,0.454354564543546,0.864913508649135,0.613138686131387,0.587841215878412,0.605239476052395,0.582541745825418,0.497950204979502,0.691630836916308,0.626237376262374,0.398260173982602,0.0873912608739126,0.746925307469253,0.33986601339866,0.368763123687631,0.354064593540646,0.959304069593041,0.686631336866313,0.688031196880312,0.624037596240376,0.747125287471253
"SNP-26_1",0.111788821117888,0.281671832816718,0.296570342965703,0.0122987701229877,9.99900009999e-05,9.99900009999e-05,0.0731926807319268,0.0317968203179682,9.99900009999e-05,0.767523247675233,0.0386961303869613,0.305969403059694,9.99900009999e-05,0.0903909609039096,0.0762923707629237,0.127587241275872,0.259274072592741,0.445455454454555,9.99900009999e-05,9.99900009999e-05,0.0795920407959204,0.145485451454855,0.0090990900909909,0.0840915908409159,0.0848915108489151,0.198680131986801,0.148285171482852,0.0081991800819918,0.0467953204679532,0.0171982801719828,0.124387561243876,0.0386961303869613,0.164183581641836,0.557244275572443,0.0184981501849815,0.0576942305769423,0.212178782121788,0.0737926207379262,0.154184581541846,0.0398960103989601,0.120887911208879,0.0046995300469953,9.99900009999e-05,0.73002699730027,0.972702729727027,9.99900009999e-05,0.56974302569743,0.0367963203679632,0.378762123787621,0.0238976102389761
"SNP-26_2",0.0818918108189181,0.857214278572143,0.597540245975402,0.797020297970203,0.0807919208079192,0.0865913408659134,0.811418858114189,0.292570742925707,0.327667233276672,0.513848615138486,0.908109189081092,0.407659234076592,0.468853114688531,0.81041895810419,9.99900009999e-05,0.806919308069193,0.986701329867013,0.412858714128587,0.217078292170783,0.617738226177382,0.697630236976302,0.964203579642036,0.369463053694631,0.0998900109989001,0.654034596540346,0.0695930406959304,0.481751824817518,0.0763923607639236,0.511948805119488,0.259074092590741,0.867413258674133,0.0416958304169583,0.764323567643236,9.99900009999e-05,0.621037896210379,0.944805519448055,0.850914908509149,9.99900009999e-05,0.269273072692731,0.0294970502949705,0.105389461053895,0.408859114088591,0.747425257474253,0.576142385761424,0.246875312468753,0.616838316168383,0.27967203279672,0.335166483351665,0.481451854814519,0.289471052894711
"SNP-27_1",0.263373662633737,0.784021597840216,0.436456354364564,0.220777922207779,0.888111188881112,0.287771222877712,0.118088191180882,0.782421757824218,0.668133186681332,0.835916408359164,0.876012398760124,0.444555544445555,0.43985601439856,0.708429157084292,0.801119888011199,0.545945405459454,0.958504149585041,0.813218678132187,0.854914508549145,0.882611738826117,0.272472752724728,0.643235676432357,0.125887411258874,0.697830216978302,0.823917608239176,0.181281871812819,0.842715728427157,0.841215878412159,0.51044895510449,0.642935706429357,0.172482751724828,0.855914408559144,0.689031096890311,0.639236076392361,0.483951604839516,0.738426157384262,0.217378262173783,0.938806119388061,0.571142885711429,0.443555644435556,0.665433456654335,0.892910708929107,0.0864913508649135,0.56024397560244,0.0591940805919408,0.0885911408859114,0.692930706929307,0.893610638936106,0.52954704529547,0.67023297670233
"SNP-27_2",0.107689231076892,0.42995700429957,9.99900009999e-05,0.583741625837416,0.0971902809719028,0.44965503449655,0.0451954804519548,0.799320067993201,0.10978902109789,0.316568343165683,0.0948905109489051,0.301869813018698,0.557844215578442,0.155784421557844,0.0856914308569143,0.234476552344766,0.173182681731827,0.143985601439856,0.564043595640436,0.035996400359964,0.405659434056594,0.314468553144686,0.442355764423558,0.127487251274873,0.654434556544346,0.087991200879912,0.0251974802519748,0.0948905109489051,0.0632936706329367,0.397460253974603,0.188481151884812,0.218178182181782,0.485851414858514,0.36026397360264,0.0467953204679532,0.483451654834517,0.35986401359864,0.65003499650035,0.365163483651635,0.369463053694631,0.591740825917408,0.397760223977602,0.213978602139786,0.745225477452255,0.0887911208879112,0.284071592840716,0.0558944105589441,0.0950904909509049,0.341565843415658,0.777322267773223
"SNP-28_1",0.129487051294871,0.568043195680432,0.861513848615138,0.635236476352365,0.54024597540246,0.587641235876412,0.512048795120488,0.522247775222478,0.0661933806619338,0.364963503649635,0.658834116588341,0.662733726627337,0.365963403659634,0.658234176582342,0.842315768423158,0.0154984501549845,0.90990900909909,0.5995400459954,0.0213978602139786,0.662333766623338,0.875812418758124,0.995300469953005,0.0082991700829917,0.941905809419058,0.132186781321868,0.510948905109489,0.767723227677232,0.472652734726527,0.511548845115488,0.878212178782122,0.575442455754425,0.984201579842016,0.497450254974503,0.137486251374863,0.336066393360664,0.193480651934807,0.828017198280172,0.403159684031597,0.435756424357564,0.0458954104589541,0.55034496550345,0.167883211678832,0.393660633936606,0.103889611038896,0.367663233676632,0.543145685431457,0.225877412258774,0.73962603739626,0.453554644535546,0.694530546945305
"SNP-28_2",0.911608839116088,0.610738926107389,0.494150584941506,0.433756624337566,0.452454754524548,0.490750924907509,0.827217278272173,0.532646735326467,0.341365863413659,0.507449255074493,0.662233776622338,0.514748525147485,0.979502049795021,0.884511548845116,0.963403659634037,0.47005299470053,0.482751724827517,0.726227377262274,0.0228977102289771,0.982701729827017,0.767023297670233,0.701029897010299,0.655234476552345,0.561643835616438,0.46995300469953,0.128787121287871,0.702329767023298,0.140785921407859,0.717828217178282,0.622837716228377,0.464053594640536,0.472052794720528,0.489351064893511,0.64023597640236,0.901009899010099,0.780921907809219,0.904009599040096,0.943005699430057,0.122387761223878,0.251574842515748,0.567843215678432,0.737126287371263,0.585641435856414,0.917408259174083,0.178782121787821,0.763523647635237,0.802019798020198,0.844715528447155,0.953304669533047,0.377162283771623
"SNP-29_1",0.564043595640436,0.677232276772323,0.431356864313569,0.439156084391561,0.297070292970703,0.331066893310669,0.424457554244576,0.931406859314069,0.515348465153485,0.076992300769923,0.476852314768523,0.430856914308569,0.22047795220478,0.76952304769523,0.792120787921208,0.644435556444356,0.838416158384162,0.04999500049995,0.967303269673033,0.199380061993801,0.83961603839616,0.91980801919808,0.625837416258374,0.954104589541046,0.295970402959704,0.893810618938106,0.695130486951305,0.528547145285471,0.551044895510449,0.753324667533247,0.474352564743526,0.481051894810519,0.0643935606439356,0.881311868813119,0.0506949305069493,0.955504449555045,0.892610738926107,0.83951604839516,0.780921907809219,0.238276172382762,0.158984101589841,0.183081691830817,0.861313868613139,0.241775822417758,0.307369263073693,0.280571942805719,0.737326267373263,0.753024697530247,0.71992800719928,0.825417458254175
"SNP-29_2",0.154984501549845,0.352364763523648,0.265273472652735,0.285071492850715,0.914208579142086,0.409359064093591,0.648835116488351,0.911608839116088,0.173582641735826,0.496650334966503,0.0498950104989501,0.213878612138786,0.419158084191581,0.735326467353265,0.466353364663534,0.473952604739526,0.244175582441756,0.255474452554745,0.565343465653435,0.823217678232177,0.423957604239576,0.418758124187581,0.994500549945005,0.435556444355564,0.905709429057094,0.477252274772523,0.0926907309269073,0.461353864613539,0.541945805419458,0.129387061293871,0.730726927307269,0.473052694730527,0.899010098990101,0.344365563443656,0.705729427057294,0.465253474652535,0.712028797120288,0.87001299870013,0.723727627237276,0.877812218778122,0.0896910308969103,0.320667933206679,0.0715928407159284,0.822017798220178,0.780521947805219,0.437056294370563,0.898210178982102,0.338466153384662,0.733826617338266,0.346765323467653
"SNP-30_1",0.700829917008299,0.134186581341866,0.673832616738326,0.695830416958304,0.911108889111089,0.827817218278172,0.714328567143286,0.312568743125687,0.707129287071293,0.677332266773323,0.18988101189881,0.203579642035796,0.0888911108889111,0.634536546345365,0.231976802319768,0.538046195380462,0.364363563643636,0.608939106089391,0.337466253374663,0.858814118588141,0.31006899310069,0.532646735326467,0.370662933706629,1,0.67953204679532,0.469053094690531,0.394160583941606,0.677432256774323,0.313868613138686,0.413058694130587,0.783121687831217,0.730626937306269,0.0363963603639636,0.268573142685731,0.0996900309969003,0.307869213078692,0.850714928507149,0.228177182281772,0.142785721427857,0.251174882511749,0.773922607739226,0.973602639736026,0.288071192880712,0.713628637136286,0.233176682331767,0.647135286471353,0.919408059194081,0.795420457954205,0.750624937506249,0.374662533746625
"SNP-30_2",0.696130386961304,0.132986701329867,0.401959804019598,0.622337766223378,0.197780221977802,0.218178182181782,0.18048195180482,0.167783221677832,0.539146085391461,0.158684131586841,0.27017298270173,0.272072792720728,0.871012898710129,0.367163283671633,0.365763423657634,0.950904909509049,0.48015198480152,0.16038396160384,0.288171182881712,0.473252674732527,0.28017198280172,0.923407659234077,0.975102489751025,0.96020397960204,0.314368563143686,0.834216578342166,0.303069693030697,0.661633836616338,0.495850414958504,0.95970402959704,0.563443655634437,0.671632836716328,0.264673532646735,0.849115088491151,0.995200479952005,0.228377162283772,0.627237276272373,0.116288371162884,0.699330066993301,0.774922507749225,0.416258374162584,0.382461753824618,0.858814118588141,0.152584741525847,0.253874612538746,0.740825917408259,0.314768523147685,0.754224577542246,0.998900109989001,0.107889211078892
"SNP-31_1",0.901209879012099,0.638836116388361,0.254974502549745,0.288471152884712,0.105289471052895,0.116088391160884,0.152784721527847,0.895810418958104,0.621037896210379,0.172482751724828,0.881411858814119,0.566243375662434,0.340665933406659,0.459054094590541,0.951504849515049,0.76982301769823,0.597540245975402,0.597440255974403,0.725027497250275,0.304969503049695,0.3996600339966,0.0093990600939906,0.795720427957204,0.155484451554845,0.696830316968303,0.822617738226177,0.233076692330767,0.953104689531047,0.730726927307269,0.875712428757124,0.36976302369763,0.69043095690431,0.756724327567243,0.804119588041196,0.80991900809919,0.84951504849515,0.291870812918708,0.874012598740126,0.933906609339066,0.875312468753125,0.564043595640436,0.523347665233477,0.826817318268173,0.0926907309269073,0.0696930306969303,0.237876212378762,0.503049695030497,0.0748925107489251,0.223577642235776,0.493650634936506
"SNP-31_2",0.866113388661134,0.910808919108089,0.577442255774423,0.692530746925307,0.745525447455255,0.488951104889511,0.291070892910709,0.417558244175582,0.407059294070593,0.263373662633737,0.63953604639536,0.837516248375162,0.601439856014399,0.12018798120188,0.203779622037796,0.497250274972503,0.626137386261374,0.994300569943006,0.98010198980102,0.168283171682832,0.851014898510149,0.306869313068693,0.0814918508149185,0.924807519248075,0.335666433356664,0.902909709029097,0.356364363563644,0.948405159484052,0.438356164383562,0.386961303869613,0.870812918708129,0.594340565943406,0.977102289771023,0.195280471952805,0.401859814018598,0.268273172682732,0.854514548545146,0.855114488551145,0.677932206779322,0.809119088091191,0.0437956204379562,0.63043695630437,0.261973802619738,0.189281071892811,0.180681931806819,0.724127587241276,0.959104089591041,0.390760923907609,0.449455054494551,0.735426457354265
"SNP-32_1",0.756024397560244,0.0177982201779822,0.525347465253475,0.128387161283872,0.252474752524748,0.366063393660634,0.652134786521348,0.813818618138186,0.606839316068393,0.535146485351465,0.375462453754625,0.75032496750325,0.572342765723428,0.561743825617438,0.983301669833017,0.0907909209079092,0.141785821417858,0.972002799720028,0.455954404559544,0.211978802119788,0.82951704829517,0.596240375962404,0.934506549345065,0.634636536346365,0.612338766123388,0.552444755524448,0.956204379562044,0.4004599540046,0.337666233376662,0.976202379762024,0.906909309069093,0.258274172582742,0.959104089591041,0.884011598840116,0.212478752124788,0.508749125087491,0.835816418358164,0.268773122687731,0.903009699030097,0.38956104389561,0.819118088191181,0.912008799120088,0.112788721127887,0.867613238676132,0.631436856314369,0.385961403859614,0.425357464253575,0.532846715328467,0.623937606239376,0.303369663033697
"SNP-32_2",0.500849915008499,0.608639136086391,0.375062493750625,0.706529347065293,0.893110688931107,0.92020797920208,0.112888711128887,0.491650834916508,0.602839716028397,0.309069093090691,0.446755324467553,0.379362063793621,9.99900009999e-05,0.672632736726327,0.924607539246075,0.965203479652035,0.750924907509249,0.637336266373363,0.462753724627537,0.280871912808719,0.162883711628837,0.11048895110489,0.82041795820418,0.377762223777622,0.0917908209179082,0.390660933906609,0.762423757624238,0.465953404659534,0.565243475652435,0.406559344065593,0.551544845515448,0.789321067893211,0.577342265773423,0.0774922507749225,0.528247175282472,0.645535446455354,0.301169883011699,0.154484551544846,0.730726927307269,0.657134286571343,0.387961203879612,0.141185881411859,0.23967603239676,0.311168883111689,0.645635436456354,0.0248975102489751,0.992900709929007,0.0141985801419858,0.810918908109189,0.739526047395261
"SNP-33_1",0.854214578542146,0.606439356064394,0.451754824517548,0.763923607639236,0.368563143685631,0.374862513748625,0.16968303169683,0.411258874112589,0.782521747825217,0.678432156784322,0.161683831616838,0.455654434556544,0.533146685331467,0.792220777922208,0.735226477352265,0.661633836616338,0.170982901709829,0.676132386761324,0.432056794320568,0.77032296770323,0.600739926007399,0.83041695830417,0.0892910708929107,0.984501549845015,0.414258574142586,0.926007399260074,0.599240075992401,0.301869813018698,0.511648835116488,0.418358164183582,0.955104489551045,0.790820917908209,0.302269773022698,0.934206579342066,0.482051794820518,0.744125587441256,0.444055594440556,0.727227277272273,0.241775822417758,0.846015398460154,0.54974502549745,0.0574942505749425,0.923807619238076,0.75012498750125,0.346565343465653,0.481151884811519,0.0018998100189981,0.608139186081392,0.909309069093091,0.934906509349065
"SNP-33_2",0.451354864513549,0.131586841315868,0.517148285171483,0.316268373162684,0.42035796420358,0.45955404459554,0.311068893110689,0.314668533146685,0.72042795720428,0.14978502149785,0.0138986101389861,0.107189281071893,0.11028897110289,0.750724927507249,0.223377662233777,0.958904109589041,0.317368263173683,0.923207679232077,0.0115988401159884,0.615538446155384,0.231576842315768,0.5004499550045,0.218778122187781,0.0697930206979302,0.651634836516348,0.0143985601439856,0.222077792220778,0.333166683331667,0.0192980701929807,0.0651934806519348,0.697430256974303,0.973002699730027,0.152784721527847,0.487751224877512,0.651534846515348,0.228477152284772,0.667533246675332,0.743425657434257,0.0853914608539146,0.310968903109689,0.93950604939506,0.571842815718428,0.0347965203479652,0.691230876912309,0.0516948305169483,0.258274172582742,0.778222177782222,0.0692930706929307,0.97990200979902,0.241375862413759
"SNP-34_1",0.557644235576442,0.770922907709229,0.0136986301369863,0.27977202279772,0.157884211578842,0.688331166883312,0.755724427557244,0.291870812918708,0.145185481451855,0.487251274872513,0.270872912708729,0.0143985601439856,9.99900009999e-05,0.0301969803019698,0.541845815418458,0.207179282071793,0.35036496350365,0.268073192680732,0.220977902209779,0.0362963703629637,0.141785821417858,0.621837816218378,0.136386361363864,0.0107989201079892,0.664133586641336,0.0521947805219478,0.231676832316768,0.580841915808419,0.81961803819618,0.0440955904409559,0.831416858314169,0.0050994900509949,0.0784921507849215,0.11958804119588,0.327267273272673,0.17038296170383,0.699530046995301,0.213678632136786,0.348565143485651,0.313568643135686,0.571242875712429,0.5002499750025,0.406159384061594,0.449355064493551,0.181181881811819,0.46975302469753,0.671232876712329,0.517248275172483,0.861213878612139,0.317168283171683
"SNP-34_2",0.508549145085491,0.639236076392361,0.562943705629437,0.485851414858514,0.683831616838316,0.410858914108589,0.0524947505249475,0.401459854014599,0.581341865813419,0.608639136086391,0.385261473852615,0.0641935806419358,0.0912908709129087,0.770722927707229,0.697830216978302,0.549345065493451,0.227777222277772,0.0882911708829117,0.164383561643836,0.469453054694531,0.214778522147785,0.420857914208579,0.788121187881212,0.0404959504049595,0.181281871812819,0.276672332766723,0.142785721427857,0.724327567243276,0.514648535146485,0.843515648435156,0.86051394860514,0.327567243275672,0.265973402659734,0.207079292070793,0.640535946405359,0.771322867713229,0.498050194980502,0.2997700229977,0.583441655834417,0.363163683631637,0.933506649335066,0.726027397260274,0.542545745425457,0.184281571842816,0.233576642335766,0.61963803619638,0.766123387661234,0.11978802119788,0.561143885611439,0.205579442055794
"SNP-35_1",0.826817318268173,0.173382661733827,0.762223777622238,0.137786221377862,0.405659434056594,0.271072892710729,0.405859414058594,0.688131186881312,0.0484951504849515,0.876912308769123,0.247975202479752,0.5003499650035,0.761623837616238,0.215478452154785,0.308369163083692,0.875612438756124,0.453854614538546,0.210978902109789,0.212178782121788,0.591840815918408,0.0644935506449355,0.128087191280872,0.473752624737526,0.810818918108189,0.091990800919908,0.0902909709029097,0.308769123087691,0.645135486451355,0.383161683831617,0.962003799620038,0.18958104189581,0.893710628937106,0.16008399160084,0.953404659534047,0.370762923707629,0.833316668333167,0.301469853014699,0.824917508249175,0.921107889211079,0.0316968303169683,0.458054194580542,0.261073892610739,0.882011798820118,0.757024297570243,0.338766123387661,0.808419158084192,0.445655434456554,0.209079092090791,0.0888911108889111,0.935906409359064
"SNP-35_2",0.726027397260274,0.815418458154185,0.646935306469353,0.0118988101189881,0.751724827517248,0.0572942705729427,0.273072692730727,0.465053494650535,0.751024897510249,0.54974502549745,9.99900009999e-05,0.962803719628037,0.712928707129287,0.0112988701129887,0.896110388961104,0.0076992300769923,0.576142385761424,0.0110988901109889,0.887211278872113,0.692330766923308,0.113788621137886,0.951404859514049,0.927607239276072,9.99900009999e-05,0.774022597740226,0.971502849715029,0.843715628437156,0.7997200279972,0.328767123287671,0.588241175882412,0.97020297970203,0.624637536246375,0.792820717928207,0.410858914108589,0.13998600139986,0.541545845415458,0.111588841115888,0.462453754624538,0.129387061293871,0.589341065893411,0.341465853414659,0.935506449355064,0.432456754324568,0.99040095990401,0.935306469353065,0.665233476652335,0.834016598340166,0.522647735226477,0.827517248275172,0.59054094590541
"SNP-36_1",0.999500049995001,0.8004199580042,0.402559744025597,0.411758824117588,0.38976102389761,0.723727627237276,0.703929607039296,0.7997200279972,0.348465153484652,0.895410458954105,9.99900009999e-05,0.674032596740326,0.757624237576242,0.104889511048895,0.126187381261874,0.312468753124688,0.598340165983402,0.347265273472653,0.933606639336066,0.573742625737426,0.563343665633437,0.224277572242776,0.576142385761424,0.491250874912509,0.18028197180282,0.424957504249575,0.81031896810319,0.632136786321368,0.426857314268573,0.671932806719328,0.83951604839516,0.460553944605539,0.74012598740126,0.614738526147385,0.739526047395261,0.752224777522248,0.86971302869713,0.673332666733327,0.937806219378062,0.738426157384262,0.638636136386361,0.624437556244376,0.813918608139186,0.91040895910409,0.499050094990501,0.397560243975602,0.0915908409159084,0.0798920107989201,0.742425757424258,0.596240375962404
"SNP-36_2",0.632036796320368,0.366763323667633,0.464153584641536,0.588641135886411,0.310968903109689,0.668533146685331,0.885711428857114,0.234876512348765,0.266073392660734,0.999000099990001,0.491950804919508,0.235676432356764,0.24027597240276,0.424657534246575,0.586741325867413,0.470952904709529,0.0294970502949705,0.185581441855814,0.642035796420358,0.0690930906909309,0.393960603939606,0.596140385961404,0.772122787721228,0.390960903909609,0.797820217978202,0.772122787721228,0.77022297770223,0.464153584641536,0.912008799120088,0.52964703529647,0.174382561743826,0.0293970602939706,0.657134286571343,0.681931806819318,0.25017498250175,0.808819118088191,0.427457254274573,0.166783321667833,0.396760323967603,0.107889211078892,0.62973702629737,0.94000599940006,0.581141885811419,0.0744925507449255,0.336266373362664,0.218578142185781,0.198580141985801,0.815318468153185,0.127287271272873,0.618538146185381
"SNP-37_1",0.771722827717228,0.891410858914109,0.605439456054395,0.497550244975502,0.353864613538646,0.0077992200779922,0.865313468653135,0.501749825017498,0.877312268773123,0.184481551844816,0.593740625937406,0.605139486051395,0.323267673232677,0.188481151884812,0.141585841415858,0.387161283871613,0.201979802019798,0.883511648835116,0.481251874812519,0.693130686931307,0.148285171482852,0.736026397360264,0.36046395360464,0.613838616138386,0.981501849815019,0.939106089391061,0.845915408459154,0.221277872212779,0.643735626437356,0.829417058294171,0.333266673332667,0.586641335866413,0.63993600639936,0.598040195980402,0.831316868313169,0.167883211678832,0.440855914408559,0.383361663833617,0.722827717228277,0.658134186581342,0.634236576342366,0.316268373162684,0.665133486651335,0.98020197980202,0.0318968103189681,0.87961203879612,0.575242475752425,0.94960503949605,0.927807219278072,0.800519948005199
"SNP-37_2",0.34026597340266,0.440555944405559,0.293570642935706,0.521047895210479,0.406659334066593,0.571742825717428,0.865513448655134,0.390660933906609,0.377662233776622,0.917208279172083,0.720827917208279,0.0398960103989601,0.0396960303969603,0.34006599340066,0.291570842915708,0.873212678732127,0.137086291370863,0.227177282271773,0.417258274172583,0.492350764923508,0.294970502949705,0.983701629837016,0.161783821617838,0.678332166783322,0.398260173982602,0.987801219878012,0.610838916108389,0.357464253574643,0.43995600439956,0.658634136586341,0.795620437956204,0.265173482651735,0.18988101189881,0.366963303669633,0.786221377862214,0.0175982401759824,0.214778522147785,0.511348865113489,0.455154484551545,0.558944105589441,0.20997900209979,0.116788321167883,0.611738826117388,0.845515448455154,0.570942905709429,0.0374962503749625,0.194880511948805,0.0513948605139486,0.32026797320268,0.628437156284372
"SNP-38_1",0.355264473552645,0.361363863613639,0.417558244175582,0.194180581941806,0.80991900809919,0.375362463753625,0.283971602839716,0.977202279772023,0.0255974402559744,0.512748725127487,0.219178082191781,0.542745725427457,0.543145685431457,0.0540945905409459,0.626937306269373,0.14048595140486,0.163283671632837,0.447455254474553,0.801519848015198,0.218678132186781,0.251074892510749,0.145285471452855,0.926207379262074,0.41955804419558,0.729427057294271,0.34956504349565,0.24997500249975,0.262573742625737,0.637336266373363,0.17968203179682,0.628137186281372,0.105589441055894,0.276872312768723,0.484951504849515,0.532546745325467,0.319468053194681,0.848915108489151,0.213478652134787,0.950604939506049,0.897510248975102,0.344865513448655,0.22997700229977,0.816018398160184,0.651634836516348,0.861713828617138,9.99900009999e-05,0.303169683031697,0.0637936206379362,0.631836816318368,0.843515648435156
"SNP-38_2",0.535646435356464,0.19018098190181,0.531146885311469,0.792420757924208,0.854914508549145,0.565843415658434,0.675932406759324,0.56964303569643,0.364563543645635,0.768023197680232,0.873712628737126,0.52954704529547,0.701829817018298,0.647035296470353,0.454254574542546,0.8996100389961,0.344665533446655,0.323267673232677,0.474552544745525,0.683731626837316,0.0143985601439856,0.674432556744326,0.284671532846715,0.292270772922708,0.668833116688331,0.855914408559144,0.228177182281772,0.423257674232577,0.104089591040896,0.58994100589941,0.86961303869613,0.247575242475752,0.335866413358664,0.93970602939706,0.0181981801819818,0.94980501949805,0.0162983701629837,0.0044995500449955,0.611638836116388,0.696330366963304,0.691530846915308,0.583641635836416,0.573442655734427,0.49025097490251,0.314368563143686,0.358264173582642,0.636536346365363,0.716928307169283,0.446855314468553,0.216678332166783
"SNP-39_1",9.99900009999e-05,9.99900009999e-05,0.0270972902709729,0.965303469653035,0.8998100189981,0.652734726527347,0.534246575342466,0.0131986801319868,0.317168283171683,0.077992200779922,0.0382961703829617,0.0517948205179482,0.531346865313469,0.0818918108189181,9.99900009999e-05,0.207179282071793,0.906109389061094,0.241575842415758,0.245775422457754,0.52014798520148,0.163483651634837,0.291570842915708,0.977202279772023,0.0406959304069593,9.99900009999e-05,0.172882711728827,0.865813418658134,0.243675632436756,0.317768223177682,0.284371562843716,0.413858614138586,0.957104289571043,0.24977502249775,0.882511748825118,0.528347165283472,0.749025097490251,0.908709129087091,0.164483551644836,0.458854114588541,0.813618638136186,0.0735926407359264,0.0183981601839816,0.547045295470453,0.805519448055194,0.0343965603439656,0.678932106789321,0.435256474352565,0.0022997700229977,0.40955904409559,0.333166683331667
"SNP-39_2",0.673732626737326,0.937006299370063,0.540845915408459,0.782421757824218,0.846715328467153,0.98020197980202,0.33046695330467,0.619038096190381,0.413958604139586,0.213078692130787,0.403059694030597,0.801319868013199,0.560743925607439,0.242075792420758,0.786821317868213,0.708529147085291,0.598640135986401,0.511648835116488,0.883311668833117,0.462553744625537,0.474652534746525,0.895410458954105,0.63993600639936,0.812518748125187,0.373762623737626,0.601839816018398,0.298270172982702,0.794020597940206,0.227077292270773,0.997800219978002,0.291770822917708,0.401359864013599,0.0675932406759324,0.16038396160384,0.794220577942206,0.223877612238776,0.205879412058794,0.493550644935506,0.286071392860714,0.531946805319468,0.118788121187881,0.0048995100489951,0.291570842915708,0.227377262273773,0.267073292670733,0.478052194780522,0.558744125587441,0.18028197180282,0.673132686731327,0.0392960703929607
"SNP-40_1",0.472352764723528,0.226377362263774,0.216878312168783,0.977602239776022,0.612538746125388,0.650534946505349,0.902609739026097,0.611438856114389,0.816518348165183,0.0940905909409059,0.453654634536546,0.222677732226777,0.931906809319068,0.97980201979802,0.955104489551045,0.515748425157484,0.410558944105589,0.657534246575342,0.831816818318168,0.178882111788821,0.958404159584042,0.866913308669133,0.273372662733727,0.607439256074393,0.996900309969003,0.957504249575043,0.268673132686731,0.831916808319168,0.874412558744126,0.413058694130587,0.0536946305369463,0.338666133386661,0.135386461353865,0.226977302269773,0.0954904509549045,0.881711828817118,0.406159384061594,0.476852314768523,0.102289771022898,0.916808319168083,0.64983501649835,0.632236776322368,0.903409659034097,0.892010798920108,0.914208579142086,0.576642335766423,0.0206979302069793,0.820917908209179,0.995200479952005,0.830816918308169
"SNP-40_2",0.931206879312069,0.0264973502649735,0.572142785721428,0.757624237576242,0.517848215178482,0.559244075592441,0.781421857814219,0.603339666033397,0.935206479352065,0.865913408659134,0.826117388261174,0.6996300369963,0.768823117688231,0.0673932606739326,0.744925507449255,0.0457954204579542,0.89051094890511,0.934506549345065,0.828917108289171,0.186881311868813,0.764523547645235,0.281871812818718,0.436756324367563,0.796220377962204,0.936106389361064,0.114588541145885,0.601239876012399,0.386761323867613,0.0741925807419258,0.202979702029797,0.554544545545445,0.988501149885011,0.336866313368663,0.512548745125487,0.433556644335566,0.693130686931307,0.911708829117088,0.474352564743526,0.58054194580542,0.66973302669733,0.0098990100989901,0.0264973502649735,0.968203179682032,0.937606239376062,0.373662633736626,0.942505749425057,0.995200479952005,0.934706529347065,0.278572142785721,0.986301369863014
"SNP-41_1",0.936406359364064,0.876612338766123,0.284871512848715,0.910608939106089,0.641935806419358,0.704629537046295,0.40955904409559,0.684331566843316,0.79012098790121,0.907609239076092,0.86041395860414,0.293070692930707,0.339066093390661,0.962303769623038,0.848915108489151,0.374962503749625,0.965003499650035,0.741325867413259,0.316468353164684,0.349265073492651,0.161283871612839,0.266873312668733,0.694130586941306,0.96000399960004,0.228577142285771,0.703629637036296,0.232976702329767,0.17998200179982,0.493550644935506,0.587841215878412,0.188581141885811,0.485251474852515,0.514848515148485,0.67993200679932,0.642735726427357,0.815218478152185,0.182981701829817,0.556844315568443,0.781721827817218,0.997600239976002,0.405959404059594,0.519248075192481,0.392560743925607,0.820817918208179,0.896910308969103,0.608939106089391,0.107889211078892,0.962403759624038,0.566143385661434,0.592040795920408
"SNP-41_2",0.811218878112189,0.970502949705029,0.901009899010099,0.134286571342866,0.631036896310369,0.673332666733327,0.705729427057294,0.251474852514749,0.577842215778422,0.296370362963704,0.380561943805619,0.66003399660034,0.406059394060594,0.107889211078892,0.0042995700429957,0.47965203479652,0.174882511748825,0.940905909409059,0.75012498750125,0.126887311268873,0.840815918408159,0.664833516648335,0.96030396960304,0.501049895010499,0.884811518848115,0.627437256274373,0.107589241075892,0.314368563143686,0.388161183881612,0.0651934806519348,0.834516548345166,0.916108389161084,0.294970502949705,0.839216078392161,0.649035096490351,0.834716528347165,0.775122487751225,0.0044995500449955,0.473852614738526,0.175782421757824,0.825417458254175,0.162183781621838,0.405459454054595,0.841215878412159,0.563443655634437,0.698430156984302,0.628337166283372,0.294270572942706,0.813218678132187,0.725827417258274
"SNP-42_1",0.27997200279972,0.271172882711729,0.380661933806619,0.768423157684232,0.291770822917708,0.146285371462854,0.696830316968303,0.224977502249775,0.691430856914309,0.533046695330467,0.457654234576542,0.436356364363564,0.478652134786521,0.304569543045695,0.414258574142586,0.259374062593741,0.257274272572743,0.622237776222378,0.373962603739626,0.648935106489351,0.77002299770023,0.861613838616138,0.058994100589941,0.557244275572443,0.492150784921508,0.594140585941406,0.802019798020198,0.330766923307669,0.384361563843616,0.273672632736726,0.254674532546745,0.548745125487451,0.458254174582542,0.802319768023198,0.625937406259374,0.693630636936306,0.183881611838816,0.462053794620538,0.0266973302669733,0.6004399560044,0.691730826917308,0.201279872012799,0.603039696030397,0.789021097890211,0.94000599940006,0.581841815818418,0.824617538246175,0.636136386361364,0.37996200379962,0.87031296870313
"SNP-42_2",0.227977202279772,0.758524147585241,0.371162883711629,0.337366263373663,0.222977702229777,0.348065193480652,0.109289071092891,0.551244875512449,0.797320267973203,0.711228877112289,0.842915708429157,0.366763323667633,0.383961603839616,0.8003199680032,0.156184381561844,0.188781121887811,0.355964403559644,0.825717428257174,0.18038196180382,0.687731226877312,0.536746325367463,0.767923207679232,0.771922807719228,0.984901509849015,0.231076892310769,0.558344165583442,0.273772622737726,0.337966203379662,0.398260173982602,0.190980901909809,0.366863313668633,0.167283271672833,0.797520247975202,0.396060393960604,0.992800719928007,0.556644335566443,0.537946205379462,0.515648435156484,0.471852814718528,0.129487051294871,0.394660533946605,0.151184881511849,0.756224377562244,0.894110588941106,0.103089691030897,0.291470852914709,0.88981101889811,0.878512148785122,0.938706129387061,0.225077492250775
"SNP-43_1",0.936106389361064,0.553344665533447,0.88031196880312,0.931006899310069,0.097990200979902,0.903209679032097,0.317268273172683,0.464453554644536,0.798820117988201,0.457754224577542,0.976902309769023,0.468453154684532,0.488051194880512,0.147285271472853,0.737926207379262,0.0155984401559844,0.55014498550145,0.652434756524348,0.715328467153285,0.139386061393861,0.353764623537646,0.993600639936006,0.487751224877512,0.736826317368263,0.251074892510749,0.959104089591041,0.492250774922508,0.343365663433657,0.607939206079392,0.905809419058094,0.657334266573343,0.964603539646035,0.432756724327567,0.510548945105489,0.423357664233577,0.461853814618538,0.959004099590041,0.352164783521648,0.955604439556044,0.903109689031097,0.629437056294371,0.860813918608139,0.997600239976002,0.168183181681832,0.495450454954505,0.226377362263774,0.32966703329667,0.707129287071293,0.73032696730327,0.295170482951705
"SNP-43_2",0.0533946605339466,0.218878112188781,0.590640935906409,0.497350264973503,0.0643935606439356,0.070992900709929,0.3999600039996,0.838416158384162,0.46995300469953,0.58964103589641,0.123887611238876,0.623037696230377,0.635436456354365,0.44025597440256,0.61043895610439,0.707129287071293,0.014998500149985,9.99900009999e-05,0.106489351064894,9.99900009999e-05,0.128687131286871,0.0541945805419458,0.0901909809019098,0.0667933206679332,0.234476552344766,0.0517948205179482,0.353464653534647,0.238676132386761,0.555144485551445,0.0544945505449455,0.3995600439956,9.99900009999e-05,0.240775922407759,0.750624937506249,0.463253674632537,9.99900009999e-05,0.590640935906409,0.546545345465453,0.37016298370163,0.713628637136286,0.421357864213579,0.210578942105789,0.258274172582742,0.168183181681832,0.72012798720128,0.0232976702329767,0.996700329967003,0.581641835816418,0.133886611338866,0.814018598140186
"SNP-44_1",9.99900009999e-05,9.99900009999e-05,9.99900009999e-05,0.011998800119988,9.99900009999e-05,9.99900009999e-05,9.99900009999e-05,9.99900009999e-05,0.144385561443856,0.330966903309669,9.99900009999e-05,9.99900009999e-05,9.99900009999e-05,0.0267973202679732,9.99900009999e-05,0.007999200079992,9.99900009999e-05,9.99900009999e-05,9.99900009999e-05,9.99900009999e-05,0.0331966803319668,9.99900009999e-05,0.0088991100889911,9.99900009999e-05,9.99900009999e-05,9.99900009999e-05,0.0345965403459654,9.99900009999e-05,9.99900009999e-05,9.99900009999e-05,0.0390960903909609,9.99900009999e-05,9.99900009999e-05,9.99900009999e-05,9.99900009999e-05,9.99900009999e-05,0.102489751024898,0.16008399160084,0.103489651034897,9.99900009999e-05,0.0034996500349965,9.99900009999e-05,0.0094990500949905,9.99900009999e-05,0.0018998100189981,0.524547545245475,0.316968303169683,0.297970202979702,0.537946205379462,0.0665933406659334
"SNP-44_2",0.925707429257074,0.415358464153585,0.356164383561644,0.671632836716328,9.99900009999e-05,9.99900009999e-05,0.674932506749325,0.987101289871013,0.298670132986701,0.252774722527747,0.207279272072793,0.604439556044396,0.0671932806719328,0.508349165083492,0.642235776422358,0.254974502549745,0.668033196680332,0.756824317568243,0.633436656334367,0.586341365863414,0.430656934306569,0.762723727627237,0.677932206779322,0.431856814318568,0.996300369963004,0.247175282471753,0.522047795220478,0.233476652334767,0.0658934106589341,0.746425357464254,0.879212078792121,0.171682831716828,0.83971602839716,0.312568743125687,0.823517648235176,0.0295970402959704,0.434856514348565,0.996600339966003,0.793120687931207,0.873512648735126,9.99900009999e-05,0.36996300369963,0.626837316268373,0.990700929907009,0.831316868313169,0.269473052694731,0.561743825617438,0.0663933606639336,0.42015798420158,0.568943105689431
"SNP-45_1",0.325067493250675,0.57954204579542,0.446655334466553,0.0116988301169883,9.99900009999e-05,9.99900009999e-05,0.241675832416758,0.0835916408359164,0.161183881611839,0.628137186281372,0.477952204779522,0.1995800419958,0.201079892010799,0.0578942105789421,0.583341665833417,0.148485151484852,0.0690930906909309,0.655234476552345,0.0507949205079492,0.709029097090291,0.605239476052395,0.864513548645136,0.0336966303369663,0.0858914108589141,0.161083891610839,0.0336966303369663,0.916508349165084,0.603739626037396,0.49045095490451,0.733726627337266,0.430656934306569,0.268073192680732,0.0703929607039296,0.452354764523548,0.586741325867413,0.581441855814419,0.0668933106689331,0.0582941705829417,0.0972902709729027,0.165583441655834,9.99900009999e-05,0.55954404559544,0.0274972502749725,0.0597940205979402,0.34966503349665,0.0415958404159584,0.713328667133287,0.0586941305869413,0.154884511548845,0.748425157484252
"SNP-45_2",0.41985801419858,0.438356164383562,0.0646935306469353,0.0950904909509049,0.533546645335466,0.572742725727427,0.796220377962204,0.491050894910509,0.787821217878212,0.673132686731327,0.451754824517548,0.480751924807519,0.0657934206579342,0.26997300269973,0.998700129987001,0.933206679332067,0.884611538846115,0.513748625137486,0.556944305569443,0.13038696130387,0.848015198480152,0.8004199580042,0.117888211178882,0.231076892310769,0.305069493050695,0.300769923007699,0.86951304869513,0.692430756924308,0.762323767623238,0.438256174382562,0.471652834716528,0.852614738526147,0.670532946705329,0.845215478452155,0.407059294070593,0.933106689331067,0.538146185381462,0.939206079392061,0.276272372762724,0.178882111788821,0.585441455854415,0.552744725527447,0.143385661433857,0.882611738826117,0.582341765823418,0.0102989701029897,0.064993500649935,0.226977302269773,0.218878112188781,0.0074992500749925
"SNP-46_1",0.460853914608539,0.205679432056794,0.286171382861714,0.66953304669533,0.925707429257074,0.948005199480052,0.387361263873613,0.984601539846015,0.514448555144486,0.738126187381262,0.572442755724428,0.989501049895011,0.937206279372063,0.32986701329867,0.339366063393661,0.76022397760224,0.631636836316368,0.113088691130887,0.5999400059994,0.480651934806519,0.848715128487151,0.0046995300469953,0.232476752324768,0.760723927607239,0.835416458354165,0.463253674632537,0.81021897810219,0.180881911808819,0.665733426657334,0.957704229577042,0.317768223177682,0.963103689631037,0.696230376962304,0.108489151084892,0.393560643935606,0.156384361563844,0.621737826217378,0.943405659434057,0.0728927107289271,0.800919908009199,0.663133686631337,0.974202579742026,0.828217178282172,0.705129487051295,0.682131786821318,0.534246575342466,0.153884611538846,0.372362763723628,0.780521947805219,0.455854414558544
"SNP-46_2",0.729027097290271,0.697530246975302,0.154984501549845,0.837216278372163,0.189081091890811,0.210878912108789,0.857914208579142,0.608939106089391,0.173982601739826,0.685231476852315,0.314968503149685,0.155884411558844,0.0145985401459854,0.15018498150185,0.0047995200479952,0.19048095190481,0.0151984801519848,0.55954404559544,0.605139486051395,0.602739726027397,0.776122387761224,0.314268573142686,0.552244775522448,0.126087391260874,0.248475152484752,0.835616438356164,0.229177082291771,0.0162983701629837,0.694430556944306,0.445455454454555,0.162083791620838,0.624537546245375,0.0637936206379362,0.510548945105489,0.32956704329567,0.172982701729827,0.0162983701629837,0.71022897710229,0.230776922307769,0.513648635136486,0.348265173482652,0.594140585941406,0.313168683131687,0.483151684831517,0.1997800219978,0.898310168983102,0.145185481451855,0.724927507249275,0.436856314368563,0.533446655334467
"SNP-47_1",0.916108389161084,0.0631936806319368,0.0967903209679032,0.307369263073693,0.62043795620438,0.997100289971003,0.987401259874013,0.0496950304969503,0.471152884711529,0.799220077992201,0.991900809919008,0.606539346065394,0.272672732726727,0.947405259474053,0.82011798820118,0.056994300569943,0.373362663733627,0.9001099890011,0.915808419158084,0.352364763523648,0.836416358364164,0.99020097990201,0.868413158684132,0.521347865213479,0.547545245475452,0.97960203979602,0.712828717128287,0.474152584741526,0.58034196580342,0.214578542145785,0.694930506949305,0.902009799020098,0.247775222477752,0.962803719628037,0.756924307569243,0.597740225977402,0.821217878212179,0.933006699330067,0.483151684831517,0.872712728727127,0.958704129587041,0.914108589141086,0.298970102989701,0.891210878912109,0.994000599940006,0.494050594940506,0.180681931806819,0.182381761823818,0.287471252874713,0.394760523947605
"SNP-47_2",0.917508249175082,0.921607839216078,0.743125687431257,0.646435356464354,0.986201379862014,0.562543745625437,0.597340265973403,0.500749925007499,0.642735726427357,0.431256874312569,0.721827817218278,0.769323067693231,0.484051594840516,0.493450654934507,0.349065093490651,0.882611738826117,0.0684931506849315,0.427957204279572,0.438956104389561,0.285971402859714,0.365663433656634,0.75972402759724,0.656734326567343,0.696130386961304,0.182981701829817,0.677032296770323,0.0413958604139586,0.494350564943506,0.631836816318368,0.181081891810819,0.236976302369763,0.908609139086091,0.775622437756224,0.78042195780422,0.618938106189381,0.683331666833317,0.831916808319168,0.816118388161184,0.854814518548145,0.933306669333067,0.913408659134087,0.737626237376262,0.753624637536246,0.0952904709529047,0.0896910308969103,0.125487451254875,0.312068793120688,0.0760923907609239,0.15028497150285,0.131486851314869
"SNP-48_1",0.152184781521848,0.212878712128787,0.617938206179382,0.461353864613539,0.835916408359164,0.434256574342566,0.448155184481552,0.69003099690031,0.502449755024498,0.72032796720328,0.303469653034697,0.228577142285771,0.433056694330567,0.232476752324768,0.308969103089691,0.791920807919208,0.0570942905709429,0.258274172582742,0.354264573542646,0.81961803819618,0.298170182981702,0.197080291970803,0.636236376362364,0.484351564843516,0.503149685031497,0.521047895210479,0.130586941305869,0.337466253374663,0.27997200279972,0.985001499850015,0.223477652234777,0.263573642635736,0.748625137486251,0.443255674432557,0.424857514248575,0.337666233376662,0.358264173582642,0.558244175582442,0.357964203579642,0.17008299170083,0.192480751924808,0.8001199880012,0.65023497650235,0.74022597740226,0.381761823817618,0.287471252874713,0.626437356264374,0.238276172382762,0.446355364463554,0.901209879012099
"SNP-48_2",0.465353464653535,0.977802219778022,0.457454254574543,0.763623637636236,0.377162283771623,0.408859114088591,0.355764423557644,0.937206279372063,0.442655734426557,0.816418358164184,0.64993500649935,0.972202779722028,0.0800919908009199,0.982701729827017,0.914208579142086,0.572942705729427,0.0437956204379562,0.788121187881212,0.537346265373463,0.36036396360364,0.0380961903809619,0.526647335266473,0.737026297370263,0.517148285171483,0.240675932406759,0.387661233876612,0.900809919008099,0.652234776522348,0.815018498150185,0.472452754724528,0.945205479452055,0.718628137186281,0.633336666333367,0.926607339266073,0.407159284071593,0.490950904909509,0.462453754624538,0.53004699530047,0.634536546345365,0.969103089691031,0.745225477452255,0.406159384061594,0.956304369563044,0.731126887311269,0.445455454454555,0.946305369463054,0.551244875512449,0.943005699430057,0.629237076292371,0.962503749625037
"SNP-49_1",0.383161683831617,0.436856314368563,0.688431156884312,0.410858914108589,0.73002699730027,0.778122187781222,0.651534846515348,0.986201379862014,0.658134186581342,0.333966603339666,0.683831616838316,0.68973102689731,0.0290970902909709,0.775522447755224,0.351464853514649,0.684131586841316,0.791420857914209,0.226877312268773,0.34006599340066,0.89031096890311,0.278672132786721,0.275972402759724,0.438056194380562,0.494150584941506,0.706129387061294,0.203079692030797,0.762623737626237,0.128487151284872,0.0203979602039796,0.115288471152885,0.399460053994601,0.920907909209079,0.946205379462054,0.79002099790021,0.815218478152185,0.64973502649735,0.895410458954105,0.948905109489051,0.712328767123288,0.137986201379862,0.205979402059794,0.676932306769323,0.189081091890811,0.0723927607239276,0.410558944105589,0.986201379862014,0.930606939306069,0.172682731726827,0.0371962803719628,0.488551144885511
"SNP-49_2",0.502449755024498,0.0627937206279372,0.725027497250275,0.447555244475552,0.373262673732627,0.528747125287471,0.648735126487351,0.435756424357564,0.102789721027897,0.044995500449955,0.263573642635736,0.729427057294271,0.0274972502749725,0.333266673332667,0.787321267873213,0.544045595440456,0.61993800619938,0.220777922207779,0.682431756824318,0.552944705529447,0.694830516948305,0.380761923807619,0.717828217178282,0.765523447655235,0.884111588841116,0.179082091790821,0.628837116288371,0.919308069193081,0.771022897710229,0.923807619238076,0.776022397760224,0.522747725227477,0.755324467553245,0.0981901809819018,0.346165383461654,0.145385461453855,0.641235876412359,0.326067393260674,0.897310268973103,0.741225877412259,0.866713328667133,0.368663133686631,0.0848915108489151,0.187181281871813,0.922307769223078,0.648835116488351,0.277272272772723,0.617638236176382,0.77042295770423,0.874112588741126
"SNP-50_1",0.311568843115688,0.335566443355664,0.858514148585142,0.558444155584442,0.0335966403359664,0.0370962903709629,0.0294970502949705,0.4999500049995,0.81951804819518,0.600939906009399,0.753924607539246,0.91980801919808,0.926907309269073,0.866013398660134,0.242275772422758,0.122987701229877,0.487551244875512,0.41985801419858,0.0510948905109489,0.0885911408859114,0.260573942605739,0.902909709029097,0.146085391460854,0.828417158284172,0.353264673532647,0.90990900909909,0.808819118088191,0.327867213278672,0.0192980701929807,0.248075192480752,0.746225377462254,0.843515648435156,0.584241575842416,0.19018098190181,0.71962803719628,0.0061993800619938,0.816418358164184,0.242675732426757,0.877012298770123,0.139286071392861,0.764023597640236,0.672432756724328,0.86031396860314,0.437356264373563,0.792720727927207,0.583141685831417,0.0941905809419058,0.40995900409959,0.311668833116688,0.391060893910609
"SNP-50_2",0.443755624437556,9.99900009999e-05,9.99900009999e-05,0.101489851014899,0.285071492850715,0.161083891610839,0.229177082291771,0.603839616038396,9.99900009999e-05,0.0063993600639936,0.04999500049995,9.99900009999e-05,9.99900009999e-05,0.224477552244776,0.176182381761824,0.406159384061594,0.0422957704229577,0.0407959204079592,0.0515948405159484,0.227577242275772,0.0230976902309769,0.180581941805819,0.296170382961704,0.0411958804119588,0.270972902709729,0.143485651434857,0.257974202579742,0.43955604439556,0.17978202179782,0.142385761423858,0.112488751124888,0.0192980701929807,0.313168683131687,0.413758624137586,0.222177782221778,0.783921607839216,9.99900009999e-05,0.35036496350365,0.122887711228877,0.72042795720428,0.124187581241876,0.0218978102189781,0.0785921407859214,0.598640135986401,0.625237476252375,0.0894910508949105,0.312568743125687,0.0996900309969003,0.74962503749625,0.695330466953305
"SNP-51_1",0.0072992700729927,0.143285671432857,9.99900009999e-05,9.99900009999e-05,0.503049695030497,0.35956404359564,0.458554144585541,0.903309669033097,0.948505149485051,0.183081691830817,0.482751724827517,0.626637336266373,9.99900009999e-05,0.103089691030897,0.895810418958104,0.412858714128587,9.99900009999e-05,0.0774922507749225,0.41985801419858,0.743925607439256,0.548145185481452,0.193080691930807,0.917808219178082,0.355164483551645,9.99900009999e-05,9.99900009999e-05,0.454554544545545,9.99900009999e-05,9.99900009999e-05,0.147285271472853,0.885911408859114,0.908009199080092,0.208279172082792,0.0322967703229677,0.281471852814719,0.0466953304669533,0.662233776622338,0.805119488051195,0.0503949605039496,0.983201679832017,0.158984101589841,0.576642335766423,0.706929307069293,9.99900009999e-05,0.454054594540546,0.924907509249075,0.813018698130187,0.921107889211079,0.980701929807019,0.346665333466653
"SNP-51_2",0.224077592240776,0.532246775322468,0.368163183681632,0.770822917708229,0.410758924107589,0.451354864513549,0.673232676732327,0.85011498850115,0.447855214478552,0.986201379862014,0.284871512848715,0.497950204979502,0.0972902709729027,0.208179182081792,0.243875612438756,0.397160283971603,0.538146185381462,0.543745625437456,0.246075392460754,0.277772222777722,0.448055194480552,0.195180481951805,0.197680231976802,0.932606739326067,0.681831816818318,0.565043495650435,0.372262773722628,0.34016598340166,0.525347465253475,0.191380861913809,9.99900009999e-05,0.622037796220378,0.0564943505649435,0.427257274272573,0.526647335266473,0.528447155284472,0.43025697430257,0.783321667833217,0.439156084391561,0.928407159284072,0.213578642135786,0.475452454754525,0.106089391060894,0.0852914708529147,0.61033896610339,0.343465653434657,0.879112088791121,0.976602339766023,0.677732226777322,0.203379662033797
"SNP-52_1",0.808319168083192,0.679332066793321,0.59044095590441,0.169383061693831,0.0271972802719728,0.0293970602939706,0.928007199280072,0.373362663733627,0.543445655434457,0.473152684731527,0.0517948205179482,0.283271672832717,0.638536146385361,0.807719228077192,0.44045595440456,0.124187581241876,0.213778622137786,0.403159684031597,0.28977102289771,0.764723527647235,0.220777922207779,0.577742225777422,0.254174582541746,0.0406959304069593,0.535846415358464,0.518148185181482,0.135786421357864,0.764423557644236,0.539246075392461,0.635436456354365,0.392860713928607,0.81011898810119,0.0847915208479152,0.625537446255374,0.351864813518648,0.0992900709929007,0.973802619738026,0.0881911808819118,0.0260973902609739,0.236876312368763,0.0557944205579442,0.63003699630037,0.266973302669733,0.753024697530247,0.784921507849215,0.0857914208579142,0.186081391860814,0.692730726927307,0.46995300469953,0.0384961503849615
"SNP-52_2",0.181681831816818,0.215178482151785,0.0860913908609139,0.221077892210779,0.269373062693731,0.294970502949705,0.677832216778322,0.223777622237776,0.165983401659834,0.47995200479952,0.303069693030697,0.205879412058794,0.905109489051095,0.108389161083892,0.392660733926607,0.186581341865813,0.299070092990701,0.677332266773323,0.259374062593741,0.777222277772223,0.17038296170383,0.709529047095291,0.933706629337066,0.252074792520748,0.161983801619838,0.182381761823818,0.0564943505649435,0.473352664733527,0.294870512948705,0.155284471552845,0.616538346165383,0.624837516248375,0.362663733626637,0.282471752824718,0.165183481651835,0.671532846715328,0.342965703429657,0.254574542545745,0.83971602839716,0.0704929507049295,0.021997800219978,0.227677232276772,0.47015298470153,0.261073892610739,0.519248075192481,0.403759624037596,0.592040795920408,0.373262673732627,0.6000399960004,0.467353264673533
"SNP-53_1",0.0713928607139286,0.5996400359964,0.403559644035596,0.297170282971703,0.781821817818218,0.7001299870013,0.354664533546645,9.99900009999e-05,0.250674932506749,0.375262473752625,0.220877912208779,0.128687131286871,0.130786921307869,0.144485551444856,0.748025197480252,0.856314368563144,0.0698930106989301,0.332566743325667,0.6998300169983,0.733026697330267,9.99900009999e-05,0.241775822417758,0.0896910308969103,0.211578842115788,0.785321467853215,0.0705929407059294,0.39046095390461,0.868013198680132,0.588641135886411,0.614838516148385,0.867813218678132,0.653634636536346,0.0774922507749225,0.126387361263874,0.11968803119688,0.18018198180182,0.294570542945705,0.413158684131587,0.237576242375762,9.99900009999e-05,0.222477752224778,0.0448955104489551,0.886611338866113,0.436356364363564,0.11048895110489,0.13988601139886,0.645235476452355,0.255174482551745,0.398860113988601,0.253374662533747
"SNP-53_2",0.906909309069093,0.355964403559644,0.995200479952005,0.473252674732527,0.15988401159884,0.176382361763824,0.937806219378062,0.896710328967103,0.890610938906109,0.714428557144286,0.478752124787521,0.895410458954105,0.235776422357764,0.983101689831017,0.803619638036196,0.511948805119488,0.665533446655334,0.232776722327767,0.484251574842516,0.581841815818418,0.820617938206179,0.622837716228377,0.399160083991601,0.622037796220378,0.946305369463054,0.715928407159284,0.35996400359964,0.175082491750825,0.828817118288171,0.664233576642336,0.269373062693731,0.448155184481552,0.421857814218578,0.332266773322668,0.277872212778722,0.440755924407559,0.508349165083492,0.558444155584442,0.285071492850715,0.985601439856014,0.215478452154785,0.677232276772323,0.898810118988101,0.699430056994301,0.82971702829717,0.972402759724028,0.634536546345365,0.636736326367363,0.817618238176182,0.253074692530747
"SNP-54_1",0.871312868713129,0.914408559144086,0.823117688231177,0.627637236276372,0.20957904209579,0.234076592340766,0.197880211978802,0.3000699930007,0.226877312268773,0.34996500349965,0.104689531046895,0.754824517548245,0.696230376962304,0.937106289371063,0.84971502849715,0.276872312768723,0.725427457254275,0.898610138986101,0.304369563043696,0.556544345565443,0.682531746825317,0.178382161783822,0.350864913508649,0.752424757524248,0.993500649935007,0.312968703129687,0.81011898810119,0.294770522947705,0.758924107589241,0.666133386661334,0.213878612138786,0.236076392360764,0.0371962803719628,0.446355364463554,0.833016698330167,0.77012298770123,0.82011798820118,0.218778122187781,0.375962403759624,0.832816718328167,0.0274972502749725,0.76982301769823,0.999800019998,0.856614338566143,0.55014498550145,0.993900609939006,0.135886411358864,0.622937706229377,0.996000399960004,0.383761623837616
"SNP-54_2",0.150684931506849,0.177082291770823,0.546445355464454,0.2996700329967,0.804619538046195,0.979202079792021,0.68963103689631,0.68963103689631,0.475352464753525,0.751424857514249,0.103389661033897,0.746125387461254,0.567643235676432,0.188381161883812,0.874612538746125,0.225777422257774,0.0157984201579842,0.212878712128787,0.0882911708829117,0.0987901209879012,0.288371162883712,0.527247275272473,0.73992600739926,0.547445255474453,0.256474352564744,0.148985101489851,0.0090990900909909,0.296270372962704,0.326667333266673,0.566543345665433,0.422157784221578,0.426957304269573,0.834016598340166,0.548145185481452,0.787621237876212,0.254374562543746,0.969203079692031,0.500749925007499,0.521347865213479,0.804319568043196,0.541245875412459,0.501749825017498,0.844415558444156,0.142685731426857,0.276572342765723,0.662133786621338,0.162583741625837,0.625737426257374,0.947105289471053,0.176882311768823
"SNP-55_1",0.575242475752425,0.289471052894711,0.171882811718828,0.0335966403359664,0.746625337466253,0.523847615238476,0.268473152684732,0.171382861713829,0.538846115388461,0.0475952404759524,0.307169283071693,0.171882811718828,0.609439056094391,0.91950804919508,0.43975602439756,0.652034796520348,0.698030196980302,0.458654134586541,0.779222077792221,0.354364563543646,0.449455054494551,0.909409059094091,0.313968603139686,0.868213178682132,0.966703329667033,0.726027397260274,0.322667733226677,0.244475552444756,0.0814918508149185,0.862513748625138,0.894810518948105,9.99900009999e-05,0.2001799820018,0.373662633736626,0.743125687431257,0.497050294970503,0.535846415358464,0.440555944405559,0.349465053494651,0.836216378362164,0.984301569843016,0.646535346465353,0.863913608639136,0.976802319768023,0.623937606239376,0.767123287671233,0.0474952504749525,0.231976802319768,0.477152284771523,0.878312168783122
"SNP-55_2",0.995800419958004,0.0551944805519448,0.817518248175182,0.452254774522548,0.613338666133387,0.352164783521648,0.0176982301769823,0.958804119588041,0.0481951804819518,0.870612938706129,0.494650534946505,0.818518148185181,0.900809919008099,0.824317568243176,0.945505449455055,0.349465053494651,0.0566943305669433,0.666833316668333,0.0311968803119688,0.0350964903509649,0.775622437756224,0.460753924607539,0.76992300769923,0.922507749225078,0.742325767423258,0.656634336566343,0.734826517348265,0.852414758524148,0.302469753024698,0.273572642735726,0.0940905909409059,0.252874712528747,0.836016398360164,0.998000199980002,0.163483651634837,0.923507649235076,0.541745825417458,0.895710428957104,0.798020197980202,0.573442655734427,0.0513948605139486,0.661933806619338,0.318468153184682,0.932006799320068,0.758624137586241,0.884011598840116,0.729127087291271,0.855214478552145,0.808519148085191,0.93970602939706
"SNP-56_1",0.888811118888111,0.881611838816118,0.772322767723228,0.981501849815019,0.968503149685031,0.187181281871813,0.955404459554045,0.553444655534447,0.714128587141286,0.352564743525647,0.198680131986801,0.414858514148585,0.208879112088791,0.947605239476052,0.341865813418658,0.190980901909809,0.809019098090191,0.299370062993701,0.476852314768523,0.557644235576442,0.445455454454555,0.293170682931707,0.66003399660034,0.865413458654135,0.880711928807119,0.248575142485751,0.958104189581042,0.414758524147585,0.230876912308769,0.481151884811519,0.231976802319768,0.655934406559344,0.244275572442756,0.65003499650035,0.451354864513549,0.838916108389161,0.394860513948605,0.924207579242076,0.592540745925408,0.171682831716828,0.345265473452655,0.866413358664134,0.938106189381062,0.0177982201779822,0.396960303969603,0.465753424657534,0.0697930206979302,0.307369263073693,0.711628837116288,0.502449755024498
"SNP-56_2",0.614938506149385,0.383061693830617,0.668733126687331,0.614438556144386,0.321767823217678,0.356664333566643,0.117788221177882,0.799220077992201,0.0317968203179682,0.148585141485851,0.814818518148185,0.66983301669833,0.956804319568043,0.796120387961204,0.512048795120488,0.0844915508449155,0.249075092490751,0.73032696730327,0.941205879412059,0.993400659934007,0.698630136986301,0.95970402959704,0.881211878812119,0.645635436456354,0.418358164183582,0.64033596640336,0.74002599740026,0.939106089391061,0.753424657534247,0.462253774622538,0.821817818218178,0.754524547545245,0.487551244875512,0.886311368863114,0.147185281471853,0.986001399860014,0.101289871012899,0.887511248875112,0.12038796120388,0.0606939306069393,0.896810318968103,0.277972202779722,0.785921407859214,0.426957304269573,0.927107289271073,0.95990400959904,0.567743225677432,0.162383761623838,0.67983201679832,0.216978302169783
"SNP-57_1",0.0780921907809219,0.0914908509149085,0.993000699930007,0.121187881211879,0.817118288171183,0.675432456754325,0.0367963203679632,0.968903109689031,0.588241175882412,0.684831516848315,0.765323467653235,0.14968503149685,0.867113288671133,0.0445955404459554,0.610738926107389,0.968503149685031,0.552944705529447,9.99900009999e-05,0.302369763023698,0.28047195280472,0.652334766523348,0.934506549345065,0.69033096690331,0.97990200979902,0.652334766523348,0.943005699430057,0.383461653834617,0.111688831116888,0.427957204279572,0.376362363763624,0.102689731026897,0.605539446055394,0.731526847315269,0.135086491350865,0.812618738126187,0.293070692930707,0.916108389161084,0.504049595040496,0.0962903709629037,0.977502249775023,0.326067393260674,0.0551944805519448,0.899310068993101,0.0205979402059794,0.741825817418258,0.122487751224878,0.411558844115588,0.869413058694131,0.988701129887011,0.896810318968103
"SNP-57_2",0.47045295470453,0.461053894610539,0.832316768323168,0.317068293170683,0.967003299670033,0.878812118788121,0.752624737526247,0.948505149485051,9.99900009999e-05,0.67013298670133,0.851114888511149,0.680831916808319,0.954104589541046,0.0400959904009599,0.993000699930007,0.973302669733027,0.39026097390261,0.896710328967103,0.611738826117388,0.672932706729327,0.433356664333567,0.0097990200979902,0.868113188681132,9.99900009999e-05,0.886611338866113,0.832416758324168,0.261073892610739,0.865713428657134,0.286171382861714,0.358364163583642,0.862913708629137,0.778322167783222,0.966003399660034,0.535746425357464,0.360963903609639,0.4004599540046,0.767123287671233,0.982101789821018,0.0687931206879312,0.484151584841516,0.142085791420858,0.958104189581042,0.617538246175382,0.674132586741326,0.305169483051695,0.396160383961604,0.46025397460254,0.463953604639536,0.873912608739126,0.827017298270173
"SNP-58_1",0.622837716228377,0.786421357864214,0.0630936906309369,0.385261473852615,0.525547445255474,0.571842815718428,0.361163883611639,0.826017398260174,0.178882111788821,0.43975602439756,0.105889411058894,0.745225477452255,0.111988801119888,0.980601939806019,0.963203679632037,0.293270672932707,0.177182281771823,0.531946805319468,0.521547845215478,0.574242575742426,0.75002499750025,0.292870712928707,0.487051294870513,0.0476952304769523,0.161383861613839,0.426457354264574,0.107689231076892,0.197380261973803,0.206279372062794,0.599140085991401,0.92030796920308,0.301269873012699,0.0660933906609339,0.268173182681732,0.807119288071193,0.362763723627637,0.626337366263374,0.70982901709829,0.502749725027497,0.361863813618638,0.218478152184782,0.0388961103889611,0.221977802219778,0.195480451954805,0.152384761523848,0.213178682131787,0.869213078692131,0.814818518148185,0.671132886711329,0.945205479452055
"SNP-58_2",0.380761923807619,0.164583541645835,0.839016098390161,0.164283571642836,0.0396960303969603,0.0446955304469553,0.613438656134387,0.0066993300669933,0.252074792520748,0.447755224477552,0.182781721827817,0.369163083691631,9.99900009999e-05,0.69033096690331,0.0048995100489951,0.226077392260774,0.12958704129587,0.2003799620038,0.0221977802219778,9.99900009999e-05,0.0050994900509949,0.369363063693631,0.275372462753725,9.99900009999e-05,0.15038496150385,0.375662433756624,0.426857314268573,0.3995600439956,0.151784821517848,0.573842615738426,0.464853514648535,0.0245975402459754,0.152084791520848,0.969303069693031,0.0643935606439356,0.335066493350665,0.252574742525747,0.0605939406059394,0.0673932606739326,0.215278472152785,0.335666433356664,0.322967703229677,0.0186981301869813,0.367963203679632,0.529447055294471,0.145685431456854,0.780721927807219,0.101789821017898,0.663633636636336,0.361863813618638
"SNP-59_1",0.126887311268873,0.610938906109389,0.126687331266873,0.20997900209979,0.295670432956704,0.214778522147785,0.36966303369663,0.373462653734627,0.126787321267873,0.234876512348765,0.23997600239976,0.856414358564144,0.257974202579742,0.26007399260074,0.440555944405559,0.930806919308069,0.0296970302969703,0.690930906909309,0.761923807619238,0.772922707729227,0.189281071892811,0.185081491850815,0.112288771122888,0.167083291670833,0.133186681331867,0.168983101689831,0.167083291670833,0.803919608039196,0.224077592240776,0.183881611838816,0.788421157884212,0.925307469253075,0.696230376962304,0.088991100889911,0.439156084391561,0.128587141285871,0.253674632536746,0.273372662733727,0.392060793920608,0.0473952604739526,0.965703429657034,0.0945905409459054,0.836816318368163,0.0932906709329067,0.0488951104889511,0.971602839716028,0.86021397860214,0.774922507749225,0.152684731526847,0.537046295370463
"SNP-59_2",0.441455854414559,0.76042395760424,0.0872912708729127,0.970902909709029,0.816118388161184,0.965503449655035,0.221677832216778,0.741425857414259,0.186981301869813,0.807219278072193,0.388761123887611,0.557044295570443,0.411458854114589,0.346865313468653,0.555744425557444,0.464453554644536,9.99900009999e-05,0.346765323467653,0.711528847115289,9.99900009999e-05,0.637436256374363,0.273472652734727,9.99900009999e-05,0.175182481751825,0.438256174382562,0.0213978602139786,0.852414758524148,0.918108189181082,0.104889511048895,0.521847815218478,0.308169183081692,0.287871212878712,0.486351364863514,0.368263173682632,0.744125587441256,0.493450654934507,0.312468753124688,0.890610938906109,0.0624937506249375,0.943105689431057,0.659034096590341,0.325767423257674,0.0622937706229377,0.127387261273873,0.945005499450055,0.755424457554245,0.577742225777422,0.561243875612439,0.441355864413559,0.651834816518348
"SNP-60_1",0.0600939906009399,0.133486651334867,0.236176382361764,0.0226977302269773,0.0453954604539546,0.0501949805019498,0.242875712428757,0.336966303369663,0.0484951504849515,0.864113588641136,0.615938406159384,0.098990100989901,0.35046495350465,0.537146285371463,0.0398960103989601,0.653034696530347,9.99900009999e-05,0.232076792320768,0.0317968203179682,9.99900009999e-05,0.278972102789721,9.99900009999e-05,0.0031996800319968,0.299170082991701,0.0614938506149385,0.0520947905209479,0.591340865913409,0.0780921907809219,0.071992800719928,0.19038096190381,0.721127887211279,0.405659434056594,0.297070292970703,0.203379662033797,0.448255174482552,0.0123987601239876,0.663433656634337,0.0250974902509749,0.013998600139986,0.475152484751525,0.0340965903409659,0.626437356264374,0.105989401059894,0.306569343065693,0.112888711128887,0.129387061293871,0.297970202979702,0.798220177982202,0.0072992700729927,0.679332066793321
"SNP-60_2",0.67973202679732,0.113888611138886,0.887511248875112,9.99900009999e-05,0.450954904509549,0.49025097490251,0.268373162683732,0.240775922407759,0.454054594540546,0.81961803819618,0.16968303169683,0.100989901009899,0.102189781021898,0.863813618638136,0.136386361363864,0.669133086691331,0.327967203279672,0.140985901409859,0.140685931406859,0.846015398460154,0.415858414158584,0.140885911408859,0.926107389261074,0.822517748225178,0.935006499350065,0.995700429957004,0.704529547045295,0.64963503649635,0.0732926707329267,0.823417658234177,0.748125187481252,0.826917308269173,0.104489551044896,0.519248075192481,0.211178882111789,0.798320167983202,0.516348365163484,0.572042795720428,0.444955504449555,0.489251074892511,0.571642835716428,0.706929307069293,0.521647835216478,0.393060693930607,0.02999700029997,0.0766923307669233,0.0608939106089391,0.39036096390361,0.982801719828017,0.918908109189081
"SNP-61_1",0.867313268673133,0.514948505149485,0.593040695930407,0.486751324867513,0.556244375562444,0.775222477752225,0.487151284871513,0.999900009999,0.742525747425257,0.530846915308469,0.212078792120788,0.82051794820518,0.951804819518048,0.68033196680332,0.465353464653535,0.38976102389761,0.76022397760224,0.744325567443256,0.486351364863514,0.696730326967303,0.455954404559544,0.441055894410559,0.534946505349465,0.0944905509449055,0.212078792120788,0.12018798120188,0.887211278872113,0.983701629837016,0.2999700029997,0.173782621737826,0.529147085291471,0.616238376162384,0.788921107889211,0.990600939906009,0.332566743325667,0.930906909309069,0.518948105189481,0.817418258174183,0.727227277272273,0.486451354864514,0.0592940705929407,0.687531246875312,0.952104789521048,0.0851914808519148,0.774422557744226,0.142785721427857,0.46965303469653,0.083991600839916,0.480551944805519,0.797420257974203
"SNP-61_2",9.99900009999e-05,0.767823217678232,0.271372862713729,0.0742925707429257,0.451054894510549,0.852314768523148,0.399260073992601,0.121787821217878,0.402659734026597,0.514748525147485,0.401259874012599,0.272572742725727,0.075992400759924,0.645535446455354,9.99900009999e-05,0.449355064493551,9.99900009999e-05,0.924907509249075,0.0803919608039196,0.434856514348565,0.252274772522748,0.324267573242676,0.496550344965503,0.221577842215778,0.0918908109189081,0.901209879012099,0.762723727627237,0.553244675532447,0.651134886511349,9.99900009999e-05,0.314968503149685,0.190880911908809,0.949305069493051,0.733726627337266,0.245975402459754,0.423457654234577,0.361563843615638,0.084991500849915,0.658934106589341,0.255174482551745,0.755024497550245,0.576842315768423,0.984501549845015,0.854014598540146,0.642335766423358,0.376262373762624,0.541545845415458,0.34996500349965,0.705629437056294,0.693530646935306
"SNP-62_1",9.99900009999e-05,0.320867913208679,0.313368663133687,0.461053894610539,0.231676832316768,0.253174682531747,0.0237976202379762,0.675732426757324,0.733326667333267,0.628837116288371,0.37976202379762,0.301469853014699,0.90990900909909,0.826117388261174,9.99900009999e-05,0.260573942605739,0.0147985201479852,0.265673432656734,0.38036196380362,0.623237676232377,0.724327567243276,0.473552644735526,0.215378462153785,0.398260173982602,0.492550744925507,0.944505549445055,0.0083991600839916,0.581041895810419,0.126987301269873,9.99900009999e-05,0.171982801719828,0.817818218178182,0.207679232076792,0.0852914708529147,0.634036596340366,0.122187781221878,0.193180681931807,0.55014498550145,0.855014498550145,0.787621237876212,0.490550944905509,0.0415958404159584,0.948705129487051,0.852214778522148,0.802019798020198,0.544145585441456,0.30986901309869,0.242775722427757,0.0427957204279572,0.699230076992301
"SNP-62_2",9.99900009999e-05,9.99900009999e-05,9.99900009999e-05,9.99900009999e-05,9.99900009999e-05,9.99900009999e-05,9.99900009999e-05,9.99900009999e-05,9.99900009999e-05,9.99900009999e-05,9.99900009999e-05,9.99900009999e-05,9.99900009999e-05,9.99900009999e-05,9.99900009999e-05,9.99900009999e-05,9.99900009999e-05,9.99900009999e-05,9.99900009999e-05,9.99900009999e-05,9.99900009999e-05,9.99900009999e-05,9.99900009999e-05,9.99900009999e-05,9.99900009999e-05,9.99900009999e-05,9.99900009999e-05,9.99900009999e-05,9.99900009999e-05,9.99900009999e-05,9.99900009999e-05,9.99900009999e-05,9.99900009999e-05,9.99900009999e-05,9.99900009999e-05,9.99900009999e-05,9.99900009999e-05,9.99900009999e-05,9.99900009999e-05,9.99900009999e-05,9.99900009999e-05,9.99900009999e-05,0.0033996600339966,9.99900009999e-05,0.000999900009999,9.99900009999e-05,0.0132986701329867,9.99900009999e-05,9.99900009999e-05,9.99900009999e-05
"SNP-63_1",9.99900009999e-05,9.99900009999e-05,9.99900009999e-05,9.99900009999e-05,0.0268973102689731,9.99900009999e-05,9.99900009999e-05,9.99900009999e-05,9.99900009999e-05,9.99900009999e-05,9.99900009999e-05,9.99900009999e-05,9.99900009999e-05,0.0693930606939306,9.99900009999e-05,9.99900009999e-05,9.99900009999e-05,9.99900009999e-05,9.99900009999e-05,9.99900009999e-05,9.99900009999e-05,9.99900009999e-05,0.0110988901109889,9.99900009999e-05,9.99900009999e-05,9.99900009999e-05,9.99900009999e-05,9.99900009999e-05,9.99900009999e-05,9.99900009999e-05,9.99900009999e-05,9.99900009999e-05,9.99900009999e-05,9.99900009999e-05,9.99900009999e-05,9.99900009999e-05,9.99900009999e-05,9.99900009999e-05,9.99900009999e-05,0.0024997500249975,9.99900009999e-05,9.99900009999e-05,9.99900009999e-05,9.99900009999e-05,9.99900009999e-05,9.99900009999e-05,0.371662833716628,9.99900009999e-05,0.000999900009999,9.99900009999e-05
"SNP-63_2",0.464953504649535,0.181481851814819,0.254074592540746,0.824717528247175,0.801119888011199,0.621737826217378,0.641635836416358,0.799220077992201,0.708629137086291,0.439156084391561,0.911308869113089,0.806219378062194,0.564343565643436,0.405159484051595,0.701729827017298,0.414558544145585,0.315568443155684,0.762423757624238,0.274272572742726,0.247975202479752,0.498850114988501,0.452554744525547,0.677832216778322,0.885311468853115,0.0274972502749725,0.0751924807519248,0.851414858514149,0.951404859514049,0.211778822117788,0.127687231276872,0.435656434356564,0.917508249175082,0.0836916308369163,0.848415158484152,0.520847915208479,0.121987801219878,0.622237776222378,0.704129587041296,0.686231376862314,0.406059394060594,0.796620337966203,0.107089291070893,0.327367263273673,0.87951204879512,0.808719128087191,0.007999200079992,0.922407759224078,0.0044995500449955,0.542645735426457,0.448555144485551
"SNP-64_1",0.645335466453355,0.754824517548245,0.32986701329867,0.970902909709029,0.0070992900709929,0.411658834116588,0.781821817818218,0.972102789721028,0.111388861113889,0.15958404159584,0.992300769923008,0.540945905409459,0.983501649835017,0.0721927807219278,0.66013398660134,0.972902709729027,0.340765923407659,0.956904309569043,0.605239476052395,0.0127987201279872,0.833316668333167,0.595340465953405,0.452054794520548,0.419158084191581,0.908309169083092,0.696630336966303,0.901509849015098,0.0080991900809919,0.363963603639636,0.630836916308369,0.462153784621538,0.744825517448255,0.592240775922408,0.419358064193581,0.660733926607339,0.548945105489451,0.705529447055295,0.664333566643336,0.467253274672533,0.755224477552245,0.984901509849015,0.553344665533447,0.776322367763224,0.818118188181182,0.316468353164684,0.788321167883212,0.313568643135686,0.134786521347865,0.0836916308369163,0.70992900709929
"SNP-64_2",0.125587441255874,0.263073692630737,9.99900009999e-05,9.99900009999e-05,0.164583541645835,0.268273172682732,0.486551344865513,0.305369463053695,0.155284471552845,0.216378362163784,0.0127987201279872,0.151384861513849,0.522747725227477,0.152184781521848,0.0844915508449155,0.007999200079992,9.99900009999e-05,0.238176182381762,0.402359764023598,0.0788921107889211,0.577442255774423,0.0134986501349865,0.292070792920708,0.236176382361764,0.613738626137386,0.107489251074893,0.302369763023698,0.537646235376462,0.153784621537846,0.105789421057894,0.138486151384862,0.50994900509949,0.336066393360664,9.99900009999e-05,0.412658734126587,0.23007699230077,0.626437356264374,0.491150884911509,0.0494950504949505,0.197080291970803,0.242375762423758,0.605539446055394,0.116188381161884,0.131186881311869,0.31986801319868,0.0657934206579342,0.994900509949005,9.99900009999e-05,0.586241375862414,0.471652834716528
"SNP-65_1",0.72022797720228,0.759124087591241,0.0524947505249475,0.0121987801219878,0.688931106889311,0.289471052894711,0.19028097190281,0.184381561843816,0.19038096190381,0.792120787921208,0.302469753024698,0.0647935206479352,0.066993300669933,0.525547445255474,0.452454754524548,0.0080991900809919,0.0705929407059294,0.306469353064694,0.197480251974803,0.335566443355664,0.767823217678232,0.829317068293171,0.933706629337066,0.587841215878412,0.203779622037796,0.540545945405459,0.897910208979102,0.486551344865513,0.130886911308869,0.824617538246175,0.824217578242176,0.532046795320468,0.0380961903809619,0.0327967203279672,0.634936506349365,0.0478952104789521,0.716228377162284,0.12958704129587,0.207079292070793,0.976402359764024,0.62043795620438,0.0225977402259774,0.205879412058794,0.964403559644036,0.0184981501849815,0.175582441755824,0.238576142385761,0.0044995500449955,0.844615538446155,0.121887811218878
"SNP-65_2",0.737026297370263,0.329367063293671,0.402959704029597,0.228377162283772,0.625437456254375,0.67033296670333,0.812318768123188,0.21047895210479,0.443155684431557,0.858814118588141,0.986501349865013,0.406659334066593,0.418258174182582,0.552944705529447,0.561543845615438,0.838616138386161,0.0548945105489451,0.425357464253575,0.557344265573443,0.817518248175182,0.807919208079192,0.5998400159984,0.885211478852115,0.038996100389961,0.685831416858314,0.712428757124288,0.618838116188381,0.656334366563344,0.375462453754625,0.735026497350265,0.205379462053795,0.540645935406459,0.637936206379362,0.989501049895011,0.180681931806819,0.504049595040496,0.634236576342366,0.148685131486851,0.280771922807719,0.597940205979402,0.472752724727527,0.456854314568543,0.120887911208879,0.167083291670833,0.781921807819218,0.641435856414359,0.129187081291871,0.637136286371363,0.113688631136886,0.528447155284472
"SNP-66_1",0.898710128987101,0.503949605039496,0.806119388061194,0.565543445655434,0.959504049595041,0.56954304569543,0.545945405459454,0.812318768123188,0.839116088391161,0.267273272672733,0.815418458154185,0.974702529747025,0.870712928707129,0.97960203979602,0.527147285271473,0.281071892810719,0.105489451054895,0.655034496550345,0.831516848315168,0.775122487751225,0.318468153184682,0.794120587941206,0.423357664233577,0.735526447355265,1,0.246275372462754,0.522347765223478,0.260673932606739,0.0722927707229277,0.471652834716528,0.15988401159884,0.539146085391461,0.919308069193081,0.667033296670333,0.524547545245475,0.801919808019198,0.501449855014499,0.68973102689731,0.187681231876812,0.61983801619838,0.686831316868313,0.743025697430257,0.967303269673033,0.484751524847515,0.374062593740626,0.378862113788621,0.754024597540246,0.81971802819718,0.451354864513549,0.884311568843116
"SNP-66_2",0.388261173882612,0.424757524247575,0.455354464553545,0.805919408059194,0.91050894910509,0.903109689031097,0.353564643535646,0.374262573742626,0.769423057694231,0.689231076892311,0.261073892610739,0.0755924407559244,0.886011398860114,0.73042695730427,0.277472252774723,0.837916208379162,0.936506349365063,0.393560643935606,0.320967903209679,0.373762623737626,0.536246375362464,0.899410058994101,0.108489151084892,0.0216978302169783,0.485751424857514,0.380661933806619,0.563443655634437,0.433556644335566,0.499250074992501,0.290670932906709,0.666533346665333,0.852014798520148,0.794220577942206,0.0123987601239876,0.275272472752725,0.847615238476152,0.710928907109289,0.587241275872413,0.380561943805619,0.618238176182382,0.864913508649135,0.522747725227477,0.106189381061894,0.213278672132787,0.242675732426757,0.444155584441556,0.513648635136486,0.264073592640736,0.281771822817718,0.893310668933107
"SNP-67_1",0.704229577042296,0.691130886911309,0.345965403459654,0.392360763923608,0.736326367363264,0.0563943605639436,0.21007899210079,0.236676332366763,0.328167183281672,0.472452754724528,0.61033896610339,0.0635936406359364,0.357164283571643,0.504349565043496,0.172482751724828,0.791920807919208,0.792520747925207,0.696130386961304,0.290970902909709,0.0372962703729627,0.180881911808819,0.502449755024498,0.0231976802319768,0.0508949105089491,0.240775922407759,0.475052494750525,0.118488151184882,0.436156384361564,0.747025297470253,0.426157384261574,0.651434856514349,0.126087391260874,0.292770722927707,0.0251974802519748,0.292570742925707,0.0364963503649635,0.209479052094791,0.343565643435656,0.612038796120388,0.101589841015898,0.725127487251275,0.564943505649435,0.21977802219778,0.133886611338866,0.0991900809919008,0.829117088291171,0.0524947505249475,0.22997700229977,0.653134686531347,0.742925707429257
"SNP-67_2",0.81991800819918,0.858914108589141,0.65983401659834,0.324667533246675,0.701129887011299,0.68013198680132,0.441855814418558,0.816918308169183,0.428957104289571,0.73022697730227,0.417358264173583,0.65963403659634,0.49015098490151,0.313468653134687,0.759224077592241,0.692630736926307,0.803719628037196,0.777722227777222,0.859114088591141,0.867613238676132,0.990700929907009,0.36986301369863,0.954104589541046,0.306569343065693,0.9005099490051,0.456654334566543,0.628937106289371,0.277672232776722,0.564843515648435,0.4003599640036,0.607539246075392,0.97990200979902,0.382661733826617,0.138686131386861,0.429057094290571,0.194580541945805,0.301169883011699,0.764523547645235,0.73012698730127,0.488851114888511,0.569343065693431,0.805619438056194,0.744625537446255,0.485851414858514,0.132486751324868,0.396860313968603,0.64953504649535,0.587341265873413,0.735826417358264,0.489251074892511
"SNP-68_1",0.111588841115888,0.48985101489851,0.0261973802619738,0.511148885111489,0.358664133586641,0.169283071692831,0.512248775122488,0.545345465453455,0.623337666233377,0.0986901309869013,0.554744525547445,0.774522547745225,0.491350864913509,0.121287871212879,0.421657834216578,0.677632236776322,0.46995300469953,0.226277372262774,0.454754524547545,0.48955104489551,0.893210678932107,0.933606639336066,0.882311768823118,0.786421357864214,0.197480251974803,0.53024697530247,0.320867913208679,0.423357664233577,0.676232376762324,0.432456754324568,0.185181481851815,0.716528347165283,0.645135486451355,0.245175482451755,0.518648135186481,0.548345165483452,0.861513848615138,0.86011398860114,0.892210778922108,0.838016198380162,0.193780621937806,0.565443455654435,0.26007399260074,0.930806919308069,0.37006299370063,0.263373662633737,0.795620437956204,0.698030196980302,0.847915208479152,0.202079792020798
"SNP-68_2",0.381461853814619,0.201879812018798,0.637636236376362,0.807119288071193,0.384061593840616,0.424157584241576,0.0730926907309269,0.797220277972203,0.187781221877812,0.147585241475852,0.665933406659334,0.647435256474353,0.658534146585341,0.427157284271573,0.4000599940006,0.367063293670633,0.518648135186481,0.902409759024098,0.36026397360264,0.264973502649735,0.0474952504749525,0.882811718828117,0.723827617238276,0.0940905909409059,0.513948605139486,0.453854614538546,0.86971302869713,0.833116688331167,0.173282671732827,0.971102889711029,0.082991700829917,0.862813718628137,0.460553944605539,0.0502949705029497,0.0590940905909409,0.961503849615039,0.912908709129087,0.666533346665333,0.157084291570843,0.722027797220278,0.883611638836116,0.30956904309569,0.96030396960304,0.382661733826617,0.713628637136286,0.61973802619738,0.0733926607339266,0.565243475652435,0.86011398860114,0.681731826817318
"SNP-69_1",0.742425757424258,0.698830116988301,0.174582541745825,0.0535946405359464,0.268573142685731,0.297770222977702,0.841115888411159,0.662133786621338,0.32046795320468,0.849315068493151,0.536546345365463,0.17968203179682,0.187781221877812,0.861513848615138,0.37026297370263,0.39016098390161,0.0698930106989301,0.475152484751525,0.793620637936206,0.0587941205879412,0.812218778122188,0.378462153784622,0.394360563943606,0.797620237976202,0.512448755124488,0.734226577342266,0.387561243875612,0.496550344965503,0.951104889511049,0.238876112388761,0.688931106889311,0.623137686231377,0.438056194380562,0.231076892310769,0.0904909509049095,0.324567543245675,0.337266273372663,0.344965503449655,0.527947205279472,0.224477552244776,0.171282871712829,0.0676932306769323,0.296470352964704,0.632236776322368,0.571642835716428,0.935006499350065,0.253974602539746,0.322967703229677,0.906909309069093,0.687531246875312
"SNP-69_2",0.0991900809919008,0.11978802119788,0.406559344065593,0.797320267973203,0.0963903609639036,0.479252074792521,0.562843715628437,0.706629337066293,0.92050794920508,0.388261173882612,0.804119588041196,0.636836316368363,0.0785921407859214,0.687731226877312,0.751024897510249,0.772822717728227,0.997700229977002,0.293170682931707,0.894110588941106,0.589241075892411,0.767123287671233,0.545945405459454,0.547045295470453,0.261073892610739,0.705229477052295,0.678232176782322,0.833416658334167,0.79012098790121,0.0971902809719028,0.391460853914609,0.343965603439656,0.732026797320268,0.205379462053795,0.662133786621338,0.556244375562444,0.844915508449155,0.42975702429757,0.568343165683432,0.194180581941806,0.263473652634737,0.943805619438056,0.77982201779822,0.481751824817518,0.725927407259274,0.155984401559844,0.024997500249975,0.911708829117088,0.0141985801419858,0.260973902609739,0.500549945005499
"SNP-70_1",0.58014198580142,0.75002499750025,0.403859614038596,9.99900009999e-05,0.462553744625537,0.506949305069493,0.482651734826517,0.94020597940206,0.600939906009399,0.126387361263874,0.0955904409559044,0.259374062593741,0.276672332766723,0.362863713628637,0.341365863413659,0.057994200579942,9.99900009999e-05,0.453554644535546,0.234976502349765,0.190580941905809,0.0365963403659634,0.693130686931307,0.0497950204979502,0.197680231976802,0.0564943505649435,0.0532946705329467,0.639436056394361,0.561943805619438,0.950904909509049,0.913808619138086,0.390760923907609,0.731126887311269,0.158984101589841,0.773422657734227,0.305569443055694,0.882911708829117,0.205879412058794,0.336266373362664,0.541745825417458,0.0186981301869813,0.174382561743826,0.0814918508149185,0.315068493150685,0.26017398260174,0.167283271672833,0.0398960103989601,0.971902809719028,0.457154284571543,0.463653634636536,0.193980601939806
"SNP-70_2",0.145185481451855,0.0175982401759824,0.924007599240076,0.93960603939606,0.964503549645035,0.244575542445755,0.813018698130187,0.501449855014499,0.876112388761124,0.13048695130487,0.449455054494551,0.335066493350665,0.0411958804119588,0.696530346965303,0.198480151984802,0.472952704729527,0.401459854014599,0.917508249175082,9.99900009999e-05,0.0247975202479752,0.719028097190281,0.817718228177182,0.134586541345865,0.11968803119688,0.739426057394261,0.222177782221778,0.502849715028497,0.303869613038696,0.705129487051295,0.174582541745825,0.64953504649535,0.16968303169683,0.479052094790521,0.28967103289671,0.616638336166383,0.398660133986601,0.605639436056394,0.816918308169183,0.298970102989701,0.592140785921408,0.84971502849715,0.767523247675233,0.916908309169083,0.376762323767623,0.317368263173683,0.920707929207079,0.885911408859114,0.36036396360364,0.257074292570743,0.842115788421158
"SNP-71_1",0.0216978302169783,0.37006299370063,0.0647935206479352,0.794320567943206,0.758824117588241,0.802919708029197,0.932106789321068,0.794420557944206,0.661533846615338,0.464853514648535,0.500949905009499,0.991400859914009,0.542745725427457,0.841315868413159,0.916008399160084,0.815818418158184,0.251574842515748,0.544745525447455,0.872312768723128,0.698430156984302,0.465053494650535,0.682731726827317,0.47035296470353,0.45045495450455,0.863713628637136,0.480751924807519,0.844515548445156,0.782121787821218,0.927407259274073,0.795620437956204,0.298070192980702,0.516248375162484,0.342565743425657,0.791020897910209,0.777422257774223,0.739126087391261,0.707229277072293,0.669233076692331,0.852914708529147,0.654534546545345,0.703729627037296,0.371562843715628,0.666933306669333,0.994400559944006,0.776622337766223,0.284371562843716,0.698030196980302,0.547245275472453,0.676432356764324,0.734826517348265
"SNP-71_2",0.211078892110789,0.495450454954505,0.0282971702829717,0.693130686931307,0.436756324367563,0.0716928307169283,0.712928707129287,0.469453054694531,0.957604239576042,0.156984301569843,0.823517648235176,0.027997200279972,0.744425557444256,0.669233076692331,0.174782521747825,0.941305869413059,0.777322267773223,0.246575342465753,0.203979602039796,0.970602939706029,0.179282071792821,0.87051294870513,0.0961903809619038,0.0220977902209779,0.983301669833017,0.243775622437756,0.827617238276172,0.45975402459754,0.898010198980102,0.851114888511149,0.887211278872113,0.867813218678132,0.283671632836716,0.925507449255074,0.981201879812019,0.986501349865013,0.0107989201079892,0.724127587241276,0.247275272472753,0.768723127687231,0.9004099590041,0.945905409459054,0.523047695230477,0.305169483051695,0.824017598240176,0.672632736726327,0.784821517848215,0.230776922307769,0.376362363763624,0.563643635636436
"SNP-72_1",0.333166683331667,0.778122187781222,0.678332166783322,0.842515748425158,0.41995800419958,0.454454554544546,0.386661333866613,0.887011298870113,0.0926907309269073,0.299470052994701,0.611338866113389,0.121187881211879,0.124287571242876,0.521547845215478,0.774522547745225,0.294170582941706,0.464653534646535,0.577142285771423,0.664133586641336,0.743225677432257,0.873212678732127,0.908509149085092,0.422457754224578,0.418858114188581,0.870612938706129,0.721227877212279,0.482351764823518,0.152684731526847,0.0287971202879712,0.844415558444156,0.691830816918308,0.0634936506349365,0.157284271572843,0.706929307069293,0.882811718828117,0.378362163783622,0.0523947605239476,0.780521947805219,0.35986401359864,0.114088591140886,0.921507849215078,0.0427957204279572,0.937306269373063,0.655834416558344,0.233976602339766,0.195380461953805,0.303169683031697,0.118188181181882,0.785921407859214,0.902809719028097
"SNP-72_2",0.0074992500749925,9.99900009999e-05,9.99900009999e-05,0.275772422757724,0.157884211578842,9.99900009999e-05,9.99900009999e-05,0.0316968303169683,0.504049595040496,9.99900009999e-05,9.99900009999e-05,0.0137986201379862,0.0144985501449855,0.728827117288271,0.111688831116888,0.200979902009799,0.356664333566643,9.99900009999e-05,0.0488951104889511,9.99900009999e-05,0.241275872412759,0.0050994900509949,0.182081791820818,0.495450454954505,9.99900009999e-05,0.0336966303369663,0.0084991500849915,0.208279172082792,0.119488051194881,0.138186181381862,9.99900009999e-05,0.405759424057594,0.267773222677732,0.467553244675532,0.257974202579742,0.586741325867413,0.0747925207479252,0.0217978202179782,0.122087791220878,0.424257574242576,9.99900009999e-05,0.111388861113889,0.0845915408459154,9.99900009999e-05,0.488451154884512,0.0806919308069193,0.0375962403759624,0.162183781621838,0.34976502349765,0.584941505849415
"SNP-73_1",0.65023497650235,0.0766923307669233,0.748225177482252,0.438256174382562,0.638436156384362,0.458354164583542,0.901409859014099,0.533246675332467,0.926907309269073,0.223677632236776,0.342665733426657,0.67983201679832,0.591840815918408,0.357864213578642,0.171182881711829,0.94030596940306,0.530646935306469,0.205579442055794,0.878512148785122,0.991400859914009,0.178782121787821,0.25997400259974,0.465853414658534,0.67963203679632,0.514748525147485,0.802219778022198,0.362963703629637,0.262873712628737,0.662333766623338,0.0553944605539446,0.948805119488051,0.293670632936706,0.384961503849615,0.289371062893711,0.637336266373363,0.401059894010599,0.21007899210079,0.867513248675132,0.984601539846015,0.318968103189681,0.342965703429657,0.361963803619638,0.362063793620638,0.598340165983402,0.0384961503849615,0.827517248275172,0.92050794920508,0.381161883811619,0.792420757924208,0.765723427657234
"SNP-73_2",0.654234576542346,0.492950704929507,0.482851714828517,0.234476552344766,0.104489551044896,0.226477352264774,0.963403659634037,0.296870312968703,0.350564943505649,0.0848915108489151,0.204279572042796,0.486351364863514,0.157984201579842,0.804019598040196,0.379462053794621,0.283871612838716,0.786021397860214,0.318768123187681,0.705229477052295,0.407859214078592,0.62953704629537,0.955004499550045,0.292470752924708,0.315768423157684,0.592940705929407,0.0652934706529347,0.769123087691231,0.46015398460154,0.143885611438856,0.0942905709429057,0.495250474952505,0.590940905909409,0.666533346665333,0.172482751724828,0.215278472152785,0.24017598240176,0.472952704729527,0.0174982501749825,0.467953204679532,0.0244975502449755,0.782921707829217,0.522047795220478,0.753024697530247,0.152584741525847,0.19008099190081,0.466453354664534,0.236176382361764,0.755624437556244,0.897110288971103,0.597840215978402
"SNP-74_1",0.693930606939306,0.303169683031697,0.614438556144386,0.794420557944206,0.657534246575342,0.663033696630337,0.861813818618138,0.882911708829117,0.108589141085891,0.703329667033297,0.22957704229577,0.983401659834017,0.246075392460754,0.397960203979602,0.771522847715228,0.523747625237476,0.724427557244276,0.998600139986001,0.222577742225777,0.382461753824618,0.713228677132287,0.562443755624438,0.866713328667133,0.168283171682832,0.160983901609839,0.110888911108889,0.773122687731227,0.121587841215878,0.493050694930507,0.224977502249775,0.718928107189281,0.56984301569843,0.758024197580242,0.061993800619938,0.79022097790221,0.701829817018298,0.0757924207579242,0.15018498150185,0.125787421257874,0.576842315768423,0.780521947805219,0.34966503349665,0.0984901509849015,0.472552744725527,0.991000899910009,0.69033096690331,0.674132586741326,0.0206979302069793,0.116188381161884,0.106989301069893
"SNP-74_2",0.0846915308469153,0.648835116488351,0.141585841415858,0.0228977102289771,0.0932906709329067,0.100889911008899,0.331066893310669,0.606339366063394,0.98980101989801,0.410758924107589,0.680831916808319,9.99900009999e-05,9.99900009999e-05,0.11018898110189,0.445555444455554,0.184581541845815,0.0290970902909709,0.795620437956204,0.116688331166883,0.35986401359864,0.627137286271373,0.652334766523348,0.522747725227477,0.115588441155884,0.6005399460054,0.0477952204779522,0.716128387161284,0.856714328567143,0.86021397860214,0.155884411558844,0.0226977302269773,0.498850114988501,0.911608839116088,0.104889511048895,0.960603939606039,0.778122187781222,0.270572942705729,0.598540145985402,0.913808619138086,0.959504049595041,0.757224277572243,0.475452454754525,0.731826817318268,9.99900009999e-05,0.488051194880512,0.577642235776422,0.68953104689531,0.87021297870213,0.625237476252375,0.76962303769623
"SNP-75_1",0.51024897510249,0.526847315268473,0.673832616738326,0.996000399960004,0.983001699830017,0.396760323967603,0.566243375662434,0.164883511648835,0.0543945605439456,0.290770922907709,0.393460653934607,0.473652634736526,0.477252274772523,0.408959104089591,0.038996100389961,0.42985701429857,0.344065593440656,0.49025097490251,0.0597940205979402,0.0972902709729027,0.397760223977602,0.862113788621138,0.613038696130387,0.596340365963404,0.52004799520048,0.847215278472153,0.545245475452455,0.746625337466253,9.99900009999e-05,0.591040895910409,0.433356664333567,0.295770422957704,0.437456254374563,0.534046595340466,0.424557544245575,0.671532846715328,0.287871212878712,0.38046195380462,0.237076292370763,0.232076792320768,0.547945205479452,0.262773722627737,0.373362663733627,0.0935906409359064,0.241375862413759,0.0988901109889011,0.262773722627737,0.83031696830317,0.147485251474853,0.892510748925108
"SNP-75_2",0.0218978102189781,9.99900009999e-05,9.99900009999e-05,9.99900009999e-05,0.0644935506449355,0.0226977302269773,0.0642935706429357,0.0068993100689931,0.047995200479952,0.242475752424758,0.0142985701429857,0.133586641335866,0.215678432156784,0.0077992200779922,0.110988901109889,9.99900009999e-05,9.99900009999e-05,0.14008599140086,0.010998900109989,9.99900009999e-05,0.125087491250875,0.262573742625737,0.265673432656734,0.095990400959904,0.0076992300769923,0.0663933606639336,0.0347965203479652,0.0238976102389761,0.0103989601039896,0.136686331366863,0.426557344265573,0.0051994800519948,0.0156984301569843,9.99900009999e-05,0.0064993500649935,0.0183981601839816,0.052994700529947,0.0045995400459954,0.0584941505849415,0.0070992900709929,0.0035996400359964,0.154784521547845,0.0062993700629937,0.293970602939706,0.469253074692531,0.0733926607339266,0.920807919208079,9.99900009999e-05,0.013998600139986,0.16038396160384
"SNP-76_1",9.99900009999e-05,9.99900009999e-05,9.99900009999e-05,9.99900009999e-05,0.299370062993701,9.99900009999e-05,0.0063993600639936,0.030996900309969,0.680931906809319,0.883111688831117,9.99900009999e-05,9.99900009999e-05,0.301169883011699,0.343865613438656,0.0393960603939606,9.99900009999e-05,9.99900009999e-05,0.617838216178382,0.0873912608739126,9.99900009999e-05,0.149285071492851,9.99900009999e-05,0.227977202279772,0.182681731826817,9.99900009999e-05,9.99900009999e-05,0.186781321867813,0.0085991400859914,9.99900009999e-05,9.99900009999e-05,0.229277072292771,9.99900009999e-05,0.243375662433757,9.99900009999e-05,9.99900009999e-05,0.0240975902409759,9.99900009999e-05,0.0214978502149785,9.99900009999e-05,0.578242175782422,0.0134986501349865,0.476352364763524,0.336966303369663,0.108489151084892,0.0262973702629737,0.0507949205079492,0.832516748325168,9.99900009999e-05,0.050994900509949,0.327367263273673
"SNP-76_2",0.434956504349565,0.490950904909509,0.833116688331167,0.155184481551845,0.807919208079192,0.757024297570243,0.877712228777122,0.867413258674133,0.887911208879112,0.744425557444256,0.948705129487051,9.99900009999e-05,0.132986701329867,0.0483951604839516,0.55974402559744,0.965603439656034,0.190780921907809,0.453454654534547,0.735726427357264,0.353264673532647,0.878912108789121,0.957304269573043,0.805419458054195,0.117788221177882,0.974502549745025,0.61043895610439,0.565743425657434,0.747825217478252,0.733426657334267,0.403259674032597,0.548445155484452,0.261973802619738,0.131286871312869,0.448655134486551,0.933606639336066,0.578542145785422,0.761523847615239,0.743525647435257,0.0796920307969203,0.896610338966103,0.139486051394861,0.151884811518848,0.336466353364664,0.0462953704629537,0.979402059794021,0.466353364663534,0.921907809219078,0.318968103189681,0.761123887611239,0.643635636436356
"SNP-77_1",0.686131386861314,0.833216678332167,0.770522947705229,0.276972302769723,0.412158784121588,0.452454754524548,0.548545145485451,0.938206179382062,0.0425957404259574,0.753124687531247,0.311868813118688,9.99900009999e-05,0.749525047495251,0.856914308569143,0.517848215178482,0.886711328867113,0.998200179982002,0.637036296370363,0.714028597140286,0.714428557144286,0.384561543845615,0.493250674932507,0.472652734726527,0.917808219178082,0.683031696830317,0.195480451954805,0.564043595640436,0.687931206879312,0.960703929607039,0.709529047095291,0.418358164183582,0.917708229177082,0.978302169783022,0.360963903609639,0.58034196580342,0.723927607239276,0.936106389361064,0.517348265173483,0.887411258874113,0.337666233376662,0.567143285671433,0.874312568743126,0.0537946205379462,0.0525947405259474,0.778222177782222,0.673832616738326,0.287671232876712,0.254974502549745,0.54014598540146,0.407259274072593
"SNP-77_2",0.405259474052595,9.99900009999e-05,0.59014098590141,0.710628937106289,0.543045695430457,0.761923807619238,0.0996900309969003,0.388561143885611,0.394960503949605,0.391860813918608,9.99900009999e-05,0.327367263273673,0.281171882811719,0.808219178082192,0.29017098290171,0.121087891210879,0.27047295270473,9.99900009999e-05,0.535246475352465,0.182581741825817,0.817318268173183,9.99900009999e-05,0.281271872812719,0.824817518248175,0.362563743625637,0.55014498550145,0.833816618338166,0.318768123187681,0.40985901409859,0.376562343765623,0.245775422457754,0.713128687131287,0.781821817818218,0.594440555944406,0.66013398660134,0.532846715328467,0.4999500049995,0.776222377762224,0.963903609639036,0.453654634536546,0.155084491550845,0.439156084391561,0.172382761723828,9.99900009999e-05,0.901809819018098,0.512248775122488,0.188781121887811,0.424457554244576,0.588741125887411,0.411258874112589
"SNP-78_1",0.34016598340166,0.880911908809119,0.0268973102689731,0.17038296170383,0.106789321067893,0.0155984401559844,0.0561943805619438,0.142885711428857,0.764723527647235,0.708529147085291,0.186981301869813,0.0262973702629737,0.314168583141686,0.772922707729227,0.613238676132387,0.347265273472653,0.202179782021798,0.746025397460254,0.356764323567643,0.170982901709829,0.040995900409959,0.539146085391461,0.169083091690831,0.0211978802119788,0.0351964803519648,0.013998600139986,0.433556644335566,0.274072592740726,0.753824617538246,0.386861313868613,0.571942805719428,0.131486851314869,0.163283671632837,0.612138786121388,0.0543945605439456,0.0121987801219878,0.0567943205679432,0.0996900309969003,0.602139786021398,0.394560543945605,0.0550944905509449,0.112588741125887,0.0636936306369363,0.687931206879312,0.191280871912809,0.111188881111889,0.796020397960204,0.47045295470453,0.327167283271673,0.0816918308169183
"SNP-78_2",0.274072592740726,0.81031896810319,0.411158884111589,0.515848415158484,0.6998300169983,0.28957104289571,0.11988801119888,0.473452654734527,0.0253974602539746,0.923207679232077,0.95010498950105,0.414258574142586,0.163083691630837,0.412358764123588,0.924007599240076,0.65033496650335,0.685731426857314,0.194780521947805,0.943405659434057,0.418958104189581,0.818818118188181,0.475452454754525,0.125587441255874,0.985301469853015,0.364663533646635,0.513348665133487,0.956204379562044,0.541045895410459,0.717328267173283,0.0222977702229777,0.307469253074693,0.152484751524848,0.336566343365663,0.341665833416658,0.0237976202379762,0.454454554544546,0.21977802219778,0.887111288871113,0.241475852414759,0.483251674832517,0.111788821117888,0.667933206679332,0.27037296270373,0.551644835516448,0.544645535446455,0.001999800019998,0.602439756024398,0.365763423657634,0.635136486351365,0.368263173682632
"SNP-79_1",0.73022697730227,0.789321067893211,0.484251574842516,0.44015598440156,0.849015098490151,0.880711928807119,0.850814918508149,0.711628837116288,0.564143585641436,0.685831416858314,0.487151284871513,0.487351264873513,0.137886211378862,0.242775722427757,0.928007199280072,0.185581441855814,0.526547345265473,0.241075892410759,0.95000499950005,0.822317768223178,0.622137786221378,0.92040795920408,0.870912908709129,0.407159284071593,0.316468353164684,0.0402959704029597,0.2004799520048,0.862613738626137,0.391460853914609,0.953604639536046,0.486651334866513,0.92020797920208,0.32966703329667,0.104189581041896,0.703129687031297,0.148085191480852,0.667533246675332,0.585841415858414,0.936806319368063,0.865613438656134,0.891510848915108,0.205579442055794,0.611938806119388,0.177282271772823,0.821317868213179,0.872212778722128,0.758724127587241,0.361863813618638,0.702329767023298,0.50954904509549
"SNP-79_2",0.124587541245875,0.744025597440256,0.455454454554545,0.441855814418558,0.523647635236476,0.638836116388361,0.33026697330267,0.678032196780322,0.317968203179682,0.895310468953105,0.868013198680132,0.182181781821818,0.483051694830517,0.716928307169283,0.767323267673233,0.460553944605539,0.446955304469553,0.732426757324268,0.715128487151285,0.803519648035196,0.378862113788621,0.0566943305669433,0.0575942405759424,0.293770622937706,0.80971902809719,0.888611138886111,0.996200379962004,0.687631236876312,0.42035796420358,0.903509649035096,0.944405559444056,0.553944605539446,0.837516248375162,0.405759424057594,0.53964603539646,0.512348765123488,0.586141385861414,0.547745225477452,0.313968603139686,0.796520347965203,0.773122687731227,0.193880611938806,0.777222277772223,0.586441355864414,0.433056694330567,0.853614638536146,0.520647935206479,0.715428457154285,0.58994100589941,0.2999700029997
"SNP-80_1",0.628037196280372,0.286571342865713,0.0524947505249475,0.104089591040896,0.629437056294371,0.672332766723328,0.115488451154885,0.274972502749725,0.493450654934507,0.713628637136286,0.401159884011599,0.573842615738426,0.587841215878412,0.0786921307869213,0.68973102689731,0.0717928207179282,0.287571242875712,0.285171482851715,0.344365563443656,0.0243975602439756,0.182381761823818,0.296270372962704,0.0906909309069093,0.514448555144486,0.254074592540746,0.248775122487751,0.788421157884212,0.124287571242876,0.757724227577242,0.281771822817718,0.854914508549145,0.263873612638736,0.394660533946605,0.214178582141786,0.358364163583642,0.106989301069893,0.153684631536846,0.197880211978802,0.101589841015898,0.428557144285571,0.173882611738826,0.171482851714829,0.357764223577642,0.160583941605839,0.803619638036196,0.266273372662734,0.891610838916108,0.458154184581542,0.845515448455154,0.448055194480552
"SNP-80_2",0.177382261773823,0.745925407459254,0.825417458254175,0.806619338066193,0.461253874612539,0.846415358464154,0.22037796220378,0.466653334666533,0.447855214478552,0.694330566943306,0.986601339866013,0.490850914908509,0.941905809419058,0.150684931506849,0.851014898510149,0.618938106189381,0.457154284571543,0.678532146785321,0.603639636036396,0.0512948705129487,0.940805919408059,0.88031196880312,0.843215678432157,0.974102589741026,0.927807219278072,0.428357164283572,0.324167583241676,0.75012498750125,0.791420857914209,0.897310268973103,0.90980901909809,0.767823217678232,0.507549245075492,0.762523747625237,0.876612338766123,0.827717228277172,0.336766323367663,0.373562643735626,0.908509149085092,0.774722527747225,0.53994600539946,0.231776822317768,0.78032196780322,0.858014198580142,0.286471352864714,0.877012298770123,0.602339766023398,0.0866913308669133,0.446755324467553,0.66983301669833
"SNP-81_1",0.327067293270673,0.36976302369763,0.317868213178682,0.252474752524748,0.601039896010399,0.371362863713629,0.0608939106089391,0.749425057494251,0.194280571942806,0.462653734626537,0.937106289371063,0.320867913208679,0.32966703329667,0.199480051994801,0.657634236576342,0.0788921107889211,0.314868513148685,0.103189681031897,0.44025597440256,0.117888211178882,0.444255574442556,0.143985601439856,0.438156184381562,0.154584541545845,0.387661233876612,0.288471152884712,0.0324967503249675,0.0616938306169383,0.464053594640536,0.425557444255574,0.341765823417658,0.546845315468453,0.187481251874813,0.134886511348865,0.0780921907809219,0.0238976102389761,0.885911408859114,0.707729227077292,0.0952904709529047,0.131086891310869,0.0343965603439656,0.126987301269873,0.225277472252775,0.536346365363464,0.501849815018498,0.307769223077692,0.921007899210079,0.735326467353265,0.396460353964604,0.23967603239676
"SNP-81_2",0.523347665233477,0.566443355664434,0.722027797220278,0.661833816618338,0.715528447155285,0.759024097590241,0.45045495450455,0.867613238676132,0.0844915508449155,0.916008399160084,0.900909909009099,0.926807319268073,0.304569543045695,0.461453854614539,0.61953804619538,0.188281171882812,0.168483151684832,0.636236376362364,0.584641535846415,0.565443455654435,0.847915208479152,0.343465653434657,0.544545545445455,0.968703129687031,0.501249875012499,0.623037696230377,0.589041095890411,0.816118388161184,0.117888211178882,0.12008799120088,0.963403659634037,0.686131386861314,0.899410058994101,0.784221577842216,0.86951304869513,0.478452154784522,0.552244775522448,0.657234276572343,0.0842915708429157,0.417158284171583,0.366263373662634,0.505649435056494,0.928907109289071,0.737826217378262,0.748825117488251,0.492150784921508,0.121587841215878,0.321867813218678,0.441655834416558,0.152284771522848
"SNP-82_1",0.560943905609439,0.985601439856014,0.441055894410559,0.617538246175382,0.245075492450755,0.606839316068393,0.56954304569543,0.262273772622738,0.899110088991101,0.248675132486751,0.781821817818218,0.43975602439756,0.462553744625537,0.321267873212679,0.517548245175482,0.903509649035096,0.43025697430257,0.994600539946005,0.457654234576542,0.887011298870113,0.54034596540346,0.272272772722728,0.779422057794221,0.813118688131187,0.746225377462254,0.598040195980402,0.804319568043196,0.685431456854315,0.636836316368363,0.807019298070193,0.478252174782522,0.888811118888111,0.542445755424458,0.795620437956204,0.672832716728327,0.897410258974103,0.529347065293471,0.19008099190081,0.624637536246375,0.688331166883312,0.655534446555344,0.187981201879812,0.84031596840316,0.632436756324368,0.150784921507849,0.24987501249875,0.797420257974203,0.835016498350165,0.727327267273273,0.192580741925807
"SNP-82_2",0.0401959804019598,0.0320967903209679,9.99900009999e-05,0.081991800819918,0.693830616938306,0.095990400959904,0.0061993800619938,0.252874712528747,0.030996900309969,0.259374062593741,9.99900009999e-05,9.99900009999e-05,9.99900009999e-05,0.0224977502249775,0.20987901209879,9.99900009999e-05,0.367363263673633,0.0216978302169783,0.0600939906009399,0.242275772422758,0.24987501249875,0.457154284571543,0.0700929907009299,9.99900009999e-05,9.99900009999e-05,0.0276972302769723,0.0087991200879912,0.0944905509449055,0.0538946105389461,0.0483951604839516,0.154884511548845,0.0095990400959904,9.99900009999e-05,0.0042995700429957,0.26977302269773,0.0062993700629937,0.166683331666833,0.605039496050395,0.194280571942806,0.013998600139986,0.0422957704229577,9.99900009999e-05,0.0267973202679732,0.410658934106589,0.0678932106789321,0.591840815918408,0.293070692930707,9.99900009999e-05,0.311868813118688,9.99900009999e-05
"SNP-83_1",9.99900009999e-05,9.99900009999e-05,9.99900009999e-05,9.99900009999e-05,9.99900009999e-05,9.99900009999e-05,9.99900009999e-05,9.99900009999e-05,9.99900009999e-05,9.99900009999e-05,9.99900009999e-05,9.99900009999e-05,9.99900009999e-05,9.99900009999e-05,9.99900009999e-05,9.99900009999e-05,9.99900009999e-05,9.99900009999e-05,9.99900009999e-05,9.99900009999e-05,9.99900009999e-05,0.0098990100989901,9.99900009999e-05,9.99900009999e-05,9.99900009999e-05,9.99900009999e-05,9.99900009999e-05,9.99900009999e-05,9.99900009999e-05,0.0058994100589941,9.99900009999e-05,9.99900009999e-05,9.99900009999e-05,9.99900009999e-05,9.99900009999e-05,9.99900009999e-05,0.0054994500549945,9.99900009999e-05,9.99900009999e-05,0.761923807619238,9.99900009999e-05,9.99900009999e-05,9.99900009999e-05,0.0071992800719928,9.99900009999e-05,9.99900009999e-05,0.414758524147585,9.99900009999e-05,0.0794920507949205,9.99900009999e-05
"SNP-83_2",0.676432356764324,0.317968203179682,0.83991600839916,0.441855814418558,0.37026297370263,0.4001599840016,0.563043695630437,0.896110388961104,0.0137986201379862,0.450554944505549,0.568243175682432,0.502249775022498,0.405659434056594,0.161383861613839,0.538346165383462,0.425857414258574,0.0606939306069393,0.869013098690131,0.545145485451455,0.283971602839716,0.0852914708529147,0.46015398460154,0.394960503949605,0.56994300569943,0.384761523847615,0.388161183881612,0.395660433956604,0.417758224177582,0.163583641635836,0.766023397660234,0.27967203279672,0.157184281571843,0.394260573942606,0.399460053994601,0.533746625337466,0.521147885211479,0.467953204679532,0.794220577942206,0.318668133186681,0.326667333266673,0.153384661533847,0.284971502849715,0.420557944205579,0.706829317068293,0.92020797920208,0.254574542545745,0.756024397560244,0.727127287271273,0.343865613438656,0.785321467853215
"SNP-84_1",0.948105189481052,0.130986901309869,0.351464853514649,0.473752624737526,0.38996100389961,0.619338066193381,0.456154384561544,0.659234076592341,0.705929407059294,0.978802119788021,0.150984901509849,0.723927607239276,0.74042595740426,0.752424757524248,0.39006099390061,0.509449055094491,0.365463453654635,0.162983701629837,0.172182781721828,0.533146685331467,0.818018198180182,0.87991200879912,0.567943205679432,0.752024797520248,0.547945205479452,0.946305369463054,0.789421057894211,0.801319868013199,0.370962903709629,0.536846315368463,0.874312568743126,0.861213878612139,0.13018698130187,0.722527747225277,0.654634536546345,0.675032496750325,0.0805919408059194,0.713128687131287,0.537146285371463,0.388161183881612,0.0723927607239276,0.986401359864014,0.564543545645435,0.95010498950105,0.76002399760024,0.62033796620338,0.501149885011499,0.743425657434257,0.348765123487651,0.415858414158584
"SNP-84_2",0.873812618738126,0.911108889111089,0.868213178682132,0.27957204279572,0.299070092990701,0.166683331666833,0.203379662033797,0.632536746325367,0.573042695730427,0.620637936206379,0.310768923107689,0.661633836616338,0.726327367263274,0.573742625737426,0.745825417458254,0.203579642035796,0.417558244175582,0.258574142585741,0.326967303269673,0.53044695530447,0.532846715328467,0.167583241675832,0.461053894610539,0.0490950904909509,0.459454054594541,0.931006899310069,0.795020497950205,0.522447755224478,0.175982401759824,0.830816918308169,0.531146885311469,0.758824117588241,0.214778522147785,0.695030496950305,0.983401659834017,0.492250774922508,0.236876312368763,0.508649135086491,0.188081191880812,0.533146685331467,0.0773922607739226,0.449455054494551,0.622737726227377,0.406059394060594,0.537046295370463,0.571442855714429,0.261773822617738,0.159384061593841,0.366163383661634,0.572042795720428
"SNP-85_1",0.746325367463254,0.949105089491051,0.39026097390261,0.210878912108789,0.729427057294271,0.781821817818218,0.272172782721728,0.501349865013499,0.490550944905509,0.127487251274873,0.842015798420158,0.848815118488151,0.822917708229177,0.809419058094191,0.794020597940206,0.316368363163684,0.21977802219778,0.197880211978802,0.388461153884612,0.225077492250775,0.791320867913209,0.281471852814719,0.98000199980002,0.904109589041096,0.816618338166183,0.138486151384862,0.338866113388661,0.766323367663234,0.155884411558844,0.856114388561144,0.0734926507349265,0.295970402959704,0.931406859314069,0.0877912208779122,0.792220777922208,0.126487351264874,0.321267873212679,0.387361263873613,0.132486751324868,0.40955904409559,0.885011498850115,0.643035696430357,0.631836816318368,0.075992400759924,0.421257874212579,0.493550644935506,0.921407859214079,0.741525847415259,0.280971902809719,0.683731626837316
"SNP-85_2",0.818418158184182,0.493450654934507,0.949205079492051,0.141285871412859,0.385461453854615,0.568043195680432,0.256074392560744,0.426257374262574,0.498850114988501,0.554344565543446,0.761323867613239,0.375262473752625,0.387661233876612,0.453454654534547,0.735226477352265,0.766223377662234,0.177182281771823,0.57034296570343,0.679232076792321,0.147885211478852,0.801419858014199,0.798720127987201,0.0086991300869913,0.14998500149985,0.807819218078192,0.195780421957804,0.512548745125487,0.672132786721328,0.34996500349965,0.923607639236076,0.368863113688631,0.53034696530347,0.866413358664134,0.393460653934607,0.835216478352165,0.516548345165483,0.484251574842516,0.321867813218678,0.258074192580742,0.614138586141386,0.320967903209679,0.252574742525747,0.99020097990201,0.126687331266873,0.618738126187381,0.739226077392261,0.636936306369363,0.814618538146185,0.103789621037896,0.0850914908509149
"SNP-86_1",0.133786621337866,0.244775522447755,0.258774122587741,0.313468653134687,0.836916308369163,0.857014298570143,0.187481251874813,0.125787421257874,0.118788121187881,0.572342765723428,0.428857114288571,0.261473852614739,0.513048695130487,0.155384461553845,0.0895910408959104,0.576842315768423,0.105489451054895,0.522047795220478,0.308769123087691,0.197880211978802,0.0936906309369063,0.0534946505349465,0.438056194380562,0.0758924107589241,0.0487951204879512,0.349465053494651,0.461353864613539,0.0503949605039496,0.086991300869913,0.71042895710429,0.0224977502249775,0.241775822417758,0.731426857314269,0.347465253474653,0.416858314168583,0.729127087291271,0.384861513848615,0.271472852714729,0.0630936906309369,0.0821917808219178,0.748025197480252,0.546645335466453,0.0207979202079792,0.314568543145685,0.100889911008899,0.181181881811819,0.523947605239476,0.0400959904009599,0.847615238476152,0.471352864713529
"SNP-86_2",0.93030696930307,0.101089891010899,0.366363363663634,0.98960103989601,0.132686731326867,0.147485251474853,0.647435256474353,0.797420257974203,0.65023497650235,0.216378362163784,0.169083091690831,0.264073592640736,0.69043095690431,0.365363463653635,0.357164283571643,0.526447355264474,0.882011798820118,0.337366263373663,0.556344365563444,0.263973602639736,0.219278072192781,0.257674232576742,0.857014298570143,0.305569443055694,0.313968603139686,0.348865113488651,0.686231376862314,0.803319668033197,0.505549445055494,0.862513748625138,0.86981301869813,0.00999900009999,0.452854714528547,0.433156684331567,0.012998700129987,0.272472752724728,0.0752924707529247,0.583841615838416,0.420857914208579,0.838716128387161,0.982001799820018,0.901009899010099,0.792420757924208,0.826417358264174,0.780521947805219,0.546545345465453,0.708829117088291,0.269373062693731,0.306869313068693,0.815918408159184
"SNP-87_1",0.483451654834517,0.332566743325667,0.926707329267073,0.991500849915009,0.151284871512849,0.631236876312369,0.967103289671033,0.454154584541546,0.0373962603739626,0.0351964803519648,0.445855414458554,0.175982401759824,0.862213778622138,0.769323067693231,0.770622937706229,0.907709229077092,0.886211378862114,0.38996100389961,0.572742725727427,0.408259174082592,0.942605739426057,0.565143485651435,0.707029297070293,0.87971202879712,0.576842315768423,0.562043795620438,0.773522647735226,0.687831216878312,0.792320767923208,0.885111488851115,0.916908309169083,0.668833116688331,0.793720627937206,0.127587241275872,0.466253374662534,0.178882111788821,0.578142185781422,0.424657534246575,0.248475152484752,0.55994400559944,0.162983701629837,0.961103889611039,0.547845215478452,0.857314268573143,0.693830616938306,0.717628237176282,0.988201179882012,0.531846815318468,0.447555244475552,0.774422557744226
"SNP-87_2",0.462953704629537,0.997900209979002,0.537046295370463,0.614738526147385,0.455454454554545,0.495850414958504,0.281071892810719,0.912908709129087,0.967103289671033,0.614538546145386,0.080991900809919,0.681531846815318,0.557544245575442,0.306669333066693,0.447255274472553,0.504249575042496,0.635236476352365,0.547245275472453,0.418958104189581,0.981201879812019,0.512648735126487,0.357764223577642,0.594440555944406,0.886111388861114,0.173782621737826,0.693830616938306,0.998200179982002,0.598340165983402,0.678532146785321,0.51004899510049,0.68023197680232,0.383561643835616,0.612438756124388,0.0284971502849715,0.470552944705529,0.0412958704129587,0.0368963103689631,0.331766823317668,0.914108589141086,0.299070092990701,0.956104389561044,0.896710328967103,0.0771922807719228,0.721427857214279,0.158184181581842,0.618038196180382,0.125287471252875,0.212178782121788,0.637736226377362,0.771022897710229
"SNP-88_1",0.275572442755724,0.391160883911609,0.943105689431057,0.211678832116788,0.486751324867513,0.680831916808319,0.313268673132687,0.433756624337566,0.0614938506149385,0.261473852614739,0.898110188981102,0.526247375262474,0.50974902509749,0.188781121887811,0.960803919608039,0.9005099490051,0.142485751424858,0.76022397760224,0.637136286371363,0.120587941205879,0.0916908309169083,0.751724827517248,0.836216378362164,0.447155284471553,0.286971302869713,0.0716928307169283,0.122087791220878,0.791720827917208,0.653234676532347,0.91990800919908,0.157384261573843,0.531446855314469,0.451654834516548,0.255774422557744,0.228577142285771,0.0895910408959104,0.952904709529047,0.324367563243676,0.392360763923608,0.107789221077892,0.483751624837516,0.3002699730027,0.800819918008199,0.648235176482352,0.65043495650435,0.813818618138186,0.264773522647735,0.0700929907009299,0.820817918208179,0.776222377762224
"SNP-88_2",0.179482051794821,0.0936906309369063,0.0395960403959604,0.512748725127487,0.343565643435656,0.377762223777622,0.626537346265373,0.0727927207279272,0.496950304969503,9.99900009999e-05,0.209079092090791,0.0394960503949605,0.528947105289471,0.857914208579142,9.99900009999e-05,0.0832916708329167,0.603139686031397,0.538046195380462,0.708429157084292,0.440955904409559,0.793720627937206,0.835316468353165,0.56034396560344,0.467853214678532,0.181481851814819,0.0463953604639536,0.142485751424858,0.353864613538646,0.41965803419658,0.95020497950205,0.837316268373163,0.0147985201479852,0.828217178282172,0.906609339066093,0.937306269373063,0.971002899710029,0.547445255474453,0.0761923807619238,0.118888111188881,0.561943805619438,0.98960103989601,0.616438356164384,0.151184881511849,0.284771522847715,0.242875712428757,0.756424357564244,0.112088791120888,0.487051294870513,0.628037196280372,0.947805219478052
"CD46-1",0.683331666833317,0.699030096990301,0.984401559844016,0.426757324267573,9.99900009999e-05,0.741325867413259,0.741625837416258,0.933906609339066,0.0064993500649935,9.99900009999e-05,0.291170882911709,0.693830616938306,0.703829617038296,0.956904309569043,9.99900009999e-05,0.0516948305169483,0.0808919108089191,0.404159584041596,0.817918208179182,0.0368963103689631,0.743525647435257,0.801719828017198,0.851214878512149,0.247875212478752,0.694730526947305,0.654234576542346,0.0475952404759524,0.0242975702429757,0.587741225877412,0.858714128587141,0.995800419958004,0.378562143785621,0.656634336566343,0.692030796920308,0.511448855114489,0.826417358264174,0.817918208179182,0.851514848515148,0.980501949805019,0.993400659934007,0.915408459154085,0.344465553444656,0.551744825517448,0.97960203979602,0.913508649135086,0.21047895210479,0.222377762223778,0.606039396060394,0.735626437356264,0.982201779822018
"CD46-2",0.222577742225777,0.973902609739026,0.896410358964104,0.775522447755224,0.46035396460354,0.238476152384762,0.324067593240676,0.136186381361864,0.97970202979702,0.375062493750625,0.396960303969603,0.391960803919608,0.404559544045595,0.711028897110289,0.318768123187681,0.304169583041696,0.756124387561244,0.983801619838016,0.314668533146685,0.474552544745525,0.310668933106689,0.306769323067693,0.52954704529547,0.335166483351665,0.0938906109389061,0.357364263573643,0.585941405859414,0.260873912608739,0.432156784321568,0.18998100189981,0.201779822017798,0.52984701529847,0.259074092590741,0.696130386961304,0.734826517348265,0.479452054794521,0.465853414658534,0.928707129287071,0.877112288771123,0.684531546845315,0.4996500349965,0.160883911608839,0.5002499750025,0.408259174082592,0.528047195280472,0.363163683631637,0.733526647335267,0.236576342365763,0.767423257674233,0.916408359164084
"CD52-1",0.502049795020498,0.825917408259174,0.68003199680032,0.351364863513649,0.289271072892711,0.280571942805719,0.781221877812219,0.403759624037596,0.438556144385561,0.454854514548545,0.415658434156584,0.736626337366263,0.702129787021298,0.132986701329867,0.167583241675832,0.283471652834717,0.431756824317568,0.656634336566343,0.61973802619738,0.304969503049695,0.482551744825517,0.0096990300969903,0.816418358164184,0.547345265473453,0.427457254274573,0.693830616938306,0.40985901409859,0.313068693130687,0.114288571142886,0.939206079392061,0.106089391060894,0.0934906509349065,0.515848415158484,0.0783921607839216,0.237976202379762,0.613538646135386,0.394960503949605,0.461153884611539,0.632236776322368,0.674032596740326,0.218078192180782,0.729027097290271,0.126187381261874,0.184781521847815,0.446255374462554,0.553644635536446,0.0153984601539846,0.226277372262774,0.787021297870213,0.540545945405459
"CD52-2",0.112888711128887,9.99900009999e-05,9.99900009999e-05,9.99900009999e-05,0.107389261073893,9.99900009999e-05,0.549045095490451,0.136286371362864,9.99900009999e-05,0.212778722127787,9.99900009999e-05,9.99900009999e-05,9.99900009999e-05,0.0650934906509349,0.0987901209879012,0.123987601239876,9.99900009999e-05,9.99900009999e-05,0.226677332266773,9.99900009999e-05,0.318568143185681,9.99900009999e-05,9.99900009999e-05,9.99900009999e-05,9.99900009999e-05,0.0996900309969003,9.99900009999e-05,0.133786621337866,0.261173882611739,0.121187881211879,0.0254974502549745,0.464653534646535,9.99900009999e-05,9.99900009999e-05,0.0528947105289471,9.99900009999e-05,0.227677232276772,0.45955404459554,0.105789421057894,9.99900009999e-05,0.0255974402559744,9.99900009999e-05,0.178482151784822,0.24047595240476,0.11968803119688,0.587741225877412,9.99900009999e-05,0.0368963103689631,0.666933306669333,0.307569243075692
"HSPA8-1",0.0797920207979202,0.0936906309369063,0.0265973402659734,0.0756924307569243,0.046995300469953,0.0514948505149485,0.470552944705529,0.42995700429957,0.607039296070393,0.0746925307469253,0.0857914208579142,9.99900009999e-05,9.99900009999e-05,0.0432956704329567,0.432156784321568,0.872612738726127,0.32036796320368,0.114088591140886,0.115688431156884,0.024997500249975,0.2001799820018,9.99900009999e-05,0.0444955504449555,0.388661133886611,0.194780521947805,0.0774922507749225,0.275272472752725,0.197580241975802,0.12978702129787,0.508649135086491,0.661433856614339,0.78992100789921,0.425357464253575,0.29027097290271,0.0185981401859814,0.703429657034297,0.0163983601639836,0.550944905509449,0.215178482151785,9.99900009999e-05,0.0231976802319768,0.314568543145685,0.447155284471553,0.624937506249375,0.569443055694431,0.0903909609039096,0.233176682331767,0.111588841115888,0.466753324667533,0.0673932606739326
"HSPA8-2",0.255974402559744,0.438456154384562,0.727327267273273,0.441255874412559,0.377362263773623,0.411858814118588,0.573142685731427,0.559244075592441,0.453254674532547,0.756824317568243,0.413858614138586,0.0750924907509249,0.668933106689331,0.464653534646535,0.262773722627737,0.701329867013299,0.836616338366163,0.797520247975202,0.456954304569543,0.397360263973603,0.226477352264774,0.620737926207379,0.198880111988801,0.353064693530647,0.321167883211679,0.314668533146685,0.658834116588341,0.274372562743726,0.562343765623438,0.935606439356064,0.546845315468453,0.405259474052595,0.970502949705029,0.48035196480352,0.525547445255474,0.625237476252375,0.277372262773723,0.64993500649935,0.196880311968803,0.123587641235876,0.356064393560644,0.954704529547045,0.57034296570343,0.0036996300369963,0.805419458054195,0.559044095590441,0.633236676332367,0.397760223977602,0.160983901609839,0.662933706629337
"NMU-1",0.490550944905509,0.208579142085791,0.378962103789621,0.198180181981802,9.99900009999e-05,0.0840915908409159,0.142685731426857,0.152684731526847,0.0721927807219278,0.0346965303469653,0.523847615238476,0.14968503149685,0.323767623237676,0.753624637536246,0.0268973102689731,0.204579542045795,0.225677432256774,9.99900009999e-05,0.467953204679532,0.138586141385861,0.0282971702829717,0.384461553844616,0.0700929907009299,0.354164583541646,0.164783521647835,0.158884111588841,0.101889811018898,0.0435956404359564,0.246975302469753,0.361463853614639,0.655034496550345,0.131886811318868,0.61973802619738,0.498650134986501,0.493350664933507,0.413558644135586,0.15048495150485,0.106289371062894,0.433756624337566,0.0887911208879112,0.369263073692631,0.437556244375562,0.215878412158784,0.0871912808719128,0.0054994500549945,0.195480451954805,0.642635736426357,0.383661633836616,0.0946905309469053,0.0100989901009899
"NMU-2",0.0524947505249475,0.76962303769623,0.57974202579742,0.67043295670433,0.355164483551645,0.627937206279372,0.150784921507849,0.054994500549945,0.109489051094891,0.746625337466253,0.094990500949905,0.583941605839416,0.275272472752725,0.586741325867413,0.0345965403459654,0.0227977202279772,9.99900009999e-05,0.525047495250475,0.0782921707829217,0.0884911508849115,0.527047295270473,0.848815118488151,0.0230976902309769,0.697630236976302,0.020997900209979,0.0515948405159484,0.396960303969603,0.0556944305569443,0.754424557544246,0.567443255674433,0.53964603539646,0.450754924507549,0.373362663733627,0.625037496250375,0.0186981301869813,0.311568843115688,0.645335466453355,0.151684831516848,0.0198980101989801,0.0206979302069793,0.624037596240376,0.322567743225677,0.154284571542846,0.0927907209279072,0.320767923207679,0.46005399460054,0.0257974202579742,0.598840115988401,0.2003799620038,0.397460253974603
"PPIA-1",0.145785421457854,9.99900009999e-05,0.46005399460054,0.0227977202279772,0.0198980101989801,0.164083591640836,0.0954904509549045,0.464953504649535,0.070992900709929,0.172182781721828,9.99900009999e-05,0.449355064493551,9.99900009999e-05,0.0900909909009099,0.165283471652835,9.99900009999e-05,9.99900009999e-05,0.0314968503149685,9.99900009999e-05,0.0243975602439756,0.0946905309469053,0.0601939806019398,0.133786621337866,0.0407959204079592,0.0072992700729927,0.085991400859914,0.100989901009899,0.0515948405159484,0.264273572642736,0.203779622037796,0.103489651034897,0.0050994900509949,0.0648935106489351,0.0283971602839716,0.490750924907509,0.0408959104089591,0.0501949805019498,0.0296970302969703,0.219078092190781,0.371962803719628,9.99900009999e-05,0.246575342465753,0.219378062193781,0.0236976302369763,0.313168683131687,9.99900009999e-05,0.36966303369663,0.211678832116788,0.0193980601939806,9.99900009999e-05
"PPIA-2",0.812618738126187,0.755424457554245,0.126487351264874,0.376362363763624,0.785921407859214,0.828017198280172,0.96960303969603,0.213378662133787,0.971702829717028,0.680531946805319,0.44025597440256,0.129087091290871,0.954604539546045,0.291770822917708,0.847215278472153,0.140585941405859,0.45955404459554,0.18988101189881,9.99900009999e-05,0.245275472452755,0.575142485751425,0.836016398360164,0.715928407159284,0.388861113888611,0.986601339866013,0.315268473152685,0.867213278672133,0.538046195380462,0.827517248275172,0.740625937406259,0.500749925007499,0.431256874312569,0.0778922107789221,0.646635336466353,0.948205179482052,0.902009799020098,0.687131286871313,0.153884611538846,0.596740325967403,0.889111088891111,0.165983401659834,0.953004699530047,0.0186981301869813,0.350764923507649,0.147985201479852,0.877612238776122,0.5000499950005,0.745425457454255,0.203879612038796,0.981001899810019
"RPL22-1",0.637836216378362,0.840915908409159,0.354664533546645,0.34956504349565,0.22007799220078,0.355164483551645,0.13958604139586,0.34976502349765,0.513648635136486,0.474052594740526,0.0521947805219478,0.122887711228877,0.0544945505449455,0.70972902709729,0.488451154884512,0.308669133086691,0.0445955404459554,0.224677532246775,9.99900009999e-05,0.0908909109089091,0.500949905009499,0.0907909209079092,0.354564543545645,0.634636536346365,0.48045195480452,0.269073092690731,0.188181181881812,0.208979102089791,0.0390960903909609,0.559044095590441,0.304569543045695,0.511548845115488,0.233676632336766,0.0984901509849015,0.347165283471653,0.0710928907109289,0.152184781521848,0.434356564343566,0.184081591840816,0.798320167983202,0.248575142485751,0.132986701329867,0.499150084991501,0.195480451954805,0.606639336066393,0.536246375362464,0.747725227477252,0.132386761323868,0.195680431956804,0.595240475952405
"RPL22-2",0.756524347565243,0.423757624237576,0.881611838816118,0.86961303869613,0.45025497450255,0.493650634936506,0.573842615738426,0.85991400859914,0.0191980801919808,0.915508449155084,0.0752924707529247,0.0648935106489351,0.066993300669933,0.591340865913409,0.864813518648135,0.418158184181582,9.99900009999e-05,0.498350164983502,0.430756924307569,0.460853914608539,0.33036696330367,0.663133686631337,0.47995200479952,0.0314968503149685,0.392460753924608,0.312068793120688,0.54004599540046,0.0456954304569543,0.748125187481252,0.176882311768823,0.779022097790221,0.680631936806319,0.630836916308369,0.637736226377362,0.354464553544646,0.430656934306569,0.397860213978602,0.315468453154685,0.96000399960004,0.434256574342566,0.489451054894511,0.017998200179982,0.490550944905509,0.411458854114589,0.030996900309969,0.529147085291471,0.509349065093491,0.0033996600339966,0.354564543545645,0.164483551644836
"NTC-1",0.421557844215578,0.755524447555245,0.0642935706429357,0.728527147285271,0.287371262873713,0.314568543145685,0.562943705629437,0.178882111788821,0.533446655334467,0.165183481651835,0.504549545045495,0.642835716428357,0.903609639036096,0.0566943305669433,0.361063893610639,0.878812118788121,0.342365763423658,0.892110788921108,0.176882311768823,0.766723327667233,0.967903209679032,0.877312268773123,0.580941905809419,0.0502949705029497,0.824817518248175,0.182781721827817,0.839216078392161,0.806419358064194,0.533546645335466,0.0382961703829617,0.372662733726627,0.58034196580342,0.797220277972203,0.661933806619338,0.473052694730527,0.796420357964204,0.124587541245875,0.361963803619638,0.885311468853115,0.218378162183782,0.171582841715828,0.458554144585541,0.829317068293171,0.405159484051595,0.500949905009499,0.168583141685831,0.378862113788621,0.401259874012599,0.112088791120888,0.828217178282172
"NTC-2",0.578642135786421,0.323567643235676,0.0262973702629737,9.99900009999e-05,0.189381061893811,0.207679232076792,0.453954604539546,0.28007199280072,9.99900009999e-05,0.559244075592441,9.99900009999e-05,0.0266973302669733,0.386661333866613,0.114488551144886,0.442855714428557,9.99900009999e-05,0.0293970602939706,9.99900009999e-05,0.0315968403159684,0.592140785921408,0.155884411558844,0.931806819318068,0.256874312568743,0.127687231276872,0.293570642935706,0.723227677232277,0.0172982701729827,0.66013398660134,0.0196980301969803,0.391460853914609,0.0101989801019898,0.0551944805519448,0.847315268473153,0.56984301569843,0.0573942605739426,0.708929107089291,0.252474752524748,0.200879912008799,0.088991100889911,0.116788321167883,0.13048695130487,0.0046995300469953,0.278572142785721,0.663533646635336,0.809319068093191,0.594840515948405,0.822617738226177,0.937106289371063,0.724127587241276,0.308669133086691
"NTC-4",0.303769623037696,0.207479252074793,0.326367363263674,0.602439756024398,0.532846715328467,0.248475152484752,0.407659234076592,0.234276572342766,0.408559144085591,0.419158084191581,0.257074292570743,0.600639936006399,0.607439256074393,0.671132886711329,0.473052694730527,0.866813318668133,0.461753824617538,0.377662233776622,0.17978202179782,0.546445355464454,0.793220677932207,0.487451254874513,0.628237176282372,0.0400959904009599,0.300669933006699,0.265173482651735,0.922907709229077,0.301069893010699,0.127887211278872,0.194780521947805,0.725327467253275,0.527647235276472,0.486951304869513,0.959004099590041,0.502349765023498,0.6005399460054,0.458654134586541,0.168883111688831,0.154684531546845,0.152384761523848,0.203579642035796,0.513348665133487,0.526947305269473,0.661733826617338,0.356064393560644,0.758724127587241,0.533746625337466,0.463853614638536,0.36036396360364,0.120787921207879
"NTC-5",0.0840915908409159,0.611038896110389,0.867413258674133,0.126987301269873,0.238076192380762,0.267173282671733,0.81961803819618,0.807019298070193,0.74042595740426,0.496050394960504,0.334166583341666,0.692930706929307,0.802619738026197,0.0472952704729527,0.900909909009099,0.11018898110189,0.530646935306469,0.282471752824718,0.120587941205879,0.791020897910209,0.712828717128287,0.896110388961104,0.868313168683132,0.54024597540246,0.32956704329567,0.0821917808219178,0.37036296370363,0.874012598740126,0.0291970802919708,0.761223877612239,0.0493950604939506,0.535146485351465,0.604939506049395,0.585541445855414,0.369463053694631,0.727527247275273,0.902709729027097,0.514048595140486,0.504049595040496,0.687931206879312,0.299370062993701,0.425457454254575,0.523747625237476,0.143285671432857,0.335566443355664,0.793220677932207,0.957204279572043,0.843715628437156,0.833816618338166,0.698030196980302
"NTC-6",0.594440555944406,0.277972202779722,0.0146985301469853,0.471452854714529,0.627937206279372,0.674832516748325,0.604339566043396,0.323967603239676,0.948105189481052,0.719528047195281,0.594440555944406,0.889011098890111,0.485451454854515,0.998200179982002,0.0412958704129587,0.86051394860514,0.971502849715029,0.338066193380662,0.975502449755025,0.829217078292171,0.0441955804419558,0.984701529847015,0.743225677432257,0.087991200879912,0.341965803419658,0.56974302569743,0.467753224677532,0.617738226177382,0.795820417958204,0.0063993600639936,0.0500949905009499,0.251974802519748,0.684131586841316,0.269273072692731,0.551944805519448,0.365763423657634,0.33966603339666,0.857214278572143,0.564643535646435,0.273172682731727,0.213378662133787,0.904709529047095,0.751924807519248,0.777322267773223,0.642735726427357,0.278972102789721,0.855914408559144,0.121787821217878,0.935406459354065,0.523747625237476
"NTC-7",0.132686731326867,0.708329167083292,0.826717328267173,0.778822117788221,0.225477452254775,0.248775122487751,0.727327267273273,0.0731926807319268,0.612738726127387,0.60963903609639,0.27027297270273,0.801419858014199,0.810718928107189,0.474752524747525,0.534146585341466,0.145585441455854,0.521747825217478,0.567843215678432,0.190980901909809,0.647235276472353,0.307069293070693,0.237676232376762,0.626837316268373,0.32026797320268,0.347065293470653,0.646035396460354,0.39026097390261,0.745225477452255,0.323767623237676,0.938106189381062,0.323267673232677,0.141185881411859,0.387061293870613,0.465353464653535,0.0065993400659934,0.607939206079392,0.153184681531847,0.588141185881412,0.0071992800719928,0.0274972502749725,0.117488251174883,0.360563943605639,0.487251274872513,0.548245175482452,0.697830216978302,0.744925507449255,0.988801119888011,0.734526547345265,0.796220377962204,0.634336566343366
"NTC-8",0.392760723927607,0.300769923007699,0.0616938306169383,0.573742625737426,0.251974802519748,0.278472152784722,0.123387661233877,0.546245375462454,0.578442155784422,0.398760123987601,0.627837216278372,0.283471652834717,0.423557644235576,0.0473952604739526,0.557244275572443,0.151484851514849,0.0802919708029197,0.550944905509449,0.872912708729127,0.815818418158184,0.332266773322668,0.207179282071793,0.466853314668533,0.0487951204879512,0.142085791420858,0.746225377462254,0.213378662133787,0.499150084991501,0.676132386761324,0.117588241175882,0.397660233976602,0.371062893710629,0.624837516248375,0.288671132886711,0.60963903609639,0.394260573942606,0.270672932706729,9.99900009999e-05,0.53984601539846,0.320567943205679,0.145485451454855,0.277572242775722,0.721727827217278,0.0753924607539246,0.343265673432657,0.250574942505749,0.881911808819118,0.80981901809819,0.726027397260274,0.171182881711829
"NTC-9",0.252174782521748,0.543845615438456,0.75002499750025,0.0640935906409359,0.473352664733527,0.745625437456254,0.439056094390561,0.56974302569743,0.232776722327767,0.0475952404759524,0.917808219178082,0.74982501749825,0.133086691330867,0.397260273972603,0.80991900809919,0.0456954304569543,0.0923907609239076,0.811218878112189,0.655334466553345,0.761423857614239,0.876112388761124,0.32956704329567,0.846615338466153,0.276172382761724,0.041995800419958,0.200579942005799,0.65003499650035,0.210878912108789,0.52984701529847,0.14018598140186,0.251074892510749,0.0732926707329267,0.0912908709129087,0.0476952304769523,0.832816718328167,0.303569643035696,0.202079792020798,0.733326667333267,0.976702329767023,0.234376562343766,0.324067593240676,0.686031396860314,0.0771922807719228,9.99900009999e-05,0.0142985701429857,0.0383961603839616,0.360963903609639,0.0497950204979502,0.198580141985801,0.0281971802819718
"NTC-10",0.258474152584742,0.327067293270673,0.0860913908609139,0.0764923507649235,0.0140985901409859,0.0156984301569843,0.3999600039996,0.267073292670733,0.444455554444556,0.532246775322468,0.597040295970403,0.0771922807719228,0.0801919808019198,0.474852514748525,0.454454554544546,0.0527947205279472,0.613938606139386,0.899110088991101,0.572542745725427,0.86961303869613,0.197380261973803,0.623837616238376,0.982301769823018,0.433756624337566,0.872912708729127,0.87051294870513,0.832916708329167,0.417458254174583,0.138386161383862,0.774922507749225,0.926507349265073,0.677232276772323,0.568743125687431,0.53964603539646,0.553744625537446,0.730526947305269,0.716428357164284,0.459154084591541,0.255574442555744,0.873912608739126,0.0067993200679932,0.774022597740226,0.683331666833317,0.0212978702129787,0.0415958404159584,0.401859814018598,0.0606939306069393,0.861313868613139,0.178782121787821,0.256074392560744
"NTC-11",0.0477952204779522,0.556844315568443,0.942405759424058,0.608839116088391,0.197580241975802,0.481851814818518,0.267473252674733,0.563743625637436,0.583141685831417,0.823017698230177,0.66033396660334,0.370562943705629,0.168483151684832,0.382661733826617,0.65003499650035,0.904109589041096,0.217778222177782,0.786621337866213,0.461153884611539,0.958404159584042,0.11028897110289,0.910708929107089,0.237376262373763,0.261973802619738,0.772822717728227,0.843615638436156,0.138786121387861,0.825817418258174,0.285471452854715,0.171482851714829,0.468553144685531,0.912908709129087,0.492150784921508,0.808319168083192,0.134186581341866,0.525747425257474,0.390860913908609,0.437956204379562,0.0868913108689131,0.519448055194481,0.557544245575442,0.498250174982502,0.605139486051395,0.983501649835017,0.754824517548245,0.66963303669633,0.585741425857414,0.94040595940406,0.235676432356764,0.661333866613339
"CD55-1",0.0144985501449855,0.160883911608839,9.99900009999e-05,0.292570742925707,0.264273572642736,0.0363963603639636,0.388861113888611,0.486951304869513,0.0125987401259874,0.45985401459854,0.402959704029597,0.052994700529947,0.281871812818718,0.256474352564744,0.507649235076492,0.250774922507749,0.014998500149985,9.99900009999e-05,0.183281671832817,0.116688331166883,0.274272572742726,0.223977602239776,0.348065193480652,0.227677232276772,9.99900009999e-05,0.0070992900709929,0.0251974802519748,0.0755924407559244,9.99900009999e-05,0.0651934806519348,0.535546445355464,0.0146985301469853,0.643935606439356,0.0778922107789221,0.170882911708829,0.215778422157784,0.645735426457354,0.392260773922608,0.395860413958604,0.223177682231777,0.0162983701629837,0.192780721927807,0.288171182881712,0.205179482051795,0.0027997200279972,0.0433956604339566,0.384661533846615,0.842715728427157,0.0905909409059094,0.137486251374863
"CD55-2",0.254374562543746,0.290970902909709,0.531646835316468,0.546045395460454,0.0690930906909309,0.437056294370563,0.934006599340066,0.427957204279572,0.376262373762624,0.371562843715628,0.678632136786321,0.533146685331467,0.109289071092891,0.136186381361864,0.358564143585641,0.522447755224478,0.641535846415358,0.345965403459654,0.105789421057894,0.346265373462654,0.702929707029297,0.0658934106589341,0.568843115688431,0.206379362063794,9.99900009999e-05,0.475552444755524,0.557344265573443,0.362563743625637,0.698330166983302,0.413858614138586,0.230676932306769,0.238076192380762,0.367863213678632,0.632136786321368,0.0688931106889311,0.351964803519648,0.385861413858614,0.322667733226677,0.43995600439956,0.217978202179782,0.653834616538346,0.382561743825617,0.244175582441756,0.672532746725327,0.144985501449855,0.182081791820818,0.445455454454555,0.844015598440156,0.298670132986701,0.456454354564544
"CD55-3",0.152384761523848,0.686231376862314,0.491650834916508,0.426457354264574,0.696030396960304,0.935306469353065,0.902309769023098,0.947705229477052,0.301169883011699,0.465553444655534,0.0138986101389861,0.12038796120388,0.346765323467653,0.182881711828817,0.803519648035196,0.237176282371763,0.493450654934507,0.164883511648835,0.404259574042596,0.520947905209479,0.806719328067193,0.255574442555744,0.390660933906609,0.0113988601139886,9.99900009999e-05,0.0071992800719928,0.715728427157284,0.0082991700829917,0.264173582641736,0.283971602839716,0.302269773022698,0.380761923807619,0.737726227377262,0.354664533546645,0.300969903009699,0.686531346865313,0.0572942705729427,0.800719928007199,0.493750624937506,0.61993800619938,0.686931306869313,0.587341265873413,0.346565343465653,0.422657734226577,0.602639736026397,0.061993800619938,0.42025797420258,0.0943905609439056,0.4999500049995,0.92990700929907
"CD55-4",0.493350664933507,0.452554744525547,0.62033796620338,0.346865313468653,0.0330966903309669,0.0373962603739626,0.364863513648635,0.246275372462754,0.17978202179782,0.902109789021098,0.776522347765223,0.620737926207379,0.343565643435656,0.270672932706729,0.304669533046695,0.428957104289571,0.521647835216478,0.527347265273473,0.500649935006499,0.73042695730427,0.0964903509649035,0.122287771222878,0.319168083191681,0.56004399560044,0.179182081791821,0.47005299470053,0.48005199480052,0.762123787621238,0.275372462753725,0.786621337866213,0.783521647835216,0.523547645235476,0.217078292170783,0.281571842815718,0.118988101189881,0.266173382661734,0.0263973602639736,0.18028197180282,0.28037196280372,0.294870512948705,0.345465453454655,0.133586641335866,0.278272172782722,0.275072492750725,0.325667433256674,0.304669533046695,0.978802119788021,0.0987901209879012,0.81001899810019,0.0045995400459954
"CD55-5",0.082991700829917,0.0983901609839016,0.299470052994701,0.770922907709229,0.203579642035796,0.854114588541146,0.903209679032097,0.507949205079492,0.622437756224378,0.573442655734427,0.428357164283572,0.304469553044696,0.978802119788021,0.634736526347365,0.0561943805619438,0.912608739126087,0.306469353064694,0.495550444955504,0.532246775322468,0.417158284171583,0.752724727527247,0.585241475852415,0.943305669433057,0.479452054794521,9.99900009999e-05,0.84011598840116,0.752324767523248,0.746525347465253,0.0288971102889711,0.649435056494351,0.0527947205279472,0.67963203679632,0.434056594340566,0.676332366763324,0.448255174482552,0.811618838116188,0.62033796620338,0.287271272872713,0.6001399860014,0.114488551144886,0.68013198680132,0.85031496850315,0.774622537746225,0.845615438456154,0.212178782121788,0.268173182681732,0.947905209479052,0.937806219378062,0.437156284371563,0.378562143785621
"CD55-6",9.99900009999e-05,0.008999100089991,9.99900009999e-05,9.99900009999e-05,0.0068993100689931,0.188881111888811,0.0632936706329367,9.99900009999e-05,0.495550444955504,0.0464953504649535,9.99900009999e-05,9.99900009999e-05,0.0536946305369463,0.985701429857014,0.0626937306269373,9.99900009999e-05,9.99900009999e-05,0.0112988701129887,9.99900009999e-05,0.51984801519848,0.0194980501949805,0.0142985701429857,0.067993200679932,0.110688931106889,9.99900009999e-05,0.358464153584642,9.99900009999e-05,9.99900009999e-05,9.99900009999e-05,0.043995600439956,0.522147785221478,9.99900009999e-05,9.99900009999e-05,0.0482951704829517,0.621137886211379,9.99900009999e-05,9.99900009999e-05,0.24047595240476,0.0448955104489551,0.527347265273473,0.426057394260574,0.234376562343766,0.0246975302469753,0.987001299870013,0.226677332266773,0.480951904809519,0.0325967403259674,9.99900009999e-05,0.188581141885811,0.814118588141186
"CD55-7",0.0982901709829017,0.315968403159684,0.446455354464554,9.99900009999e-05,0.013998600139986,0.0156984301569843,0.542245775422458,0.148085191480852,0.108489151084892,0.191380861913809,9.99900009999e-05,0.221277872212779,9.99900009999e-05,0.070992900709929,0.11018898110189,9.99900009999e-05,0.109289071092891,0.789221077892211,0.298070192980702,0.218778122187781,0.116388361163884,0.113588641135886,0.0606939306069393,0.222277772222778,9.99900009999e-05,0.303669633036696,0.0417958204179582,0.258074192580742,0.0288971102889711,0.344965503449655,0.109489051094891,0.542845715428457,0.176782321767823,0.468253174682532,0.365063493650635,0.152784721527847,0.0765923407659234,0.104689531046895,0.575542445755424,0.0591940805919408,0.006999300069993,0.108589141085891,0.134386561343866,0.265173482651735,0.438056194380562,0.664333566643336,0.124587541245875,0.211378862113789,0.0151984801519848,0.79002099790021
"CD55-8",0.686131386861314,0.733626637336266,0.286171382861714,0.524847515248475,0.831616838316168,0.125387461253875,0.78032196780322,0.662233776622338,0.679032096790321,0.995400459954005,0.278672132786721,0.284971502849715,0.111788821117888,0.995100489951005,0.81961803819618,0.788521147885211,0.795320467953205,0.802319768023198,0.72992700729927,0.826817318268173,0.813018698130187,0.572742725727427,0.918108189181082,0.505649435056494,9.99900009999e-05,0.0200979902009799,0.631636836316368,0.811118888111189,0.316468353164684,0.259474052594741,0.0133986601339866,0.35976402359764,0.187581241875812,0.544745525447455,0.241875812418758,0.718728127187281,0.671432856714329,0.528047195280472,0.37006299370063,0.352764723527647,0.0578942105789421,0.116088391160884,0.86001399860014,0.999800019998,0.794320567943206,0.884011598840116,0.0745925407459254,0.515048495150485,0.613638636136386,0.232176782321768
"CD55-9",0.37036296370363,9.99900009999e-05,9.99900009999e-05,0.824917508249175,0.869113088691131,0.91010898910109,9.99900009999e-05,0.355164483551645,0.0315968403159684,0.0792920707929207,9.99900009999e-05,9.99900009999e-05,0.538446155384462,0.0572942705729427,0.0183981601839816,0.573142685731427,0.0437956204379562,9.99900009999e-05,0.0410958904109589,0.0361963803619638,0.0193980601939806,0.804819518048195,0.625637436256374,0.0504949505049495,0.0412958704129587,9.99900009999e-05,0.757424257574243,0.29047095290471,0.801419858014199,9.99900009999e-05,0.206679332066793,0.395860413958604,0.815818418158184,0.381161883811619,9.99900009999e-05,0.236576342365763,0.149185081491851,0.258874112588741,0.263073692630737,0.703529647035297,0.687831216878312,0.0344965503449655,0.233376662333767,0.337966203379662,0.958204179582042,0.546645335466453,0.741925807419258,0.0055994400559944,0.54994500549945,0.292970702929707
