"HALLMARK_TNFA_SIGNALING_VIA_NFKB","HALLMARK_HYPOXIA","HALLMARK_G2M_CHECKPOINT","HALLMARK_ADIPOGENESIS","HALLMARK_ESTROGEN_RESPONSE_EARLY","HALLMARK_ESTROGEN_RESPONSE_LATE","HALLMARK_MYOGENESIS","HALLMARK_INTERFERON_GAMMA_RESPONSE","HALLMARK_APICAL_JUNCTION","HALLMARK_COMPLEMENT","HALLMARK_MTORC1_SIGNALING","HALLMARK_E2F_TARGETS","HALLMARK_MYC_TARGETS_V1","HALLMARK_EPITHELIAL_MESENCHYMAL_TRANSITION","HALLMARK_INFLAMMATORY_RESPONSE","HALLMARK_XENOBIOTIC_METABOLISM","HALLMARK_OXIDATIVE_PHOSPHORYLATION","HALLMARK_GLYCOLYSIS","HALLMARK_P53_PATHWAY","HALLMARK_HEME_METABOLISM","HALLMARK_ALLOGRAFT_REJECTION","HALLMARK_KRAS_SIGNALING_UP","HALLMARK_KRAS_SIGNALING_DN","HALLMARK_MITOTIC_SPINDLE","HALLMARK_IL2_STAT5_SIGNALING","HALLMARK_APOPTOSIS","HALLMARK_FATTY_ACID_METABOLISM","HALLMARK_UV_RESPONSE_UP","HALLMARK_DNA_REPAIR","HALLMARK_UV_RESPONSE_DN","HALLMARK_COAGULATION","HALLMARK_SPERMATOGENESIS","HALLMARK_UNFOLDED_PROTEIN_RESPONSE","HALLMARK_BILE_ACID_METABOLISM","HALLMARK_PI3K_AKT_MTOR_SIGNALING","HALLMARK_PEROXISOME","HALLMARK_ANDROGEN_RESPONSE","HALLMARK_INTERFERON_ALPHA_RESPONSE","HALLMARK_PROTEIN_SECRETION","HALLMARK_IL6_JAK_STAT3_SIGNALING","HALLMARK_CHOLESTEROL_HOMEOSTASIS","HALLMARK_MYC_TARGETS_V2","HALLMARK_TGF_BETA_SIGNALING","HALLMARK_REACTIVE_OXYGEN_SPECIES_PATHWAY","HALLMARK_APICAL_SURFACE","HALLMARK_WNT_BETA_CATENIN_SIGNALING","HALLMARK_PANCREAS_BETA_CELLS","HALLMARK_HEDGEHOG_SIGNALING","HALLMARK_ANGIOGENESIS","HALLMARK_NOTCH_SIGNALING"
"SNP-1_1",0.633836616338366,0.31026897310269,0.663533646635336,0.280871912808719,0.755424457554245,0.97990200979902,0.317468253174683,0.923607639236076,0.378462153784622,0.211878812118788,0.592640735926407,0.615438456154385,0.763823617638236,0.749125087491251,0.581341865813419,0.209279072092791,0.0651934806519348,0.452154784521548,0.572242775722428,0.487251274872513,0.620637936206379,0.51004899510049,0.439456054394561,0.622937706229377,0.851514848515148,0.8001199880012,0.222677732226777,0.25047495250475,0.125087491250875,0.67023297670233,0.614738526147385,0.29017098290171,0.676332366763324,0.272972702729727,0.852114788521148,0.904309569043096,0.643635636436356,0.866313368663134,0.434956504349565,0.591040895910409,0.314168583141686,0.63013698630137,0.601339866013399,0.47045295470453,0.178582141785821,0.67023297670233,0.161783821617838,0.514748525147485,0.133086691330867,0.595840415958404
"SNP-1_2",0.989301069893011,0.801819818018198,0.74992500749925,0.795820417958204,0.621437856214379,0.671832816718328,0.850814918508149,0.749025097490251,0.409459054094591,0.624237576242376,0.82991700829917,0.729527047295271,0.435056494350565,0.929307069293071,0.97000299970003,0.885311468853115,0.584441555844416,0.695030496950305,0.983301669833017,0.674732526747325,0.764223577642236,0.688031196880312,0.773022697730227,0.565243475652435,0.832116788321168,0.548645135486451,0.523947605239476,0.314868513148685,0.326567343265673,0.745725427457254,0.190780921907809,0.865413458654135,0.703829617038296,0.604139586041396,0.977202279772023,0.93040695930407,0.862113788621138,0.801619838016198,0.816518348165183,0.897210278972103,0.389161083891611,0.682931706829317,0.774922507749225,0.88051194880512,0.42045795420458,0.835316468353165,0.442955704429557,0.222677732226777,0.805019498050195,0.937906209379062
"SNP-2_1",0.344765523447655,0.396860313968603,0.366863313668633,0.440755924407559,0.378662133786621,0.456654334566543,0.536046395360464,0.221577842215778,0.323867613238676,0.604839516048395,0.517248275172483,0.541645835416458,0.0891910808919108,0.645635436456354,0.76022397760224,0.28967103289671,0.423457654234577,0.306169383061694,0.3001699830017,0.198480151984802,0.642735726427357,0.647735226477352,0.217278272172783,0.167183281671833,0.0722927707229277,0.2002799720028,0.346965303469653,0.31036896310369,0.274372562743726,0.420857914208579,0.140885911408859,0.177782221777822,0.499150084991501,0.106889311068893,0.485051494850515,0.340865913408659,0.766023397660234,0.452954704529547,0.209379062093791,0.467853214678532,0.88961103889611,0.336666333366663,0.251774822517748,0.165883411658834,0.741225877412259,0.238776122387761,0.836216378362164,0.289271072892711,0.0370962903709629,0.170882911708829
"SNP-2_2",0.762423757624238,0.503749625037496,0.558944105589441,0.467553244675532,0.725927407259274,0.497650234976502,0.477552244775522,0.282271772822718,0.238176182381762,0.861113888611139,0.147285271472853,0.641235876412359,0.0616938306169383,0.517548245175482,0.238976102389761,0.462553744625537,0.301769823017698,0.792720727927207,0.101789821017898,0.208879112088791,0.148885111488851,0.0486951304869513,0.293770622937706,0.560843915608439,0.241175882411759,0.59004099590041,0.541145885411459,0.437656234376562,0.385761423857614,0.181681831816818,0.975802419758024,0.490750924907509,0.583041695830417,0.317268273172683,0.70962903709629,0.606239376062394,0.24987501249875,0.282771722827717,0.525447455254475,0.95000499950005,0.173182681731827,0.223077692230777,0.771322867713229,0.375262473752625,0.184581541845815,0.306169383061694,0.396160383961604,0.0425957404259574,0.438156184381562,0.121087891210879
"SNP-3_1",0.497650234976502,0.31956804319568,0.301669833016698,0.181681831816818,0.239476052394761,0.53964603539646,0.610838916108389,0.843115688431157,0.534946505349465,0.484151584841516,0.247175282471753,0.311468853114689,0.391560843915608,0.433356664333567,0.163883611638836,0.16978302169783,0.144185581441856,0.267173282671733,0.0260973902609739,0.419458054194581,0.523147685231477,0.234376562343766,0.392760723927607,0.249075092490751,0.34046595340466,0.755024497550245,0.180781921807819,0.123587641235876,0.171682831716828,0.753124687531247,0.476452354764524,0.112788721127887,0.246775322467753,0.0927907209279072,0.901209879012099,0.177682231776822,0.342165783421658,0.168683131686831,0.643235676432357,0.714728527147285,0.699330066993301,0.371162883711629,0.868813118688131,0.448555144485551,0.473052694730527,0.227877212278772,0.942805719428057,0.189481051894811,0.410758924107589,0.28007199280072
"SNP-3_2",0.640735926407359,0.185181481851815,0.395260473952605,0.456654334566543,0.754124587541246,0.648335166483352,0.201479852014799,0.321567843215678,0.196580341965803,0.63003699630037,0.206879312068793,0.472852714728527,0.491350864913509,0.673532646735326,0.733526647335267,0.243775622437756,0.428257174282572,0.236676332366763,0.562443755624438,0.525147485251475,0.580741925807419,0.0293970602939706,0.735826417358264,0.349065093490651,0.357564243575642,0.437256274372563,0.434556544345565,0.827417258274173,0.299370062993701,0.362663733626637,0.641535846415358,0.136986301369863,0.566443355664434,0.201779822017798,0.288171182881712,0.27997200279972,0.230676932306769,0.44955504449555,0.775722427757224,0.193880611938806,0.105189481051895,0.318168183181682,0.798920107989201,0.981401859814019,0.727427257274273,0.195080491950805,0.290970902909709,0.105189481051895,0.719528047195281,0.137286271372863
"SNP-4_1",0.228577142285771,0.153184681531847,0.0288971102889711,0.344865513448655,0.253074692530747,0.506149385061494,0.0606939306069393,0.236876312368763,0.205679432056794,0.206479352064794,0.218678132186781,0.312168783121688,0.617238276172383,0.405559444055594,0.773122687731227,0.51044895510449,0.445555444455554,0.294070592940706,0.111688831116888,0.0354964503549645,0.0244975502449755,0.608339166083392,0.402059794020598,0.27957204279572,0.289371062893711,0.502349765023498,0.486151384861514,0.443755624437556,0.837716228377162,0.52024797520248,0.646735326467353,0.632036796320368,0.596240375962404,0.457054294570543,0.15978402159784,0.465753424657534,0.194880511948805,0.250674932506749,0.194180581941806,0.182081791820818,0.232576742325767,0.532346765323468,0.395660433956604,0.632936706329367,0.330766923307669,0.0981901809819018,0.923507649235076,0.776322367763224,0.263873612638736,0.36016398360164
"SNP-4_2",0.634136586341366,0.153884611538846,0.155984401559844,0.0647935206479352,0.684931506849315,0.481251874812519,0.818618138186181,0.0714928507149285,0.444255574442556,0.584441555844416,0.253274672532747,0.292770722927707,0.0168983101689831,0.388361163883612,0.173182681731827,0.542545745425457,0.216978302169783,0.401659834016598,0.192380761923808,0.284671532846715,0.0538946105389461,0.0251974802519748,0.183281671832817,0.281671832816718,0.0563943605639436,0.0955904409559044,0.160583941605839,0.249075092490751,0.192080791920808,0.429457054294571,0.812818718128187,0.655934406559344,0.177982201779822,0.34976502349765,0.063993600639936,0.427957204279572,0.390960903909609,0.0696930306969303,0.280771922807719,0.252774722527747,0.508649135086491,0.110688931106889,0.221277872212779,0.320967903209679,0.714828517148285,0.395160483951605,0.713228677132287,0.751924807519248,0.144985501449855,0.247275272472753
"SNP-5_1",0.633036696330367,0.405559444055594,0.56044395560444,0.283571642835716,0.0403959604039596,0.0464953504649535,0.754124587541246,0.683831616838316,0.178282171782822,0.657634236576342,0.505249475052495,0.447755224477552,0.587741225877412,0.445555444455554,0.0067993200679932,0.698330166983302,0.357564243575642,0.771322867713229,0.612838716128387,0.14008599140086,0.807519248075192,0.0064993500649935,0.512148785121488,0.77022297770223,0.0126987301269873,0.63993600639936,0.235076492350765,0.445355464453555,0.593640635936406,0.345565443455654,0.505249475052495,0.347365263473653,0.522647735226477,0.575742425757424,0.23017698230177,0.725627437256274,0.797120287971203,0.559344065593441,0.441755824417558,0.003999600039996,0.313668633136686,0.368263173682632,0.405959404059594,0.537546245375462,0.743825617438256,0.783621637836216,0.0932906709329067,0.755224477552245,0.796020397960204,0.109489051094891
"SNP-5_2",0.573742625737426,0.301669833016698,0.636336366363364,0.77962203779622,0.907609239076092,0.45965403459654,0.807319268073193,0.285671432856714,0.950504949505049,0.452954704529547,0.322767723227677,0.652134786521348,0.491450854914509,0.834216578342166,0.757024297570243,0.798420157984202,0.899210078992101,0.242375762423758,0.673332666733327,0.884311568843116,0.266973302669733,0.298270172982702,0.839016098390161,0.565343465653435,0.36006399360064,0.328067193280672,0.734426557344266,0.858714128587141,0.612838716128387,0.472752724727527,0.978602139786021,0.919008099190081,0.112888711128887,0.33026697330267,0.5999400059994,0.266473352664734,0.796120387961204,0.476452354764524,0.598640135986401,0.16988301169883,0.565243475652435,0.744025597440256,0.392560743925607,0.224077592240776,0.918808119188081,0.982201779822018,0.498850114988501,0.33046695330467,0.488651134886511,0.915508449155084
"SNP-6_1",0.0728927107289271,0.295770422957704,0.12038796120388,0.055994400559944,0.175282471752825,0.0355964403559644,0.0007999200079992,0.318568143185681,0.090990900909909,0.0400959904009599,0.130986901309869,0.106389361063894,0.0832916708329167,0.152684731526847,0.269373062693731,0.111288871112889,0.0342965703429657,0.152184781521848,0.105389461053895,0.201979802019798,0.300669933006699,0.0630936906309369,0.25957404259574,0.0572942705729427,0.0554944505549445,0.0913908609139086,0.0323967603239676,0.0382961703829617,0.0903909609039096,0.0898910108989101,0.0672932706729327,0.147885211478852,0.0013998600139986,0.127187281271873,0.0100989901009899,0.253974602539746,0.0106989301069893,0.438456154384562,0.0127987201279872,0.030996900309969,0.188381161883812,0.0757924207579242,0.0658934106589341,0.0591940805919408,0.269473052694731,0.376362363763624,0.265073492650735,0.467853214678532,0.0353964603539646,0.313968603139686
"SNP-6_2",0.896210378962104,0.755824417558244,0.76002399760024,0.508649135086491,0.887111288871113,0.917308269173083,0.495250474952505,0.923607639236076,0.717928207179282,0.396660333966603,0.962003799620038,0.612738726127387,0.755924407559244,0.748625137486251,0.838016198380162,0.838016198380162,0.631636836316368,0.601039896010399,0.767123287671233,0.592740725927407,0.745925407459254,0.704129587041296,0.345165483451655,0.991400859914009,0.952304769523048,0.675732426757324,0.603439656034397,0.824417558244176,0.873412658734127,0.707029297070293,0.239076092390761,0.982201779822018,0.856614338566143,0.179482051794821,0.704429557044296,0.99030096990301,0.975502449755025,0.963103689631037,0.971602839716028,0.619438056194381,0.761523847615239,0.972902709729027,0.960703929607039,0.20987901209879,0.982901709829017,0.313068693130687,0.447755224477552,0.776022397760224,0.552244775522448,0.81021897810219
"SNP-7_1",0.468053194680532,0.751424857514249,0.276572342765723,0.233676632336766,0.65993400659934,0.847315268473153,0.611938806119388,0.519148085191481,0.0787921207879212,0.78022197780222,0.520547945205479,0.281071892810719,0.294570542945705,0.426657334266573,0.536746325367463,0.774622537746225,0.787521247875212,0.177382261773823,0.622837716228377,0.892410758924108,0.454854514548545,0.611538846115388,0.479152084791521,0.696630336966303,0.623937606239376,0.342765723427657,0.575242475752425,0.607639236076392,0.8004199580042,0.783721627837216,0.221477852214779,0.48975102489751,0.486451354864514,0.470652934706529,0.557644235576442,0.547645235476452,0.473952604739526,0.478852114788521,0.36036396360364,0.290770922907709,0.365563443655634,0.104289571042896,0.952704729527047,0.973502649735027,0.0127987201279872,0.285271472852715,0.884311568843116,0.505249475052495,0.174982501749825,0.541045895410459
"SNP-7_2",0.198180181981802,0.591440855914409,0.462253774622538,0.605939406059394,0.366963303669633,0.234976502349765,0.192680731926807,0.489251074892511,0.825717428257174,0.695730426957304,0.684131586841316,0.482151784821518,0.440855914408559,0.597040295970403,0.378862113788621,0.837716228377162,0.686731326867313,0.68003199680032,0.679232076792321,0.0132986701329867,0.29037096290371,0.388061193880612,0.265673432656734,0.596940305969403,0.519048095190481,0.230676932306769,0.437256274372563,0.588241175882412,0.350764923507649,0.955104489551045,0.923707629237076,0.841315868413159,0.695030496950305,0.435456454354565,0.120887911208879,0.627137286271373,0.422757724227577,0.151084891510849,0.518848115188481,0.358864113588641,0.304069593040696,0.552244775522448,0.257074292570743,0.24007599240076,0.0214978502149785,0.202479752024798,0.79022097790221,0.166983301669833,0.68043195680432,0.427257274272573
"SNP-8_1",0.677832216778322,0.605439456054395,0.244775522447755,0.621137886211379,0.883311668833117,0.808119188081192,0.290770922907709,0.901609839016098,0.589141085891411,0.83031696830317,0.525147485251475,0.257674232576742,0.478752124787521,0.70972902709729,0.719028097190281,0.747025297470253,0.795120487951205,0.207879212078792,0.267773222677732,0.866713328667133,0.796420357964204,0.926807319268073,0.142885711428857,0.487051294870513,0.768223177682232,0.7997200279972,0.405459454054595,0.732526747325267,0.585541445855414,0.980601939806019,0.517248275172483,0.863313668633137,0.438756124387561,0.226577342265773,0.241975802419758,0.132386761323868,0.174982501749825,0.797520247975202,0.577942205779422,0.536446355364464,0.169183081691831,0.613838616138386,0.456254374562544,0.562543745625437,0.170782921707829,0.490550944905509,0.217978202179782,0.142085791420858,0.495550444955504,0.0956904309569043
"SNP-8_2",0.918808119188081,0.327867213278672,0.2001799820018,0.512148785121488,0.693330666933307,0.0480951904809519,0.0403959604039596,0.480551944805519,0.970702929707029,0.544445555444456,0.217078292170783,0.696630336966303,0.0526947305269473,0.128987101289871,0.392760723927607,0.862613738626137,0.624537546245375,0.219278072192781,0.405059494050595,0.816218378162184,0.609239076092391,0.816818318168183,0.162783721627837,0.982501749825017,0.568443155684432,0.619438056194381,0.288071192880712,0.385161483851615,0.91960803919608,0.957804219578042,0.967203279672033,0.484751524847515,0.311868813118688,0.191480851914809,0.0840915908409159,0.37036296370363,0.172582741725827,0.418158184181582,0.643035696430357,0.751324867513249,0.918208179182082,0.731226877312269,0.938506149385061,0.628337166283372,0.0777922207779222,0.640935906409359,0.972802719728027,0.321867813218678,0.116388361163884,0.715928407159284
"SNP-9_1",0.742625737426257,0.776322367763224,0.0013998600139986,0.268073192680732,0.538046195380462,0.888111188881112,0.288871112888711,0.716428357164284,0.373262673732627,0.600739926007399,0.83001699830017,0.0014998500149985,0.499350064993501,0.255374462553745,0.652334766523348,0.201779822017798,0.83951604839516,0.571642835716428,0.544145585441456,0.532346765323468,0.694130586941306,0.751924807519248,0.0005999400059994,0.666633336666333,0.188481151884812,0.926807319268073,0.496950304969503,0.405359464053595,0.396460353964604,0.575942405759424,0.202579742025797,0.589141085891411,0.766323367663234,0.274672532746725,0.777522247775222,0.210978902109789,0.730826917308269,0.375662433756624,0.979102089791021,0.802819718028197,0.875312468753125,0.847515248475152,0.813718628137186,0.642135786421358,0.218978102189781,0.584641535846415,0.916708329167083,0.829417058294171,0.79022097790221,0.52044795520448
"SNP-9_2",0.693030696930307,0.531446855314469,0.305869413058694,0.27047295270473,0.206879312068793,0.187081291870813,0.399460053994601,0.621237876212379,0.465253474652535,0.367863213678632,0.374562543745625,0.194780521947805,0.0766923307669233,0.335566443355664,0.822517748225178,0.438656134386561,0.0901909809019098,0.505049495050495,0.17978202179782,0.581341865813419,0.0317968203179682,0.503849615038496,0.522547745225477,0.427057294270573,0.931406859314069,0.635136486351365,0.35986401359864,0.386261373862614,0.662633736626337,0.366763323667633,0.573042695730427,0.136686331366863,0.394860513948605,0.452354764523548,0.0275972402759724,0.419158084191581,0.176482351764824,0.870812918708129,0.404159584041596,0.228277172282772,0.386761323867613,0.247075292470753,0.539046095390461,0.0566943305669433,0.435156484351565,0.207979202079792,0.485051494850515,0.233176682331767,0.668533146685331,0.154884511548845
"SNP-10_1",0.310668933106689,0.345365463453655,0.0075992400759924,0.337966203379662,0.308169183081692,0.0051994800519948,0.622337766223378,0.371562843715628,0.915508449155084,0.528047195280472,0.0617938206179382,0.0097990200979902,0.823717628237176,0.502549745025497,0.557144285571443,0.179482051794821,0.37956204379562,0.712728727127287,0.384261573842616,0.0910908909109089,0.663033696630337,0.747925207479252,0.823617638236176,0.63983601639836,0.166283371662834,0.561343865613439,0.278272172782722,0.315068493150685,0.72012798720128,0.682231776822318,0.214578542145785,0.847515248475152,0.784321567843216,0.506549345065493,0.456154384561544,0.615738426157384,0.370762923707629,0.694630536946305,0.0312968703129687,0.424157584241576,0.338466153384662,0.002999700029997,0.56964303569643,0.743225677432257,0.433556644335566,0.799120087991201,0.257474252574743,0.733826617338266,0.77032296770323,0.869313068693131
"SNP-10_2",0.291670832916708,0.332666733326667,0.325067493250675,0.097990200979902,0.467353264673533,0.758524147585241,0.296970302969703,0.745925407459254,0.49025097490251,0.0537946205379462,0.0191980801919808,0.0218978102189781,0.540945905409459,0.753924607539246,0.154184581541846,0.650734926507349,0.310568943105689,0.0968903109689031,0.0184981501849815,0.0783921607839216,0.218878112188781,0.283371662833717,0.309169083091691,0.587541245875412,0.236276372362764,0.068993100689931,0.374862513748625,0.210778922107789,0.623537646235376,0.391260873912609,0.031996800319968,0.0471952804719528,0.142985701429857,0.891210878912109,0.920607939206079,0.673932606739326,0.415058494150585,0.213078692130787,0.744225577442256,0.0261973802619738,0.34966503349665,0.345065493450655,0.121187881211879,0.682131786821318,0.0563943605639436,0.139086091390861,0.714528547145285,0.271172882711729,0.215978402159784,0.175082491750825
"SNP-11_1",0.981501849815019,0.881011898810119,0.634136586341366,0.791320867913209,0.774822517748225,0.934406559344066,0.749325067493251,0.581241875812419,0.945305469453055,0.980801919808019,0.768923107689231,0.648635136486351,0.0480951904809519,0.707829217078292,0.915308469153085,0.0276972302769723,0.717428257174283,0.683531646835316,0.979202079792021,0.681931806819318,0.51994800519948,0.893810618938106,0.85991400859914,0.922807719228077,0.919308069193081,0.706929307069293,0.567243275672433,0.890710928907109,0.890910908909109,0.110688931106889,0.584641535846415,0.465153484651535,0.1001899810019,0.250674932506749,0.46975302469753,0.0223977602239776,0.777222277772223,0.756624337566243,0.843315668433157,0.718728127187281,0.603339666033397,0.135386461353865,0.845115488451155,0.555044495550445,0.0100989901009899,0.697230276972303,0.575442455754425,0.737126287371263,0.491250874912509,0.996100389961004
"SNP-11_2",0.847215278472153,0.918108189181082,0.998600139986001,0.813618638136186,0.791920807919208,0.834616538346165,0.460553944605539,0.986501349865013,0.794720527947205,0.624337566243376,0.628137186281372,0.842815718428157,0.528047195280472,0.95000499950005,0.818118188181182,0.578542145785422,0.790520947905209,0.912108789121088,0.752924707529247,0.524447555244476,0.945205479452055,0.182581741825817,0.564943505649435,0.948205179482052,0.82031796820318,0.909109089091091,0.694330566943306,0.413258674132587,0.647935206479352,0.53974602539746,0.363163683631637,0.192680731926807,0.208179182081792,0.483551644835516,0.706929307069293,0.815418458154185,0.193980601939806,0.998900109989001,0.814618538146185,0.969503049695031,0.31996800319968,0.926007399260074,0.675132486751325,0.76002399760024,0.993800619938006,0.513948605139486,0.641735826417358,0.454954504549545,0.444955504449555,0.505449455054495
"SNP-12_1",9.99900009999e-05,0.28017198280172,0.181381861813819,0.659034096590341,0.101989801019898,0.0378962103789621,0.288971102889711,9.99900009999e-05,0.230876912308769,0.0785921407859214,0.082991700829917,0.12968703129687,0.173482651734827,0.0075992400759924,0.0668933106689331,0.277872212778722,0.423657634236576,0.522847715228477,9.99900009999e-05,0.411858814118588,0.0068993100689931,0.215978402159784,0.744825517448255,0.0202979702029797,0.0736926307369263,0.342065793420658,0.247475252474753,0.519148085191481,0.114088591140886,0.0181981801819818,0.207679232076792,0.366563343665633,0.0052994700529947,0.281271872812719,0.335366463353665,0.237776222377762,0.0404959504049595,0.0325967403259674,0.170582941705829,0.668933106689331,0.0143985601439856,0.0704929507049295,0.0130986901309869,0.577342265773423,0.689131086891311,0.432756724327567,0.0094990500949905,0.7003299670033,0.115288471152885,0.956404359564044
"SNP-12_2",0.855214478552145,0.0925907409259074,0.431756824317568,0.177082291770823,0.172582741725827,0.189481051894811,0.106389361063894,0.44975502449755,0.106289371062894,0.0696930306969303,0.248575142485751,0.87041295870413,0.38026197380262,0.964303569643036,0.115688431156884,0.187881211878812,0.314368563143686,0.641935806419358,0.876912308769123,0.266173382661734,0.318868113188681,0.324767523247675,0.708429157084292,0.644935506449355,0.409459054094591,0.676332366763324,0.143685631436856,0.113188681131887,0.785021497850215,0.839216078392161,0.846315368463154,0.566143385661434,0.247975202479752,0.548445155484452,0.432356764323568,0.104689531046895,0.140685931406859,0.0342965703429657,0.857214278572143,0.34966503349665,0.516048395160484,0.297070292970703,0.508949105089491,0.755024497550245,0.986601339866013,0.836616338366163,0.366363363663634,0.535546445355464,0.913308669133087,0.515748425157484
"SNP-13_1",0.0968903109689031,0.182481751824818,0.622137786221378,0.341565843415658,0.0981901809819018,0.10978902109789,0.32986701329867,0.814518548145185,0.518448155184482,0.533946605339466,0.629237076292371,0.88041195880412,0.234776522347765,0.452854714528547,0.793720627937206,0.879112088791121,0.375362463753625,0.678032196780322,0.368263173682632,0.351264873512649,0.166083391660834,0.828817118288171,0.903609639036096,0.54034596540346,0.354064593540646,0.678132186781322,0.494450554944506,0.0997900209979002,0.132786721327867,0.555744425557444,0.775322467753225,0.170782921707829,0.708529147085291,0.584041595840416,0.739526047395261,0.26997300269973,0.394660533946605,0.871012898710129,0.904009599040096,0.0395960403959604,0.354164583541646,0.854314568543146,0.935706429357064,0.598340165983402,0.418058194180582,0.210978902109789,0.841915808419158,0.186981301869813,0.876812318768123,0.383361663833617
"SNP-13_2",0.63033696630337,0.482651734826517,0.438156184381562,0.891710828917108,0.729227077292271,0.586341365863414,0.175582441755824,0.915508449155084,0.404959504049595,0.583741625837416,0.325267473252675,0.374662533746625,0.356664333566643,0.375962403759624,0.836816318368163,0.401959804019598,0.675132486751325,0.561443855614439,0.955104489551045,0.602839716028397,0.962103789621038,0.620637936206379,0.558344165583442,0.364563543645635,0.566643335666433,0.89041095890411,0.396660333966603,0.886311368863114,0.752724727527247,0.884211578842116,0.565943405659434,0.433556644335566,0.428157184281572,0.940605939406059,0.876212378762124,0.627837216278372,0.316368363163684,0.864713528647135,0.083991600839916,0.843615638436156,0.758724127587241,0.977002299770023,0.703229677032297,0.798520147985201,0.416158384161584,0.4996500349965,0.623737626237376,0.206579342065793,0.104089591040896,0.84991500849915
"SNP-14_1",0.4995500449955,0.472452754724528,0.582441755824418,0.744525547445255,0.591540845915408,0.0152984701529847,0.461253874612539,0.185481451854815,0.667533246675332,0.724027597240276,0.730926907309269,0.741225877412259,0.447255274472553,0.309369063093691,0.183981601839816,0.470652934706529,0.510948905109489,0.0220977902209779,0.175082491750825,0.023997600239976,0.342865713428657,0.653934606539346,0.0053994600539946,0.676632336766323,0.341065893410659,0.933906609339066,0.411358864113589,0.786221377862214,0.527747225277472,0.4996500349965,0.529247075292471,0.0177982201779822,0.744525547445255,0.753724627537246,0.986001399860014,0.806819318068193,0.0228977102289771,0.199280071992801,0.403659634036596,0.913108689131087,0.867413258674133,0.265373462653735,0.286371362863714,0.40975902409759,0.833816618338166,0.0740925907409259,0.200879912008799,0.0207979202079792,0.488751124887511,0.0698930106989301
"SNP-14_2",0.999100089991001,0.972102789721028,0.936806319368063,0.0251974802519748,0.331866813318668,0.317868213178682,0.781221877812219,0.981601839816018,0.779222077792221,0.923807619238076,0.0092990700929907,0.932506749325067,0.121487851214879,0.790520947905209,0.935706429357064,0.635536446355364,0.648835116488351,0.481151884811519,0.685731426857314,0.765523447655235,0.894310568943106,0.92050794920508,0.891810818918108,0.848915108489151,0.774722527747225,0.547745225477452,0.340965903409659,0.992900709929007,0.922507749225078,0.138086191380862,0.79012098790121,0.707329267073293,0.0925907409259074,0.352964703529647,0.821117888211179,0.472252774722528,0.812918708129187,0.887211278872113,0.787521247875212,0.955904409559044,0.495950404959504,0.715928407159284,0.645035496450355,0.903209679032097,0.52024797520248,0.999000099990001,0.0017998200179982,0.0738926107389261,0.784521547845215,0.914908509149085
"SNP-15_1",0.797320267973203,0.474252574742526,0.802419758024198,0.115488451154885,0.971802819718028,0.897710228977102,0.77032296770323,0.466253374662534,0.468753124687531,0.736626337366263,0.454154584541546,0.91040895910409,0.841015898410159,0.242175782421758,0.51024897510249,0.074992500749925,0.546745325467453,0.556544345565443,0.413058694130587,0.82011798820118,0.745125487451255,0.352964703529647,0.211278872112789,0.852814718528147,0.0793920607939206,0.285971402859714,0.614138586141386,0.346765323467653,0.526747325267473,0.851214878512149,0.058994100589941,0.946905309469053,0.457754224577542,0.827717228277172,0.452054794520548,0.823217678232177,0.936206379362064,0.364663533646635,0.546645335466453,0.717428257174283,0.137986201379862,0.698130186981302,0.828017198280172,0.862413758624138,0.955204479552045,0.624337566243376,0.766723327667233,0.758924107589241,0.0908909109089091,0.984501549845015
"SNP-15_2",0.411258874112589,0.544645535446455,0.206279372062794,0.410858914108589,0.698330166983302,0.560843915608439,0.668133186681332,0.391460853914609,0.198180181981802,0.118188181181882,0.688831116888311,0.193880611938806,0.253074692530747,0.132586741325867,0.289271072892711,0.296570342965703,0.0126987301269873,0.426957304269573,0.785221477852215,0.28967103289671,0.314368563143686,0.564443555644436,0.556944305569443,0.432056794320568,0.499150084991501,0.151384861513849,0.0080991900809919,0.134186581341866,0.538146185381462,0.211178882111789,0.116588341165883,0.358164183581642,0.131886811318868,0.246775322467753,0.304869513048695,0.378962103789621,0.183781621837816,0.556844315568443,0.208279172082792,0.175382461753825,0.531946805319468,0.630536946305369,0.38986101389861,0.244375562443756,0.443755624437556,0.18958104189581,0.506049395060494,0.0528947105289471,0.977002299770023,0.366863313668633
"SNP-16_1",0.505049495050495,0.623637636236376,0.462353764623538,0.582041795820418,0.53964603539646,0.171282871712829,0.836116388361164,0.603539646035396,0.322367763223678,0.308269173082692,0.817018298170183,0.615138486151385,0.78002199780022,0.158284171582842,0.41035896410359,0.436756324367563,0.427057294270573,0.389261073892611,0.226377362263774,0.5002499750025,0.408459154084592,0.909409059094091,0.743225677432257,0.509349065093491,0.096990300969903,0.439156084391561,0.626437356264374,0.0015998400159984,0.81981801819818,0.472552744725527,0.896910308969103,0.121687831216878,0.363863613638636,0.7995200479952,0.203079692030797,0.498650134986501,0.209379062093791,0.35956404359564,0.814818518148185,0.257074292570743,0.606639336066393,0.571342865713429,0.32026797320268,0.302369763023698,0.402559744025597,0.948805119488051,0.594840515948405,0.739226077392261,0.0395960403959604,0.150884911508849
"SNP-16_2",0.455754424557544,0.374162583741626,0.699530046995301,0.895910408959104,0.753224677532247,0.18978102189781,0.420857914208579,0.324067593240676,0.285371462853715,0.502149785021498,0.516848315168483,0.853214678532147,0.827417258274173,0.366363363663634,0.457454254574543,0.890910908909109,0.758024197580242,0.943505649435057,0.820917908209179,0.353764623537646,0.0422957704229577,0.881711828817118,0.629337066293371,0.518348165183482,0.667533246675332,0.615638436156384,0.939406059394061,0.368963103689631,0.722227777222278,0.376062393760624,0.368763123687631,0.304069593040696,0.853714628537146,0.911908809119088,0.716628337166283,0.943005699430057,0.616838316168383,0.489251074892511,0.968903109689031,0.471452854714529,0.951704829517048,0.669433056694331,0.857014298570143,0.181681831816818,0.783721627837216,0.754824517548245,0.833016698330167,0.928407159284072,0.976402359764024,0.960603939606039
"SNP-17_1",0.94000599940006,0.725827417258274,0.969303069693031,0.391460853914609,0.865513448655134,0.432256774322568,0.936706329367063,0.741725827417258,0.757224277572243,0.791020897910209,0.889311068893111,0.549345065493451,0.558344165583442,0.603939606039396,0.918708129187081,0.281371862813719,0.981901809819018,0.807619238076192,0.628437156284372,0.822017798220178,0.347065293470653,0.618638136186381,0.491650834916508,0.990600939906009,0.942305769423058,0.891310868913109,0.988901109889011,0.968803119688031,0.705829417058294,0.829117088291171,0.551744825517448,0.765323467653235,0.541645835416458,0.881111888811119,0.64043595640436,0.929007099290071,0.893210678932107,0.614938506149385,0.947205279472053,0.937306269373063,0.861713828617138,0.956004399560044,0.349065093490651,0.866313368663134,0.925807419258074,0.868313168683132,0.676432356764324,0.907009299070093,0.728027197280272,0.976502349765023
"SNP-17_2",0.318068193180682,0.641435856414359,0.798620137986201,0.269073092690731,0.632036796320368,0.238276172382762,0.632636736326367,0.673332666733327,0.224477552244776,0.651434856514349,0.278172182781722,0.76952304769523,0.810718928107189,0.315268473152685,0.442855714428557,0.481351864813519,0.0865913408659134,0.330666933306669,0.813718628137186,0.641735826417358,0.565443455654435,0.253474652534747,0.35966403359664,0.419158084191581,0.551244875512449,0.117688231176882,0.63023697630237,0.570642935706429,0.573442655734427,0.203979602039796,0.586841315868413,0.391460853914609,0.878012198780122,0.14028597140286,0.126587341265873,0.198480151984802,0.882811718828117,0.541845815418458,0.180881911808819,0.352564743525647,0.82991700829917,0.377162283771623,0.723327667233277,0.213678632136786,0.818118188181182,0.271172882711729,0.602739726027397,0.773222677732227,0.3000699930007,0.736926307369263
"SNP-18_1",0.713528647135287,0.817518248175182,0.209079092090791,0.0398960103989601,0.878812118788121,0.146085391460854,0.305269473052695,0.178082191780822,0.31986801319868,0.709129087091291,0.818618138186181,0.221677832216778,0.327567243275672,0.813918608139186,0.626637336266373,0.482551744825517,0.9005099490051,0.146385361463854,0.261873812618738,0.985101489851015,0.0817918208179182,0.383561643835616,0.676332366763324,0.870612938706129,0.699330066993301,0.0588941105889411,0.493250674932507,0.716828317168283,0.245375462453755,0.68973102689731,0.461553844615538,0.865313468653135,0.812918708129187,0.294370562943706,0.985101489851015,0.904309569043096,0.683631636836316,0.414558544145585,0.9000099990001,0.304569543045695,0.305469453054695,0.0843915608439156,0.0244975502449755,0.263473652634737,0.668233176682332,0.13978602139786,0.410958904109589,0.83041695830417,0.641535846415358,0.163683631636836
"SNP-18_2",0.540845915408459,0.983901609839016,0.524247575242476,0.584841515848415,0.879012098790121,0.748525147485251,0.50974902509749,0.923907609239076,0.863513648635136,0.903409659034097,0.927607239276072,0.525447455254475,0.545745425457454,0.832216778322168,0.868713128687131,0.411958804119588,0.545945405459454,0.712328767123288,0.7999200079992,0.330966903309669,0.906409359064094,0.895710428957104,0.123187681231877,0.434856514348565,0.573342665733427,0.45025497450255,0.136686331366863,0.841115888411159,0.827017298270173,0.613838616138386,0.794520547945205,0.827117288271173,0.953904609539046,0.804119588041196,0.836116388361164,0.950704929507049,0.0494950504949505,0.884911508849115,0.805619438056194,0.854014598540146,0.957704229577042,0.227077292270773,0.903809619038096,0.693530646935306,0.865313468653135,0.60953904609539,0.237076292370763,0.176682331766823,0.736226377362264,0.947405259474053
"SNP-19_1",0.0836916308369163,0.095990400959904,0.48965103489651,0.465853414658534,0.284771522847715,0.326567343265673,0.619438056194381,0.645535446455354,0.501549845015498,0.0873912608739126,0.183181681831817,0.475252474752525,0.347065293470653,0.445755424457554,0.417858214178582,0.658734126587341,0.903209679032097,0.101089891010899,0.582441755824418,0.764223577642236,0.581041895810419,0.173482651734827,0.579442055794421,0.713928607139286,0.871312868713129,0.493450654934507,0.938206179382062,0.21957804219578,0.034996500349965,0.711428857114289,0.788821117888211,0.772422757724228,0.603939606039396,0.370562943705629,0.0663933606639336,0.85041495850415,0.545145485451455,0.562843715628437,0.078992100789921,0.223877612238776,0.376562343765623,0.371462853714629,0.565143485651435,0.368563143685631,0.911308869113089,0.956104389561044,0.949505049495051,0.377362263773623,0.749425057494251,0.867013298670133
"SNP-19_2",0.82031796820318,0.996700329967003,0.688931106889311,0.919408059194081,0.98020197980202,0.61963803619638,0.604939506049395,0.886311368863114,0.757724227577242,0.773522647735226,0.738926107389261,0.754024597540246,0.827417258274173,0.907609239076092,0.925907409259074,0.86961303869613,0.950704929507049,0.0138986101389861,0.803119688031197,0.645935406459354,0.958604139586041,0.955604439556044,0.734726527347265,0.797920207979202,0.636536346365363,0.974902509749025,0.795820417958204,0.982901709829017,0.895510448955104,0.531246875312469,0.983001699830017,0.81021897810219,0.917508249175082,0.998800119988001,0.751324867513249,0.993000699930007,0.398660133986601,0.591140885911409,0.821117888211179,0.981101889811019,0.992300769923008,0.987901209879012,0.927807219278072,0.532946705329467,0.739126087391261,0.664733526647335,0.66953304669533,0.782221777822218,0.697930206979302,0.920807919208079
"SNP-20_1",0.246675332466753,0.27967203279672,0.12028797120288,0.265873412658734,0.220877912208779,0.0641935806419358,0.730926907309269,0.627737226277372,0.0670932906709329,0.625037496250375,0.388161183881612,0.222877712228777,0.285071492850715,0.177382261773823,0.101089891010899,0.324867513248675,0.048995100489951,0.283771622837716,0.0487951204879512,0.15968403159684,0.455554444555544,0.334766523347665,0.828617138286171,0.158584141585841,0.131686831316868,0.132586741325867,0.523547645235476,0.347165283471653,0.0400959904009599,0.318568143185681,0.64013598640136,0.125987401259874,0.631936806319368,0.606739326067393,0.0753924607539246,0.347065293470653,0.998900109989001,0.655034496550345,0.290770922907709,0.160883911608839,0.393060693930607,0.182481751824818,0.591540845915408,0.102689731026897,0.205379462053795,0.173482651734827,0.906209379062094,0.95010498950105,0.216378362163784,0.46995300469953
"SNP-20_2",0.512348765123488,0.0215978402159784,0.412258774122588,0.0440955904409559,0.75992400759924,0.921007899210079,0.0694930506949305,0.432056794320568,0.632136786321368,0.0318968103189681,0.556944305569443,0.416458354164584,0.428357164283572,0.868213178682132,0.392160783921608,0.910908909109089,0.513448655134487,0.0261973802619738,0.625237476252375,0.0758924107589241,0.680731926807319,0.336066393360664,0.020997900209979,0.622037796220378,0.121587841215878,0.694330566943306,0.0315968403159684,0.491950804919508,0.436456354364564,0.454354564543546,0.707229277072293,0.837216278372163,0.787021297870213,0.891710828917108,0.602339766023398,0.462153784621538,0.519448055194481,0.569243075692431,0.351464853514649,0.371362863713629,0.809119088091191,0.953604639536046,0.963503649635037,0.523747625237476,0.495950404959504,0.788021197880212,0.296770322967703,0.551844815518448,0.496450354964504,0.787321267873213
"SNP-21_1",0.585341465853415,0.799220077992201,0.787921207879212,0.177382261773823,0.261573842615738,0.20957904209579,0.396860313968603,0.855514448555144,0.414858514148585,0.677832216778322,0.585641435856414,0.477152284771523,0.707829217078292,0.173982601739826,0.252374762523748,0.271272872712729,0.191380861913809,0.911708829117088,0.651334866513349,0.0496950304969503,0.652034796520348,0.638736126387361,0.148185181481852,0.743125687431257,0.0918908109189081,0.35016498350165,0.695330466953305,0.2998700129987,0.875412458754125,0.69003099690031,0.353264673532647,0.0492950704929507,0.773022697730227,0.475452454754525,0.585741425857414,0.336266373362664,0.218078192180782,0.246975302469753,0.82001799820018,0.0535946405359464,0.383461653834617,0.91040895910409,0.614238576142386,0.606939306069393,0.327567243275672,0.52974702529747,0.407759224077592,0.939306069393061,0.0448955104489551,0.746325367463254
"SNP-21_2",0.281871812818718,0.438356164383562,0.483651634836516,0.788721127887211,0.118288171182882,0.133386661333867,0.621337866213379,0.381261873812619,0.79042095790421,0.533746625337466,0.542245775422458,0.48975102489751,0.821017898210179,0.393760623937606,0.318168183181682,0.347065293470653,0.198180181981802,0.167283271672833,0.898110188981102,0.155884411558844,0.922307769223078,0.454354564543546,0.723027697230277,0.536646335366463,0.796920307969203,0.807819218078192,0.270872912708729,0.111188881111889,0.861113888611139,0.972502749725027,0.342065793420658,0.824617538246175,0.34016598340166,0.795920407959204,0.732526747325267,0.536246375362464,0.541945805419458,0.362263773622638,0.88031196880312,0.562743725627437,0.189381061893811,0.588441155884412,0.303569643035696,0.0545945405459454,0.223977602239776,0.826917308269173,0.613238676132387,0.793020697930207,0.514948505149485,0.112888711128887
"SNP-22_1",0.997100289971003,0.224877512248775,0.614138586141386,0.827217278272173,0.702229777022298,0.386261373862614,0.647235276472353,0.334766523347665,0.734926507349265,0.227677232276772,0.367163283671633,0.817518248175182,0.394060593940606,0.61963803619638,0.723227677232277,0.64953504649535,0.371862813718628,0.467253274672533,0.538846115388461,0.365963403659634,0.512648735126487,0.953604639536046,0.574342565743426,0.711428857114289,0.224877512248775,0.359064093590641,0.346965303469653,0.95020497950205,0.923607639236076,0.368763123687631,0.225677432256774,0.830616938306169,0.252174782521748,0.88951104889511,0.634236576342366,0.314468553144686,0.384461553844616,0.247575242475752,0.350564943505649,0.931506849315068,0.648335166483352,0.153384661533847,0.580841915808419,0.0864913508649135,0.807019298070193,0.442755724427557,0.402859714028597,0.503649635036496,0.91030896910309,0.724427557244276
"SNP-22_2",0.608439156084392,0.424057594240576,0.268373162683732,0.236876312368763,0.755124487551245,0.716228377162284,0.950904909509049,0.779122087791221,0.979402059794021,0.772022797720228,0.0962903709629037,0.217878212178782,0.0377962203779622,0.492750724927507,0.913108689131087,0.732126787321268,0.778922107789221,0.821017898210179,0.577442255774423,0.671732826717328,0.800919908009199,0.551644835516448,0.516848315168483,0.833216678332167,0.675232476752325,0.46995300469953,0.331966803319668,0.789121087891211,0.981901809819018,0.980701929807019,0.611138886111389,0.465253474652535,0.703129687031297,0.985301469853015,0.0498950104989501,0.430856914308569,0.999600039996,0.704729527047295,0.94000599940006,0.526547345265473,0.747125287471253,0.336466353364664,0.0257974202579742,0.853114688531147,0.5000499950005,0.061993800619938,0.901709829017098,0.268073192680732,0.468653134686531,0.295370462953705
"SNP-23_1",0.146885311468853,0.662733726627337,0.596940305969403,0.56004399560044,0.886511348865114,0.916408359164084,0.52034796520348,0.447055294470553,0.921307869213079,0.983101689831017,0.246275372462754,0.817318268173183,0.813618638136186,0.658534146585341,0.105889411058894,0.312268773122688,0.244675532446755,0.832016798320168,0.221077892210779,0.233076692330767,0.735026497350265,0.137786221377862,0.0724927507249275,0.802419758024198,0.55994400559944,0.154484551544846,0.87951204879512,0.153584641535846,0.219078092190781,0.665933406659334,0.872612738726127,0.534746525347465,0.791620837916208,0.276372362763724,0.177282271772823,0.374862513748625,0.48995100489951,0.34976502349765,0.664133586641336,0.715628437156284,0.206979302069793,0.92980701929807,0.8996100389961,0.253174682531747,0.74962503749625,0.760823917608239,0.724127587241276,0.629137086291371,0.556244375562444,0.558344165583442
"SNP-23_2",0.356864313568643,0.148185181481852,0.232276772322768,0.715728427157284,0.343565643435656,0.580741925807419,0.680531946805319,0.0866913308669133,0.766023397660234,0.613838616138386,0.854814518548145,0.667333266673333,0.0933906609339066,0.516848315168483,0.467753224677532,0.166283371662834,0.685431456854315,0.453654634536546,0.0935906409359064,0.792620737926207,0.439256074392561,0.655834416558344,0.102989701029897,0.605939406059394,0.416958304169583,0.636636336366363,0.577142285771423,0.730826917308269,0.200979902009799,0.524347565243476,0.32966703329667,0.246775322467753,0.416458354164584,0.481651834816518,0.540545945405459,0.304969503049695,0.92990700929907,0.478652134786521,0.629137086291371,0.221877812218778,0.297170282971703,0.901809819018098,0.387461253874613,0.278272172782722,0.706329367063294,0.215378462153785,0.768623137686231,0.264773522647735,0.997600239976002,0.0815918408159184
"SNP-24_1",0.182381761823818,0.782521747825217,0.636436356364364,0.358364163583642,0.277672232776722,0.23017698230177,0.723327667233277,0.52034796520348,0.274372562743726,0.556744325567443,0.301869813018698,0.645935406459354,0.532746725327467,0.887811218878112,0.453454654534547,0.0717928207179282,0.494150584941506,0.774222577742226,0.602239776022398,0.405259474052595,0.238276172382762,0.244875512448755,0.0475952404759524,0.466353364663534,0.579442055794421,0.189181081891811,0.0726927307269273,0.198380161983802,0.40975902409759,0.408159184081592,0.676932306769323,0.207879212078792,0.303769623037696,0.784821517848215,0.162783721627837,0.796720327967203,0.38036196380362,0.219478052194781,0.708629137086291,0.468153184681532,0.726427357264274,0.339266073392661,0.755624437556244,0.964803519648035,0.133186681331867,0.151084891510849,0.402459754024598,0.246675332466753,0.249175082491751,0.613238676132387
"SNP-24_2",0.223377662233777,0.581241875812419,0.444455554444556,0.617938206179382,0.425557444255574,0.422257774222578,0.72032796720328,0.365363463653635,0.542945705429457,0.256874312568743,0.476052394760524,0.4001599840016,0.519248075192481,0.391060893910609,0.642535746425357,0.814218578142186,0.338966103389661,0.361763823617638,0.395160483951605,0.733126687331267,0.264973502649735,0.106789321067893,0.385761423857614,0.453354664533547,0.866013398660134,0.392360763923608,0.284171582841716,0.458754124587541,0.37976202379762,0.740625937406259,0.470552944705529,0.384561543845615,0.354364563543646,0.455754424557544,0.357764223577642,0.216478352164784,0.986001399860014,0.522047795220478,0.567443255674433,0.420657934206579,0.191280871912809,0.21037896210379,0.529447055294471,0.796520347965203,0.798320167983202,0.734926507349265,0.705829417058294,0.536046395360464,0.916408359164084,0.962303769623038
"SNP-25_1",0.101189881011899,0.147785221477852,0.79042095790421,0.530746925307469,0.575342465753425,0.920707929207079,0.74982501749825,0.321067893210679,0.657134286571343,0.562443755624438,0.717928207179282,0.775322467753225,0.867413258674133,0.0894910508949105,0.235876412358764,0.315768423157684,0.838116188381162,0.441255874412559,0.204479552044796,0.854414558544146,0.0097990200979902,0.0177982201779822,0.801119888011199,0.153484651534847,0.541645835416458,0.127887211278872,0.582241775822418,0.879012098790121,0.425957404259574,0.211678832116788,0.785321467853215,0.857714228577142,0.746825317468253,0.484351564843516,0.0384961503849615,0.634336566343366,0.77002299770023,0.243975602439756,0.671732826717328,0.0572942705729427,0.329467053294671,0.5998400159984,0.134686531346865,0.693030696930307,0.447255274472553,0.637836216378362,0.56964303569643,0.783021697830217,0.43995600439956,0.94000599940006
"SNP-25_2",0.857614238576142,0.76972302769723,0.410858914108589,0.847815218478152,0.915508449155084,0.855114488551145,0.616338366163384,0.853114688531147,0.616238376162384,0.559044095590441,0.626037396260374,0.414458554144586,0.776522347765223,0.44975502449755,0.816418358164184,0.0335966403359664,0.808519148085191,0.373262673732627,0.991300869913009,0.383461653834617,0.134686531346865,0.731126887311269,0.645835416458354,0.531446855314469,0.991500849915009,0.807119288071193,0.676032396760324,0.737826217378262,0.617238276172383,0.823217678232177,0.613438656134387,0.704929507049295,0.746125387461254,0.606839316068393,0.415958404159584,0.548245175482452,0.488251174882512,0.841615838416158,0.376262373762624,0.556044395560444,0.132386761323868,0.444155584441556,0.445655434456554,0.386861313868613,0.492950704929507,0.983801619838016,0.354764523547645,0.789421057894211,0.727827217278272,0.812318768123188
"SNP-26_1",0.140885911408859,0.0888911108889111,0.0774922507749225,0.0105989401059894,0.0181981801819818,0.0190980901909809,0.0444955504449555,0.0312968703129687,0.0141985801419858,0.112088791120888,0.131986801319868,0.122487751224878,9.99900009999e-05,0.150784921507849,0.111288871112889,0.0838916108389161,0.108489151084892,0.207879212078792,0.0002999700029997,0.0024997500249975,0.120587941205879,0.135086491350865,0.0065993400659934,0.0383961603839616,0.0296970302969703,0.26007399260074,0.18988101189881,0.0194980501949805,0.0506949305069493,0.0520947905209479,0.186681331866813,0.0116988301169883,0.362163783621638,0.302169783021698,0.0548945105489451,0.158984101589841,0.241475852414759,0.025997400259974,0.163583641635836,0.0365963403659634,0.0915908409159084,0.0142985701429857,0.0067993200679932,0.605339466053395,0.981601839816018,0.0027997200279972,0.28997100289971,0.0244975502449755,0.395160483951605,0.0133986601339866
"SNP-26_2",0.165483451654835,0.726127387261274,0.49025097490251,0.823217678232177,0.159484051594841,0.163183681631837,0.627337266273373,0.261073892610739,0.282871712828717,0.692230776922308,0.543445655434457,0.494450554944506,0.369463053694631,0.637636236376362,9.99900009999e-05,0.906809319068093,0.788021197880212,0.2998700129987,0.345765423457654,0.519448055194481,0.556444355564444,0.898010198980102,0.504849515048495,0.147585241475852,0.718428157184282,0.107889211078892,0.53034696530347,0.117988201179882,0.482751724827517,0.390960903909609,0.945005499450055,0.0680931906809319,0.766123387661234,9.99900009999e-05,0.790620937906209,0.736826317368263,0.121987801219878,9.99900009999e-05,0.38986101389861,0.0541945805419458,0.139086091390861,0.557544245575442,0.433256674332567,0.560843915608439,0.346465353464654,0.34976502349765,0.399460053994601,0.444555544445555,0.355364463553645,0.440955904409559
"SNP-27_1",0.427757224277572,0.898010198980102,0.583141685831417,0.424157584241576,0.836116388361164,0.445455454454555,0.203879612038796,0.896010398960104,0.725327467253275,0.925207479252075,0.863113688631137,0.601139886011399,0.642135786421358,0.677732226777322,0.606339366063394,0.493550644935506,0.945505449455055,0.907309269073093,0.663633636636336,0.92040795920408,0.427857214278572,0.728027197280272,0.116988301169883,0.838116188381162,0.922207779222078,0.193880611938806,0.803319668033197,0.947005299470053,0.604639536046395,0.668933106689331,0.262273772622738,0.927707229277072,0.833416658334167,0.669033096690331,0.43965603439656,0.864913508649135,0.18968103189681,0.8995100489951,0.679432056794321,0.617638236176382,0.768123187681232,0.966503349665033,0.0802919708029197,0.537846215378462,0.109189081091891,0.160583941605839,0.802119788021198,0.806319368063194,0.465153484651535,0.722427757224278
"SNP-27_2",0.111788821117888,0.348265173482652,0.0132986701329867,0.495850414958504,0.0945905409459054,0.434356564343566,0.102989701029897,0.724027597240276,0.141185881411859,0.471352864713529,0.1998800119988,0.355964403559644,0.43035696430357,0.142885711428857,0.137986201379862,0.161183881611839,0.151584841515848,0.201079892010799,0.494350564943506,0.0804919508049195,0.215578442155784,0.454754524547545,0.595940405959404,0.237076292370763,0.544645535446455,0.170582941705829,0.0648935106489351,0.176682331766823,0.154884511548845,0.243575642435756,0.2996700329967,0.14988501149885,0.578442155784422,0.295770422957704,0.109289071092891,0.665333466653335,0.468853114688531,0.610938906109389,0.426357364263574,0.432656734326567,0.735026497350265,0.316068393160684,0.232376762323768,0.273572642735726,0.176082391760824,0.191380861913809,0.104689531046895,0.093990600939906,0.184081591840816,0.482551744825517
"SNP-28_1",0.184981501849815,0.403459654034597,0.641435856414359,0.825817418258174,0.725027497250275,0.77032296770323,0.696130386961304,0.668633136686331,0.136786321367863,0.323067693230677,0.72042795720428,0.647535246475352,0.549145085491451,0.518848115188481,0.815918408159184,0.0441955804419558,0.913108689131087,0.812118788121188,0.0612938706129387,0.774222577742226,0.750924907509249,0.862313768623138,0.0204979502049795,0.846615338466153,0.191780821917808,0.467553244675532,0.41955804419558,0.362263773622638,0.646235376462354,0.958704129587041,0.160783921607839,0.644935506449355,0.454054594540546,0.205979402059794,0.496650334966503,0.353664633536646,0.583041695830417,0.557944205579442,0.496450354964504,0.0804919508049195,0.377062293770623,0.283671632836716,0.537946205379462,0.236276372362764,0.201979802019798,0.344565543445655,0.345465453454655,0.803119688031197,0.516948305169483,0.815618438156184
"SNP-28_2",0.968803119688031,0.54024597540246,0.750624937506249,0.662233776622338,0.604639536046395,0.563143685631437,0.911808819118088,0.724927507249275,0.592540745925408,0.648735126487351,0.748025197480252,0.634836516348365,0.969203079692031,0.956704329567043,0.877112288771123,0.402359764023598,0.503949605039496,0.858814118588141,0.0407959204079592,0.982701729827017,0.871012898710129,0.808319168083192,0.76992300769923,0.722827717228277,0.568043195680432,0.197580241975802,0.862713728627137,0.221877812218778,0.856414358564144,0.765423457654235,0.535146485351465,0.657334266573343,0.64993500649935,0.806019398060194,0.736126387361264,0.912408759124088,0.699530046995301,0.938906109389061,0.196380361963804,0.384461553844616,0.737326267373263,0.844415558444156,0.750924907509249,0.961603839616038,0.204879512048795,0.748325167483252,0.880611938806119,0.837016298370163,0.977502249775023,0.515948405159484
"SNP-29_1",0.747325267473253,0.659034096590341,0.576542345765423,0.617838216178382,0.449155084491551,0.295470452954705,0.666433356664334,0.97960203979602,0.668833116688331,0.126087391260874,0.652734726527347,0.581041895810419,0.378262173782622,0.866513348665134,0.719128087191281,0.716428357164284,0.669233076692331,0.117188281171883,0.989301069893011,0.352064793520648,0.792920707929207,0.699030096990301,0.707329267073293,0.955204479552045,0.458754124587541,0.92010798920108,0.600939906009399,0.411258874112589,0.634836516348365,0.899010098990101,0.66023397660234,0.2004799520048,0.118888111188881,0.952304769523048,0.0667933206679332,0.965803419658034,0.967603239676032,0.935606439356064,0.726327367263274,0.327067293270673,0.241375862413759,0.26957304269573,0.933206679332067,0.359464053594641,0.0475952404759524,0.415558444155584,0.818518148185181,0.785821417858214,0.821817818218178,0.588141185881412
"SNP-29_2",0.280671932806719,0.54034596540346,0.435756424357564,0.450954904509549,0.967103289671033,0.591740825917408,0.771822817718228,0.903009699030097,0.286771322867713,0.557444255574443,0.164383561643836,0.374962503749625,0.623037696230377,0.859414058594141,0.639136086391361,0.372462753724628,0.58004199580042,0.468953104689531,0.66993300669933,0.83991600839916,0.495750424957504,0.468453154684532,0.995000499950005,0.543045695430457,0.937206279372063,0.637436256374363,0.188981101889811,0.548945105489451,0.547845215478452,0.234676532346765,0.85961403859614,0.685631436856314,0.97040295970403,0.333766623337666,0.866013398660134,0.581041895810419,0.85021497850215,0.942605739426057,0.884811518848115,0.941905809419058,0.167583241675832,0.492150784921508,0.134186581341866,0.455154484551545,0.857814218578142,0.577142285771423,0.77952204779522,0.081991800819918,0.608439156084392,0.453154684531547
"SNP-30_1",0.787221277872213,0.281671832816718,0.824217578242176,0.808319168083192,0.965203479652035,0.915708429157084,0.818818118188181,0.272572742725727,0.855914408559144,0.845015498450155,0.377962203779622,0.332266773322668,0.156984301569843,0.577842215778422,0.323667633236676,0.677532246775322,0.399060093990601,0.804119588041196,0.500649935006499,0.866713328667133,0.42975702429757,0.691130886911309,0.466953304669533,0.999800019998,0.832416758324168,0.644635536446355,0.500849915008499,0.731126887311269,0.46995300469953,0.566043395660434,0.761723827617238,0.846515348465154,0.0224977502249775,0.367863213678632,0.218178182181782,0.37996200379962,0.875312468753125,0.112988701129887,0.26967303269673,0.286371362863714,0.72982701729827,0.860613938606139,0.424557544245575,0.82031796820318,0.32016798320168,0.78022197780222,0.953704629537046,0.76972302769723,0.833516648335166,0.515348465153485
"SNP-30_2",0.768323167683232,0.432456754324568,0.648035196480352,0.492950704929507,0.9000099990001,0.881411858814119,0.851714828517148,0.367763223677632,0.814718528147185,0.40965903409659,0.56964303569643,0.618338166183382,0.538946105389461,0.547445255474453,0.542345765423458,0.736526347365263,0.214678532146785,0.513448655134487,0.905009499050095,0.678932106789321,0.603339666033397,0.842915708429157,0.933806619338066,0.964703529647035,0.779122087791221,0.867113288671133,0.627237276272373,0.805619438056194,0.823117688231177,0.923607639236076,0.61953804619538,0.951304869513049,0.530546945305469,0.896010398960104,0.957204279572043,0.427857214278572,0.793120687931207,0.331666833316668,0.796420357964204,0.590840915908409,0.53954604539546,0.528047195280472,0.725927407259274,0.0506949305069493,0.31966803319668,0.591740825917408,0.634836516348365,0.666733326667333,0.994200579942006,0.158584141585841
"SNP-31_1",0.909409059094091,0.768023197680232,0.512448755124488,0.972502749725027,0.032996700329967,0.0287971202879712,0.324067593240676,0.714428557144286,0.612238776122388,0.682731726827317,0.42045795420458,0.508249175082492,0.662533746625337,0.57024297570243,0.826717328267173,0.461953804619538,0.954204579542046,0.802419758024198,0.481051894810519,0.266073392660734,0.671632836716328,0.0062993700629937,0.809419058094191,0.0623937606239376,0.657234276572343,0.862113788621138,0.945305469453055,0.956704329567043,0.925007499250075,0.882211778822118,0.464253574642536,0.736026397360264,0.850814918508149,0.826717328267173,0.848515148485152,0.822217778222178,0.428157184281572,0.652034796520348,0.974902509749025,0.910608939106089,0.638336166383362,0.603739626037396,0.899010098990101,0.253774622537746,0.852614738526147,0.327267273272673,0.521347865213479,0.0793920607939206,0.305969403059694,0.721327867213279
"SNP-31_2",0.697530246975302,0.543345665433457,0.76962303769623,0.774022597740226,0.834716528347165,0.625137486251375,0.95020497950205,0.522047795220478,0.538246175382462,0.460953904609539,0.772922707729227,0.931506849315068,0.754324567543246,0.495050494950505,0.362363763623638,0.647735226477352,0.923907609239076,0.908909109089091,0.931406859314069,0.213678632136786,0.871012898710129,0.426757324267573,0.122187781221878,0.96990300969903,0.567343265673433,0.818418158184182,0.467853214678532,0.921307869213079,0.605739426057394,0.506549345065493,0.799020097990201,0.701129887011299,0.938106189381062,0.27957204279572,0.482651734826517,0.371862813718628,0.870712928707129,0.53024697530247,0.745525447455255,0.733926607339266,0.0258974102589741,0.734126587341266,0.368163183681632,0.668133186681332,0.134086591340866,0.795120487951205,0.994900509949005,0.464753524647535,0.31996800319968,0.543645635436456
"SNP-32_1",0.824317568243176,0.0313968603139686,0.676332366763324,0.228377162283772,0.346065393460654,0.422457754224578,0.811618838116188,0.921007899210079,0.739326067393261,0.706829317068293,0.507049295070493,0.875012498750125,0.8001199880012,0.408559144085591,0.981901809819018,0.16978302169783,0.302269773022698,0.751424857514249,0.594440555944406,0.27967203279672,0.897110288971103,0.74002599740026,0.552644735526447,0.758824117588241,0.77992200779922,0.557244275572443,0.975102489751025,0.573842615738426,0.457154284571543,0.985701429857014,0.693730626937306,0.355364463553645,0.934906509349065,0.956804319568043,0.305869413058694,0.658334166583342,0.904109589041096,0.428757124287571,0.90990900909909,0.485651434856514,0.901609839016098,0.948705129487051,0.15978402159784,0.930506949305069,0.761823817618238,0.520647935206479,0.231176882311769,0.548145185481452,0.736626337366263,0.419158084191581
"SNP-32_2",0.712728727127287,0.770722927707229,0.592140785921408,0.820917908209179,0.808819118088191,0.934306569343066,0.207379262073793,0.528747125287471,0.511548845115488,0.43045695430457,0.621337866213379,0.469153084691531,0.0068993100689931,0.82981701829817,0.885111488851115,0.595340465953405,0.816618338166183,0.817618238176182,0.611338866113389,0.505449455054495,0.181281871812819,0.193380661933807,0.657134286571343,0.344065593440656,0.113688631136886,0.306769323067693,0.897910208979102,0.622437756224378,0.641935806419358,0.387161283871613,0.69023097690231,0.908009199080092,0.754724527547245,0.122687731226877,0.70992900709929,0.504249575042496,0.448055194480552,0.163083691630837,0.842515748425158,0.791120887911209,0.475152484751525,0.192980701929807,0.375862413758624,0.47985201479852,0.73002699730027,0.0176982301769823,0.995100489951005,0.0133986601339866,0.488951104889511,0.663933606639336
"SNP-33_1",0.866813318668133,0.794420557944206,0.625837416258374,0.55954404559544,0.587441255874413,0.464053594640536,0.277072292770723,0.450554944505549,0.845915408459154,0.818018198180182,0.312568743125687,0.645135486451355,0.75972402759724,0.908209179082092,0.885511448855114,0.793320667933207,0.288871112888711,0.807119288071193,0.588841115888411,0.705529447055295,0.728227177282272,0.927007299270073,0.186481351864814,0.987401259874013,0.524247575242476,0.8995100489951,0.782321767823218,0.459254074592541,0.701029897010299,0.451054894510549,0.985401459854015,0.903409659034097,0.458354164583542,0.865813418658134,0.640835916408359,0.753724627537246,0.636436356364364,0.743025697430257,0.347165283471653,0.928707129287071,0.695330466953305,0.0868913108689131,0.832416758324168,0.867713228677132,0.548445155484452,0.625737426257374,0.0017998200179982,0.713728627137286,0.944805519448055,0.926207379262074
"SNP-33_2",0.488951104889511,0.283171682831717,0.736026397360264,0.256574342565743,0.570942905709429,0.707729227077292,0.426157384261574,0.514848515148485,0.601639836016398,0.308269173082692,0.0480951904809519,0.228977102289771,0.241875812418758,0.295770422957704,0.2998700129987,0.967003299670033,0.152784721527847,0.767223277672233,0.0463953604639536,0.692830716928307,0.326667333266673,0.651434856514349,0.286471352864714,0.188181181881812,0.802619738026197,0.0121987801219878,0.207079292070793,0.43005699430057,0.0161983801619838,0.0968903109689031,0.691030896910309,0.993000699930007,0.233276672332767,0.673432656734327,0.48975102489751,0.339166083391661,0.672432756724328,0.564843515648435,0.173982601739826,0.446055394460554,0.745225477452255,0.693330666933307,0.0541945805419458,0.833016698330167,0.0772922707729227,0.399360063993601,0.247775222477752,0.0745925407459254,0.92980701929807,0.227877212278772
"SNP-34_1",0.202679732026797,0.389161083891611,0.0991900809919008,0.3004699530047,0.232776722327767,0.297970202979702,0.765923407659234,0.310968903109689,0.299270072992701,0.223377662233777,0.330866913308669,0.105289471052895,9.99900009999e-05,0.0890910908909109,0.270572942705729,0.312568743125687,0.484151584841516,0.237276272372763,0.304869513048695,0.0362963703629637,0.134586541345865,0.305869413058694,0.23047695230477,0.0830916908309169,0.332666733326667,0.156584341565843,0.303369663033697,0.708829117088291,0.407259274072593,0.126587341265873,0.528847115288471,0.0424957504249575,0.0878912108789121,0.186981301869813,0.204479552044796,0.189381061893811,0.470552944705529,0.164683531646835,0.255374462553745,0.338966103389661,0.681031896810319,0.248375162483752,0.251074892510749,0.554544545545445,0.181181881811819,0.229477052294771,0.783721627837216,0.386461353864614,0.790520947905209,0.456154384561544
"SNP-34_2",0.665933406659334,0.298470152984702,0.337066293370663,0.395860413958604,0.339466053394661,0.32996700329967,0.108289171082892,0.177082291770823,0.327267273272673,0.305769423057694,0.249275072492751,0.145785421457854,0.183181681831817,0.882611738826117,0.387461253874613,0.207079292070793,0.253074692530747,0.170882911708829,0.233176682331767,0.606239376062394,0.326867313268673,0.445455454454555,0.848815118488151,0.162583741625837,0.344165583441656,0.387061293870613,0.24977502249775,0.36976302369763,0.478352164783522,0.443755624437556,0.874512548745126,0.393760623937606,0.267973202679732,0.306469353064694,0.240675932406759,0.713328667133287,0.434856514348565,0.262673732626737,0.644935506449355,0.358464153584642,0.162983701629837,0.375862413758624,0.678332166783322,0.271272872712729,0.342765723427657,0.558644135586441,0.777922207779222,0.096990300969903,0.578642135786421,0.303369663033697
"SNP-35_1",0.743425657434257,0.265673432656734,0.723327667233277,0.294870512948705,0.586241375862414,0.447855214478552,0.621137886211379,0.784121587841216,0.0718928107189281,0.578842115788421,0.373462653734627,0.593440655934407,0.77982201779822,0.293870612938706,0.447155284471553,0.928907109289071,0.715328467153285,0.311168883111689,0.333866613338666,0.605039496050395,0.154684531546845,0.197180281971803,0.621337866213379,0.84991500849915,0.213678632136786,0.205379462053795,0.528047195280472,0.48015198480152,0.604639536046395,0.957504249575043,0.270872912708729,0.814318568143186,0.247675232476752,0.943805619438056,0.54964503549645,0.923907609239076,0.446755324467553,0.918908109189081,0.750724927507249,0.0820917908209179,0.439356064393561,0.392760723927607,0.817618238176182,0.811418858114189,0.137486251374863,0.74002599740026,0.315868413158684,0.310968903109689,0.14968503149685,0.766023397660234
"SNP-35_2",0.628337166283372,0.918108189181082,0.743725627437256,0.0291970802919708,0.675132486751325,0.126087391260874,0.415058494150585,0.644335566443356,0.856314368563144,0.708129187081292,9.99900009999e-05,0.820817918208179,0.729027097290271,0.0346965303469653,0.76022397760224,0.020997900209979,0.792520747925207,0.0313968603139686,0.774522547745225,0.815018498150185,0.177082291770823,0.783221677832217,0.967303269673033,0.0012998700129987,0.9000099990001,0.991800819918008,0.886011398860114,0.928807119288071,0.491650834916508,0.750924907509249,0.964203579642036,0.544045595440456,0.876812318768123,0.56014398560144,0.212478752124788,0.555844415558444,0.20957904209579,0.664033596640336,0.237276272372763,0.617938206179382,0.464053594640536,0.855214478552145,0.585241475852415,0.997700229977002,0.943305669433057,0.440855914408559,0.737626237376262,0.665433456654335,0.873812618738126,0.553044695530447
"SNP-36_1",0.991300869913009,0.91990800919908,0.557544245575442,0.548445155484452,0.510848915108489,0.783221677832217,0.666533346665333,0.756724327567243,0.335766423357664,0.951204879512049,9.99900009999e-05,0.751624837516248,0.754024597540246,0.195780421957804,0.221477852214779,0.434756524347565,0.839016098390161,0.533546645335466,0.854414558544146,0.512948705129487,0.736326367363264,0.372562743725627,0.579042095790421,0.526147385261474,0.317868213178682,0.646035396460354,0.925107489251075,0.813918608139186,0.61973802619738,0.542545745425457,0.908309169083092,0.583841615838416,0.883011698830117,0.773822617738226,0.759024097590241,0.81021897810219,0.57024297570243,0.395260473952605,0.757924207579242,0.792320767923208,0.784121587841216,0.762623737626237,0.910708929107089,0.955204479552045,0.48995100489951,0.547945205479452,0.166683331666833,0.153684631536846,0.809219078092191,0.731926807319268
"SNP-36_2",0.623137686231377,0.501049895010499,0.534446555344466,0.520847915208479,0.444555544445555,0.827917208279172,0.907409259074093,0.196580341965803,0.367263273672633,0.996300369963004,0.646635336466353,0.44045595440456,0.457754224577542,0.355064493550645,0.72972702729727,0.516248375162484,0.0896910308969103,0.327067293270673,0.736226377362264,0.138686131386861,0.531946805319468,0.774522547745225,0.612738726127387,0.517548245175482,0.518748125187481,0.786221377862214,0.43985601439856,0.399360063993601,0.70962903709629,0.687331266873313,0.279172082791721,0.0675932406759324,0.492450754924508,0.619338066193381,0.337766223377662,0.716628337166283,0.562243775622438,0.316368363163684,0.58014198580142,0.195880411958804,0.63023697630237,0.952904709529047,0.627337266273373,0.165383461653835,0.460553944605539,0.334666533346665,0.258274172582742,0.642035796420358,0.165283471652835,0.653834616538346
"SNP-37_1",0.750924907509249,0.808319168083192,0.688531146885311,0.662933706629337,0.498250174982502,0.0323967603239676,0.824917508249175,0.691330866913309,0.72032796720328,0.155084491550845,0.792520747925207,0.792620737926207,0.45045495450455,0.25967403259674,0.108589141085891,0.60993900609939,0.26997300269973,0.883211678832117,0.656034396560344,0.841015898410159,0.130686931306869,0.823517648235176,0.483451654834517,0.772122787721228,0.918408159184082,0.948305169483052,0.945305469453055,0.178482151784822,0.836316368363164,0.914008599140086,0.451854814518548,0.696230376962304,0.62963703629637,0.762323767623238,0.749525047495251,0.26967303269673,0.507849215078492,0.565043495650435,0.803519648035196,0.803219678032197,0.74962503749625,0.453054694530547,0.530546945305469,0.857714228577142,0.030996900309969,0.91960803919608,0.524247575242476,0.976002399760024,0.834116588341166,0.871812818718128
"SNP-37_2",0.437256274372563,0.612638736126387,0.417658234176582,0.480851914808519,0.528947105289471,0.377662233776622,0.615138486151385,0.431556844315568,0.263773622637736,0.771622837716228,0.561943805619438,0.109289071092891,0.124887511248875,0.426857314268573,0.416458354164584,0.669133086691331,0.312068793120688,0.392760723927607,0.498550144985501,0.652534746525347,0.435456454354565,0.952404759524048,0.176382361763824,0.31036896310369,0.607739226077392,0.850814918508149,0.732126787321268,0.292870712928707,0.365363463653635,0.382461753824618,0.857614238576142,0.397560243975602,0.322767723227677,0.241775822417758,0.491250874912509,0.0556944305569443,0.236876312368763,0.32966703329667,0.291770822917708,0.711428857114289,0.312768723127687,0.192380761923808,0.696430356964304,0.265273472652735,0.504649535046495,0.0748925107489251,0.277772222777722,0.0843915608439156,0.375962403759624,0.753624637536246
"SNP-38_1",0.515248475152485,0.436556344365563,0.421857814218578,0.293270672932707,0.385461453854615,0.342865713428657,0.404659534046595,0.988001199880012,0.0493950604939506,0.69013098690131,0.412358764123588,0.606139386061394,0.707729227077292,0.091990800919908,0.550744925507449,0.258174182581742,0.146185381461854,0.51964803519648,0.767823217678232,0.256774322567743,0.37016298370163,0.194280571942806,0.978602139786021,0.556544345565443,0.74972502749725,0.472352764723528,0.42005799420058,0.336766323367663,0.767823217678232,0.316868313168683,0.753424657534247,0.145485451454855,0.235576442355764,0.644435556444356,0.613638636136386,0.43025697430257,0.806519348065193,0.335166483351665,0.782921707829217,0.905009499050095,0.502349765023498,0.302469753024698,0.909009099090091,0.647035296470353,0.674532546745325,0.0006999300069993,0.41015898410159,0.107789221077892,0.609139086091391,0.916008399160084
"SNP-38_2",0.523747625237476,0.288071192880712,0.461853814618538,0.488151184881512,0.615238476152385,0.515348465153485,0.454054594540546,0.45035496450355,0.563043695630437,0.885211478852115,0.901909809019098,0.446155384461554,0.673032696730327,0.655134486551345,0.61003899610039,0.728327167283272,0.593740625937406,0.455054494550545,0.511548845115488,0.406759324067593,0.0233976602339766,0.560743925607439,0.407659234076592,0.363063693630637,0.178482151784822,0.539346065393461,0.426657334266573,0.419158084191581,0.278472152784722,0.458254174582542,0.944705529447055,0.236076392360764,0.504449555044496,0.785921407859214,0.0292970702929707,0.912808719128087,0.0263973602639736,0.0165983401659834,0.594340565943406,0.437856214378562,0.831916808319168,0.658934106589341,0.268373162683732,0.462053794620538,0.418858114188581,0.297970202979702,0.654034596540346,0.823517648235176,0.400959904009599,0.329367063293671
"SNP-39_1",0.0114988501149885,0.0180981901809819,0.0650934906509349,0.990800919908009,0.687031296870313,0.611738826117388,0.458454154584542,0.0365963403659634,0.40995900409959,0.124687531246875,0.12008799120088,0.14008599140086,0.669233076692331,0.153484651534847,0.0093990600939906,0.343165683431657,0.93960603939606,0.357964203579642,0.381361863813619,0.715228477152285,0.177782221777822,0.485051494850515,0.885211478852115,0.121987801219878,0.0177982201779822,0.280971902809719,0.93040695930407,0.193380661933807,0.313268673132687,0.422857714228577,0.527447255274473,0.855214478552145,0.416458354164584,0.879012098790121,0.6996300369963,0.742625737426257,0.518248175182482,0.177182281771823,0.653034696530347,0.852114788521148,0.157884211578842,0.0464953504649535,0.695430456954305,0.427257274272573,0.0367963203679632,0.795420457954205,0.579042095790421,0.0065993400659934,0.525447455254475,0.482951704829517
"SNP-39_2",0.833316668333167,0.799120087991201,0.477952204779522,0.77972202779722,0.911108889111089,0.978602139786021,0.351464853514649,0.803519648035196,0.579442055794421,0.294570542945705,0.611538846115388,0.650934906509349,0.357164283571643,0.268273172682732,0.883711628837116,0.753024697530247,0.526047395260474,0.518348165183482,0.855614438556144,0.412558744125587,0.569043095690431,0.438156184381562,0.513848615138486,0.929107089291071,0.545945405459454,0.694530546945305,0.497550244975502,0.870812918708129,0.436556344365563,0.966203379662034,0.228577142285771,0.531646835316468,0.172882711728827,0.276372362763724,0.656334366563344,0.38006199380062,0.313068693130687,0.631636836316368,0.193880611938806,0.467953204679532,0.135286471352865,0.0203979602039796,0.445755424457554,0.34956504349565,0.37046295370463,0.558844115588441,0.521947805219478,0.284571542845715,0.437356264373563,0.0890910908909109
"SNP-40_1",0.379162083791621,0.336766323367663,0.381761823817618,0.732626737326267,0.553944605539446,0.734526547345265,0.919208079192081,0.740925907409259,0.602639736026397,0.231976802319768,0.721227877212279,0.402959704029597,0.8999100089991,0.976702329767023,0.983501649835017,0.710628937106289,0.56974302569743,0.656734326567343,0.912508749125088,0.398660133986601,0.975302469753025,0.803319668033197,0.761423857614239,0.793120687931207,0.932806719328067,0.974502549745025,0.417158284171583,0.921307869213079,0.957904209579042,0.647435256474353,0.142785721427857,0.433356664333567,0.251174882511749,0.33956604339566,0.228177182281772,0.811418858114189,0.606939306069393,0.602139786021398,0.231676832316768,0.973702629737026,0.675732426757324,0.770722927707229,0.958804119588041,0.952404759524048,0.883111688831117,0.718328167183282,0.0260973902609739,0.873412658734127,0.991100889911009,0.807419258074193
"SNP-40_2",0.978102189781022,0.178582141785821,0.773522647735226,0.827817218278172,0.631336866313369,0.73042695730427,0.832316768323168,0.727627237276272,0.909409059094091,0.874312568743126,0.936006399360064,0.866213378662134,0.87041295870413,0.166883311668833,0.796320367963204,0.0308969103089691,0.950604939506049,0.97970202979702,0.87041295870413,0.268273172682732,0.869213078692131,0.300669933006699,0.535746425357464,0.916408359164084,0.863113688631137,0.195980401959804,0.676232376762324,0.561743825617438,0.117288271172883,0.376962303769623,0.666433356664334,0.994100589941006,0.53954604539546,0.596440355964404,0.565843415658434,0.827017298270173,0.887711228877112,0.592440755924408,0.761823817618238,0.786521347865213,0.066993300669933,0.0902909709029097,0.697330266973303,0.906309369063094,0.161083891610839,0.975602439756024,0.996400359964004,0.93950604939506,0.376462353764624,0.945205479452055
"SNP-41_1",0.977102289771023,0.562143785621438,0.539146085391461,0.912108789121088,0.447155284471553,0.602339766023398,0.606639336066393,0.83021697830217,0.782321767823218,0.884211578842116,0.841915808419158,0.478552144785521,0.538046195380462,0.945505449455055,0.904909509049095,0.475152484751525,0.987201279872013,0.9002099790021,0.525247475252475,0.325767423257674,0.302869713028697,0.34966503349665,0.897210278972103,0.628437156284372,0.42025797420258,0.680731926807319,0.445755424457554,0.332966703329667,0.554044595540446,0.658034196580342,0.250674932506749,0.173482651734827,0.636836316368363,0.81021897810219,0.76982301769823,0.808819118088191,0.322867713228677,0.713328667133287,0.518148185181482,0.99010098990101,0.513748625137486,0.682631736826317,0.564743525647435,0.913908609139086,0.964103589641036,0.754224577542246,0.127587241275872,0.938706129387061,0.657634236576342,0.714128587141286
"SNP-41_2",0.795520447955204,0.967403259674033,0.92050794920508,0.0468953104689531,0.685631436856314,0.925107489251075,0.643035696430357,0.403959604039596,0.708429157084292,0.0445955404459554,0.0842915708429157,0.698830116988301,0.154784521547845,0.19048095190481,0.0181981801819818,0.613438656134387,0.065993400659934,0.997000299970003,0.669333066693331,0.336566343365663,0.856414358564144,0.534546545345465,0.91030896910309,0.659434056594341,0.770522947705229,0.770922907709229,0.017998200179982,0.465553444655534,0.439056094390561,0.157584241575842,0.605439456054395,0.807519248075192,0.425557444255574,0.976502349765023,0.898810118988101,0.888711128887111,0.688531146885311,0.0444955504449555,0.498150184981502,0.619338066193381,0.738726127387261,0.0186981301869813,0.966503349665033,0.896110388961104,0.578942105789421,0.617138286171383,0.590940905909409,0.132486751324868,0.501349865013499,0.706029397060294
"SNP-42_1",0.42035796420358,0.493450654934507,0.642935706429357,0.658634136586341,0.315668433156684,0.142185781421858,0.852614738526147,0.379362063793621,0.647335266473353,0.63983601639836,0.376062393760624,0.615038496150385,0.446455354464554,0.438356164383562,0.571042895710429,0.494850514948505,0.473652634736526,0.548345165483452,0.611338866113389,0.642835716428357,0.741325867413259,0.907009299070093,0.105489451054895,0.43005699430057,0.62963703629637,0.5002499750025,0.885111488851115,0.416258374162584,0.343865613438656,0.248575142485751,0.374862513748625,0.340765923407659,0.554344565543446,0.773522647735226,0.342965703429657,0.801119888011199,0.257274272572743,0.536846315368463,0.136086391360864,0.703329667033297,0.527447255274473,0.288171182881712,0.606539346065394,0.492250774922508,0.908409159084092,0.732826717328267,0.681731826817318,0.698330166983302,0.456854314568543,0.933606639336066
"SNP-42_2",0.400859914008599,0.703829617038296,0.576042395760424,0.457454254574543,0.273772622737726,0.441455854414559,0.209479052094791,0.526447355264474,0.906409359064094,0.740525947405259,0.958904109589041,0.395960403959604,0.346965303469653,0.5002499750025,0.288571142885711,0.263073692630737,0.585941405859414,0.697230276972303,0.34016598340166,0.733026697330267,0.686731326867313,0.825917408259174,0.422257774222578,0.91010898910109,0.408459154084592,0.730926907309269,0.457454254574543,0.433056694330567,0.280671932806719,0.341465853414659,0.507749225077492,0.2995700429957,0.902609739026097,0.553144685531447,0.989501049895011,0.735226477352265,0.627637236276372,0.413458654134587,0.471552844715528,0.176882311768823,0.578342165783422,0.193180681931807,0.873912608739126,0.909309069093091,0.162083791620838,0.318368163183682,0.935606439356064,0.933006699330067,0.952004799520048,0.313668633136686
"SNP-43_1",0.738826117388261,0.641835816418358,0.965303469653035,0.647735226477352,0.203479652034797,0.967603239676032,0.441955804419558,0.535346465353465,0.928307169283072,0.597440255974403,0.820917908209179,0.685431456854315,0.718228177182282,0.0697930206979302,0.85051494850515,0.0513948605139486,0.787821217878212,0.78042195780422,0.807519248075192,0.299170082991701,0.365363463653635,0.956904309569043,0.62953704629537,0.865713428657134,0.294970502949705,0.83021697830217,0.700629937006299,0.536846315368463,0.724627537246275,0.724927507249275,0.424457554244576,0.939406059394061,0.683831616838316,0.585741425857414,0.434056594340566,0.550844915508449,0.851214878512149,0.527447255274473,0.956004399560044,0.957804219578042,0.585741425857414,0.893910608939106,0.963203679632037,0.313768623137686,0.596340365963404,0.340965903409659,0.251574842515748,0.794720527947205,0.797320267973203,0.362163783621638
"SNP-43_2",0.0552944705529447,0.303869613038696,0.552344765523448,0.334066593340666,0.12008799120088,0.139186081391861,0.552644735526447,0.336766323367663,0.526947305269473,0.640935906409359,0.152684731526847,0.673032696730327,0.607039296070393,0.534046595340466,0.395460453954605,0.84011598840116,0.0382961703829617,0.0074992500749925,0.13958604139586,9.99900009999e-05,0.178582141785821,0.0683931606839316,0.131986801319868,0.123187681231877,0.356064393560644,0.0592940705929407,0.262073792620738,0.367563243675632,0.543045695430457,0.0445955404459554,0.450754924507549,9.99900009999e-05,0.363063693630637,0.542045795420458,0.351664833516648,9.99900009999e-05,0.783621637836216,0.503349665033497,0.505749425057494,0.846015398460154,0.546745325467453,0.236076392360764,0.36006399360064,0.150684931506849,0.816018398160184,0.0327967203279672,0.991500849915009,0.711828817118288,0.120687931206879,0.9005099490051
"SNP-44_1",9.99900009999e-05,9.99900009999e-05,0.0003999600039996,0.0128987101289871,9.99900009999e-05,9.99900009999e-05,9.99900009999e-05,9.99900009999e-05,0.077992200779922,0.0866913308669133,9.99900009999e-05,9.99900009999e-05,9.99900009999e-05,0.0591940805919408,9.99900009999e-05,0.0016998300169983,9.99900009999e-05,9.99900009999e-05,9.99900009999e-05,9.99900009999e-05,0.0372962703729627,0.0038996100389961,0.0267973202679732,0.000999900009999,9.99900009999e-05,9.99900009999e-05,0.0262973702629737,0.0003999600039996,0.0310968903109689,9.99900009999e-05,0.0182981701829817,9.99900009999e-05,9.99900009999e-05,9.99900009999e-05,9.99900009999e-05,9.99900009999e-05,0.0378962103789621,0.0537946205379462,0.0718928107189281,0.0025997400259974,0.0027997200279972,0.0003999600039996,0.0196980301969803,9.99900009999e-05,0.0060993900609939,0.555944405559444,0.185881411858814,0.336966303369663,0.278872112788721,0.138486151384862
"SNP-44_2",0.976602339766023,0.385861413858614,0.582541745825418,0.842815718428157,9.99900009999e-05,9.99900009999e-05,0.774922507749225,0.993600639936006,0.46995300469953,0.427357264273573,0.357664233576642,0.687031296870313,0.108489151084892,0.61963803619638,0.80961903809619,0.410858914108589,0.765923407659234,0.873712628737126,0.594540545945406,0.387661233876612,0.551644835516448,0.854214578542146,0.665833416658334,0.647135286471353,0.979402059794021,0.392760723927607,0.525247475252475,0.415658434156584,0.0600939906009399,0.529347065293471,0.956804319568043,0.28967103289671,0.752324767523248,0.483451654834517,0.926907309269073,0.0521947805219478,0.595240475952405,0.999200079992001,0.65013498650135,0.947605239476052,9.99900009999e-05,0.523747625237476,0.719428057194281,0.94960503949605,0.604239576042396,0.395760423957604,0.194880511948805,0.125887411258874,0.186181381861814,0.711628837116288
"SNP-45_1",0.389261073892611,0.341565843415658,0.428757124287571,0.0156984301569843,9.99900009999e-05,9.99900009999e-05,0.384061593840616,0.11988801119888,0.112388761123888,0.711328867113289,0.37046295370463,0.253174682531747,0.257474252574743,0.0777922207779222,0.281071892810719,0.158284171582842,0.116088391160884,0.425457454254575,0.086991300869913,0.34036596340366,0.567243275672433,0.61013898610139,0.0520947905209479,0.126487351264874,0.2004799520048,0.0580941905809419,0.537046295370463,0.223077692230777,0.404359564043596,0.287871212878712,0.571842815718428,0.333866613338666,0.0955904409559044,0.544045595440456,0.314468553144686,0.413758624137586,0.0770922907709229,0.0907909209079092,0.151784821517848,0.16008399160084,9.99900009999e-05,0.234276572342766,0.0317968203179682,0.0787921207879212,0.479052094790521,0.0451954804519548,0.373862613738626,0.0836916308369163,0.112888711128887,0.841315868413159
"SNP-45_2",0.577742225777422,0.446755324467553,0.235676432356764,0.29017098290171,0.343565643435656,0.604239576042396,0.671332866713329,0.678532146785321,0.902309769023098,0.774322567743226,0.435556444355564,0.546345365463454,0.244975502449755,0.400559944005599,0.997000299970003,0.887511248875112,0.598540145985402,0.698230176982302,0.5001499850015,0.223477652234777,0.495250474952505,0.82001799820018,0.195380461953805,0.386261373862614,0.436656334366563,0.464353564643536,0.957004299570043,0.830616938306169,0.848915108489151,0.586341365863414,0.277772222777722,0.728927107289271,0.563843615638436,0.808919108089191,0.56994300569943,0.857614238576142,0.486751324867513,0.984601539846015,0.222177782221778,0.276272372762724,0.687931206879312,0.654334566543346,0.204779522047795,0.918408159184082,0.311568843115688,0.0466953304669533,0.128887111288871,0.326867313268673,0.162683731626837,0.0315968403159684
"SNP-46_1",0.614538546145386,0.405559444055594,0.403059694030597,0.651934806519348,0.798520147985201,0.812318768123188,0.417558244175582,0.951604839516048,0.705929407059294,0.833716628337166,0.545345465453455,0.988901109889011,0.914708529147085,0.38996100389961,0.487651234876512,0.543745625437456,0.773922607739226,0.215678432156784,0.768723127687231,0.618338166183382,0.816718328167183,0.0005999400059994,0.323567643235676,0.737126287371263,0.93950604939506,0.632136786321368,0.915008499150085,0.285171482851715,0.843115688431157,0.982301769823018,0.461753824617538,0.989101089891011,0.806219378062194,0.233576642335766,0.57004299570043,0.326467353264674,0.806019398060194,0.913908609139086,0.165583441655834,0.902709729027097,0.756524347565243,0.98960103989601,0.605239476052395,0.84041595840416,0.573942605739426,0.498550144985501,0.126987301269873,0.198680131986801,0.694630536946305,0.496450354964504
"SNP-46_2",0.865713428657134,0.838416158384162,0.2001799820018,0.954804519548045,0.283071692830717,0.321367863213679,0.58964103589641,0.673032696730327,0.222277772222778,0.844815518448155,0.421357864213579,0.207379262073793,0.0665933406659334,0.221577842215778,0.014998500149985,0.244075592440756,0.0192980701929807,0.427257274272573,0.72012798720128,0.699330066993301,0.730526947305269,0.282371762823718,0.500649935006499,0.170882911708829,0.235176482351765,0.792920707929207,0.348965103489651,0.0053994600539946,0.396660333966603,0.537746225377462,0.254574542545745,0.727227277272273,0.098990100989901,0.707329267073293,0.237676232376762,0.273372662733727,0.0170982901709829,0.738626137386261,0.314568543145685,0.68023197680232,0.425757424257574,0.268973102689731,0.408959104089591,0.67013298670133,0.30956904309569,0.831216878312169,0.0896910308969103,0.732826717328267,0.563743625637436,0.582141785821418
"SNP-47_1",0.795420457954205,0.164183581641836,0.242575742425757,0.412958704129587,0.729027097290271,0.981301869813019,0.986101389861014,0.147585241475852,0.47955204479552,0.51964803519648,0.985401459854015,0.788121187881212,0.23967603239676,0.981401859814019,0.748325167483252,0.172282771722828,0.522747725227477,0.863013698630137,0.767823217678232,0.34966503349665,0.900809919008099,0.750524947505249,0.935606439356064,0.710628937106289,0.48995100489951,0.974902509749025,0.752824717528247,0.517148285171483,0.671632836716328,0.22997700229977,0.578242175782422,0.964303569643036,0.443755624437556,0.974002599740026,0.878712128787121,0.792720727927207,0.900909909009099,0.743225677432257,0.567743225677432,0.881311868813119,0.727227277272273,0.928107189281072,0.450954904509549,0.950604939506049,0.992700729927007,0.570642935706429,0.28037196280372,0.22027797220278,0.36006399360064,0.256574342565743
"SNP-47_2",0.901309869013099,0.936006399360064,0.658234176582342,0.739326067393261,0.771822817718228,0.668733126687331,0.54014598540146,0.671232876712329,0.813918608139186,0.578642135786421,0.61043895610439,0.727827217278272,0.383661633836616,0.586141385861414,0.210978902109789,0.887011298870113,0.232976702329767,0.555844415558444,0.437356264373563,0.387861213878612,0.50984901509849,0.664833516648335,0.644335566443356,0.382561743825617,0.221477852214779,0.704929507049295,0.13958604139586,0.614538546145386,0.622937706229377,0.26017398260174,0.355964403559644,0.918008199180082,0.510548945105489,0.895610438956104,0.627737226277372,0.847615238476152,0.939006099390061,0.917608239176082,0.606439356064394,0.874812518748125,0.963903609639036,0.864613538646135,0.626937306269373,0.155484451554845,0.108689131086891,0.117588241175882,0.443055694430557,0.151284871512849,0.186181381861814,0.191580841915808
"SNP-48_1",0.242275772422758,0.242375762423758,0.45015498450155,0.497250274972503,0.928507149285071,0.630936906309369,0.665333466653335,0.514348565143486,0.61043895610439,0.801919808019198,0.235176482351765,0.296570342965703,0.405159484051595,0.363963603639636,0.46005399460054,0.605739426057394,0.179082091790821,0.292170782921708,0.517248275172483,0.548745125487451,0.46965303469653,0.335066493350665,0.427357264273573,0.413158684131587,0.339266073392661,0.679232076792321,0.222577742225777,0.297470252974703,0.354364563543646,0.984201579842016,0.364363563643636,0.423357664233577,0.648035196480352,0.277272272772723,0.56974302569743,0.263873612638736,0.432856714328567,0.296870312968703,0.524647535246475,0.0826917308269173,0.160883911608839,0.367763223677632,0.605739426057394,0.68003199680032,0.35956404359564,0.397360263973603,0.718828117188281,0.261473852614739,0.412858714128587,0.95030496950305
"SNP-48_2",0.664533546645335,0.96980301969803,0.609339066093391,0.902209779022098,0.56974302569743,0.613638636136386,0.55024497550245,0.973802619738026,0.602639736026397,0.642935706429357,0.771822817718228,0.83971602839716,0.143485651434857,0.881411858814119,0.947505249475053,0.781721827817218,0.111988801119888,0.873512648735126,0.575242475752425,0.548645135486451,0.0980901909809019,0.661933806619338,0.623837616238376,0.445255474452555,0.391860813918608,0.554544545545445,0.698030196980302,0.75032496750325,0.926007399260074,0.672132786721328,0.881611838816118,0.245175482451755,0.628337166283372,0.825417458254175,0.526647335266473,0.723627637236276,0.667033296670333,0.685631436856314,0.742025797420258,0.991400859914009,0.882511748825118,0.578342165783422,0.692330766923308,0.499450054994501,0.590840915908409,0.88951104889511,0.611438856114389,0.931606839316068,0.645335466453355,0.981701829817018
"SNP-49_1",0.426657334266573,0.636436356364364,0.757024297570243,0.647635236476352,0.877812218778122,0.82971702829717,0.717528247175283,0.96020397960204,0.697930206979302,0.3997600239976,0.797120287971203,0.909109089091091,0.0856914308569143,0.84031596840316,0.538046195380462,0.861113888611139,0.755224477552245,0.382161783821618,0.551444855514449,0.804719528047195,0.336066393360664,0.327767223277672,0.38006199380062,0.690530946905309,0.842015798420158,0.324367563243676,0.896010398960104,0.198580141985801,0.0593940605939406,0.262573742625737,0.544745525447455,0.884111588841116,0.987001299870013,0.757324267573243,0.927307269273073,0.585641435856414,0.711728827117288,0.864613538646135,0.825217478252175,0.231676832316768,0.328167183281672,0.645335466453355,0.244475552444756,0.185481451854815,0.454254574542546,0.933206679332067,0.86031396860314,0.293270672932707,0.0710928907109289,0.541145885411459
"SNP-49_2",0.644335566443356,0.162683731626837,0.726627337266273,0.644835516448355,0.267873212678732,0.342665733426657,0.815718428157184,0.50974902509749,0.207379262073793,0.126387361263874,0.47975202479752,0.877312268773123,0.107389261073893,0.500549945005499,0.450954904509549,0.466753324667533,0.625937406259374,0.430756924307569,0.554444555544446,0.774422557744226,0.741225877412259,0.567543245675432,0.595040495950405,0.716328367163284,0.382761723827617,0.313068693130687,0.777122287771223,0.942705729427057,0.597840215978402,0.681931806819318,0.854514548545146,0.69043095690431,0.842415758424158,0.156584341565843,0.525547445255474,0.223077692230777,0.816118388161184,0.304369563043696,0.955804419558044,0.619038096190381,0.948005199480052,0.517148285171483,0.128487151284872,0.172182781721828,0.876912308769123,0.727427257274273,0.314468553144686,0.751024897510249,0.772722727727227,0.932406759324068
"SNP-50_1",0.414958504149585,0.318968103189681,0.714028597140286,0.654734526547345,0.0557944205579442,0.0615938406159384,0.0422957704229577,0.28987101289871,0.736826317368263,0.581941805819418,0.712428757124288,0.756824317568243,0.876112388761124,0.724927507249275,0.24957504249575,0.230876912308769,0.733826617338266,0.458054194580542,0.0806919308069193,0.141285871412859,0.368063193680632,0.97000299970003,0.167583241675832,0.617138286171383,0.573142685731427,0.919008099190081,0.873812618738126,0.49035096490351,0.0537946205379462,0.368763123687631,0.268673132686731,0.256074392560744,0.683831616838316,0.311668833116688,0.874612538746125,0.0437956204379562,0.667533246675332,0.234776522347765,0.795920407959204,0.162383761623838,0.872212778722128,0.450554944505549,0.657134286571343,0.604239576042396,0.693630636936306,0.737526247375263,0.145785421457854,0.462053794620538,0.357064293570643,0.52034796520348
"SNP-50_2",0.368863113688631,0.0106989301069893,0.003999600039996,0.0993900609939006,0.444455554444556,0.308169183081692,0.187881211878812,0.262973702629737,0.0057994200579942,0.0096990300969903,0.0941905809419058,0.0057994200579942,0.005999400059994,0.155184481551845,0.139386061393861,0.136686331366863,0.06999300069993,0.0756924307569243,0.112988701129887,0.166083391660834,0.0368963103689631,0.252174782521748,0.444155584441556,0.083991600839916,0.327367263273673,0.244675532446755,0.204679532046795,0.202079792020798,0.218578142185781,0.082991700829917,0.0661933806619338,0.0446955304469553,0.239376062393761,0.437756224377562,0.0644935506449355,0.261473852614739,0.0072992700729927,0.125387461253875,0.176582341765823,0.576342365763424,0.0653934606539346,0.0420957904209579,0.111688831116888,0.721427857214279,0.561243875612439,0.151084891510849,0.463153684631537,0.152084791520848,0.833116688331167,0.648135186481352
"SNP-51_1",0.0431956804319568,0.297270272972703,0.104789521047895,0.0005999400059994,0.685831416858314,0.583741625837416,0.631936806319368,0.849215078492151,0.917108289171083,0.327967203279672,0.685531446855314,0.512148785121488,0.113988601139886,0.196980301969803,0.856014398560144,0.609439056094391,0.0011998800119988,0.138886111388861,0.633036696330367,0.899410058994101,0.409459054094591,0.293470652934707,0.966503349665033,0.487251274872513,0.0008999100089991,0.0013998600139986,0.586941305869413,0.0663933606639336,0.0008999100089991,0.260873912608739,0.875412458754125,0.57004299570043,0.288871112888711,0.0654934506549345,0.460953904609539,0.101789821017898,0.807919208079192,0.881311868813119,0.146385361463854,0.934106589341066,0.251974802519748,0.72962703729627,0.830816918308169,0.0003999600039996,0.264073592640736,0.968803119688031,0.662033796620338,0.968403159684032,0.979502049795021,0.491550844915508
"SNP-51_2",0.285271472852715,0.32026797320268,0.44015598440156,0.736026397360264,0.596640335966403,0.648835116488351,0.68003199680032,0.738526147385261,0.380561943805619,0.958904109589041,0.0797920207979202,0.54024597540246,0.237076292370763,0.398860113988601,0.436656334366563,0.58014198580142,0.6001399860014,0.425257474252575,0.0892910708929107,0.0890910908909109,0.305569443055694,0.30956904309569,0.218778122187781,0.684431556844316,0.717928207179282,0.628837116288371,0.507249275072493,0.504249575042496,0.62993700629937,0.250674932506749,0.0121987801219878,0.301669833016698,0.0483951604839516,0.527447255274473,0.288071192880712,0.613138686131387,0.235076492350765,0.759224077592241,0.714628537146285,0.734126587341266,0.305669433056694,0.638036196380362,0.197580241975802,0.045995400459954,0.410958904109589,0.477852214778522,0.897810218978102,0.952104789521048,0.388261173882612,0.305969403059694
"SNP-52_1",0.666733326667333,0.712528747125287,0.632136786321368,0.354464553544646,0.0938906109389061,0.102089791020898,0.924407559244076,0.552044795520448,0.61043895610439,0.652334766523348,0.147685231476852,0.43955604439556,0.792920707929207,0.911508849115088,0.542845715428457,0.277572242775722,0.437856214378562,0.464253574642536,0.392660733926607,0.601039896010399,0.272472752724728,0.714328567143286,0.402159784021598,0.0336966303369663,0.628937106289371,0.489251074892511,0.205379462053795,0.889211078892111,0.427557244275572,0.795820417958204,0.381561843815618,0.912608739126087,0.132986701329867,0.638736126387361,0.514248575142486,0.206779322067793,0.947705229477052,0.202979702029797,0.0973902609739026,0.393960603939606,0.115388461153885,0.421257874212579,0.387061293870613,0.528947105289471,0.851314868513149,0.135486451354865,0.282571742825717,0.812018798120188,0.581541845815418,0.0448955104489551
"SNP-52_2",0.31036896310369,0.370762923707629,0.182481751824818,0.354064593540646,0.249075092490751,0.30986901309869,0.826717328267173,0.381961803819618,0.252074792520748,0.465753424657534,0.432356764323568,0.257174282571743,0.675432456754325,0.187381261873813,0.552644735526447,0.124887511248875,0.368263173682632,0.632336766323368,0.392960703929607,0.392260773922608,0.139086091390861,0.619338066193381,0.947605239476052,0.354564543545645,0.325267473252675,0.33016698330167,0.130986901309869,0.401959804019598,0.255174482551745,0.229377062293771,0.223677632236776,0.756624337566243,0.530846915308469,0.201979802019798,0.153784621537846,0.505049495050495,0.313468653134687,0.31996800319968,0.523147685231477,0.0607939206079392,0.0472952704729527,0.237176282371763,0.202379762023798,0.375462453754625,0.426957304269573,0.211378862113789,0.607239276072393,0.503749625037496,0.714328567143286,0.470552944705529
"SNP-53_1",0.119188081191881,0.37006299370063,0.43045695430457,0.416858314168583,0.505049495050495,0.676832316768323,0.337566243375662,0.0042995700429957,0.277572242775722,0.156384361563844,0.176382361763824,0.274372562743726,0.17048295170483,0.231376862313769,0.855414458554145,0.331266873312669,0.251474852514749,0.22037796220378,0.385361463853615,0.316768323167683,0.0036996300369963,0.339166083391661,0.127187281271873,0.1996800319968,0.511748825117488,0.110988901109889,0.287871212878712,0.554144585541446,0.432156784321568,0.48995100489951,0.464953504649535,0.155084491550845,0.168883111688831,0.0951904809519048,0.0991900809919008,0.272972702729727,0.186481351864814,0.243175682431757,0.338966103389661,0.0018998100189981,0.184181581841816,0.0995900409959004,0.304569543045695,0.337266273372663,0.176782321767823,0.0663933606639336,0.761323867613239,0.311068893110689,0.506949305069493,0.350664933506649
"SNP-53_2",0.906409359064094,0.410858914108589,0.938206179382062,0.531746825317468,0.212878712128787,0.241475852414759,0.981901809819018,0.949105089491051,0.955604439556044,0.814118588141186,0.68993100689931,0.92000799920008,0.428257174282572,0.924807519248075,0.51974802519748,0.674532546745325,0.763023697630237,0.306169383061694,0.615438456154385,0.815618438156184,0.633936606339366,0.793420657934207,0.566343365663434,0.78022197780222,0.989401059894011,0.847715228477152,0.431356864313569,0.237376262373763,0.874612538746125,0.733626637336266,0.401659834016598,0.58044195580442,0.567143285671433,0.45965403459654,0.456154384561544,0.595440455954405,0.716228377162284,0.699530046995301,0.494850514948505,0.994300569943006,0.328367163283672,0.836116388361164,0.955204479552045,0.679332066793321,0.9002099790021,0.966103389661034,0.695430456954305,0.755424457554245,0.662333766623338,0.358764123587641
"SNP-54_1",0.919108089191081,0.81041895810419,0.907109289071093,0.745125487451255,0.343365663433657,0.382161783821618,0.282571742825717,0.421857814218578,0.318168183181682,0.529247075292471,0.226877312268773,0.901009899010099,0.872812718728127,0.941105889411059,0.941305869413059,0.485351464853515,0.858314168583142,0.966403359664034,0.476152384761524,0.629037096290371,0.831316868313169,0.336866313368663,0.505449455054495,0.875412458754125,0.991700829917008,0.446955304469553,0.911208879112089,0.480651934806519,0.917908209179082,0.828417158284172,0.345265473452655,0.4001599840016,0.117888211178882,0.559044095590441,0.760823917608239,0.465753424657534,0.789321067893211,0.324767523247675,0.547045295470453,0.851514848515148,0.0562943705629437,0.889411058894111,0.998600139986001,0.793520647935206,0.500749925007499,0.998500149985001,0.213678632136786,0.723527647235277,0.995000499950005,0.523047695230477
"SNP-54_2",0.224277572242776,0.15008499150085,0.570842915708429,0.311368863113689,0.661233876612339,0.993600639936006,0.597040295970403,0.377962203779622,0.657434256574343,0.877712228777122,0.0744925507449255,0.897610238976102,0.644635536446355,0.294270572942706,0.454754524547545,0.352564743525647,0.0503949605039496,0.253574642535746,0.063993600639936,0.0673932606739326,0.411958804119588,0.505349465053495,0.821017898210179,0.447655234476552,0.384361563843616,0.228577142285771,0.0317968203179682,0.543245675432457,0.423657634236576,0.577142285771423,0.613438656134387,0.278672132786721,0.942405759424058,0.632236776322368,0.896810318968103,0.334066593340666,0.969203079692031,0.588141185881412,0.575742425757424,0.8996100389961,0.723927607239276,0.387361263873613,0.915308469153085,0.227077292270773,0.205079492050795,0.79012098790121,0.256674332566743,0.638236176382362,0.973202679732027,0.199380061993801
"SNP-55_1",0.720627937206279,0.436856314368563,0.337366263373663,0.155784421557844,0.893410658934107,0.667933206679332,0.478152184781522,0.338466153384662,0.754724527547245,0.114488551144886,0.539046095390461,0.292870712928707,0.713628637136286,0.695530446955304,0.577042295770423,0.814218578142186,0.879012098790121,0.467553244675532,0.913208679132087,0.566243375662434,0.353264673532647,0.748625137486251,0.473152684731527,0.947505249475053,0.977602239776022,0.834216578342166,0.480551944805519,0.423957604239576,0.0254974502549745,0.887511248875112,0.956904309569043,0.0240975902409759,0.236976302369763,0.486751324867513,0.799220077992201,0.630936906309369,0.434656534346565,0.631036896310369,0.482251774822518,0.925107489251075,0.994200579942006,0.815818418158184,0.937406259374063,0.930806919308069,0.709229077092291,0.871712828717128,0.0715928407159284,0.374162583741626,0.348165183481652,0.881711828817118
"SNP-55_2",0.998300169983002,0.0772922707729227,0.923507649235076,0.677132286771323,0.677232276772323,0.496450354964504,0.0624937506249375,0.653134686531347,0.123987601239876,0.926307369263074,0.714128587141286,0.928307169283072,0.871712828717128,0.80991900809919,0.851514848515148,0.553844615538446,0.167983201679832,0.815518448155184,0.115188481151885,0.0807919208079192,0.896710328967103,0.649135086491351,0.88031196880312,0.836516348365164,0.752424757524248,0.843615638436156,0.894510548945106,0.951304869513049,0.48045195480452,0.477352264773523,0.173482651734827,0.358664133586641,0.936006399360064,0.995100489951005,0.287171282871713,0.981201879812019,0.601639836016398,0.959004099590041,0.924407559244076,0.592340765923408,0.0957904209579042,0.725927407259274,0.341165883411659,0.98010198980102,0.85011498850115,0.945805419458054,0.833316668333167,0.92010798920108,0.56964303569643,0.967403259674033
"SNP-56_1",0.847715228477152,0.773522647735226,0.79022097790221,0.997100289971003,0.986101389861014,0.34986501349865,0.944405559444056,0.729327067293271,0.854114588541146,0.518448155184482,0.252574742525747,0.644535546445355,0.274472552744726,0.956304369563044,0.494650534946505,0.369363063693631,0.913408659134087,0.451954804519548,0.647835216478352,0.7998200179982,0.622837716228377,0.422757724227577,0.770722927707229,0.834416558344166,0.934606539346065,0.397960203979602,0.981301869813019,0.596740325967403,0.422057794220578,0.607739226077392,0.370662933706629,0.534346565343466,0.450654934506549,0.73022697730227,0.648635136486351,0.607939206079392,0.573142685731427,0.971602839716028,0.778522147785221,0.221777822217778,0.481451854814519,0.753524647535247,0.852114788521148,0.0356964303569643,0.531646835316468,0.596140385961404,0.133686631336866,0.115788421157884,0.616038396160384,0.628937106289371
"SNP-56_2",0.765223477652235,0.552344765523448,0.721527847215279,0.4999500049995,0.464553544645535,0.531046895310469,0.197980201979802,0.915608439156084,0.0261973802619738,0.304569543045695,0.785321467853215,0.816918308169183,0.932606739326067,0.832116788321168,0.653234676532347,0.154684531546845,0.316468353164684,0.683931606839316,0.961003899610039,0.979302069793021,0.784221577842216,0.866713328667133,0.846715328467153,0.81981801819818,0.614138586141386,0.822117788221178,0.824217578242176,0.855414458554145,0.908609139086091,0.602139786021398,0.814418558144186,0.707329267073293,0.634236576342366,0.908909109089091,0.303769623037696,0.988901109889011,0.194080591940806,0.938306169383062,0.222477752224778,0.135986401359864,0.888411158884112,0.448755124487551,0.723927607239276,0.621137886211379,0.88051194880512,0.925207479252075,0.32026797320268,0.266273372662734,0.786121387861214,0.338266173382662
"SNP-57_1",0.145385461453855,0.16958304169583,0.804819518048195,0.225977402259774,0.647335266473353,0.540445955404459,0.0974902509749025,0.415958404159584,0.741725827417258,0.828617138286171,0.62963703629637,0.301969803019698,0.820617938206179,0.0863913608639136,0.371262873712629,0.9004099590041,0.508549145085491,0.0283971602839716,0.401459854014599,0.393460653934607,0.795720427957204,0.956104389561044,0.642835716428357,0.67003299670033,0.592540745925408,0.945505449455055,0.564443555644436,0.234176582341766,0.374362563743626,0.540745925407459,0.156984301569843,0.623637636236376,0.674032596740326,0.257674232576742,0.679432056794321,0.488351164883512,0.923407659234077,0.402559744025597,0.144385561443856,0.756024397560244,0.474252574742526,0.0825917408259174,0.794220577942206,0.0584941505849415,0.83981601839816,0.213278672132787,0.486451354864514,0.57024297570243,0.994200579942006,0.764123587641236
"SNP-57_2",0.657134286571343,0.524447555244476,0.76022397760224,0.236276372362764,0.990700929907009,0.955504449555045,0.634336566343366,0.953604639536046,0.0138986101389861,0.752124787521248,0.932206779322068,0.847615238476152,0.988101189881012,0.118488151184882,0.97040295970403,0.748025197480252,0.386661333866613,0.871212878712129,0.630536946305369,0.75012498750125,0.654334566543346,0.0271972802719728,0.824617538246175,0.0417958204179582,0.962703729627037,0.811018898110189,0.113888611138886,0.957804219578042,0.409159084091591,0.515548445155484,0.642235776422358,0.87041295870413,0.97040295970403,0.666733326667333,0.431856814318568,0.567543245675432,0.877412258774123,0.978502149785021,0.181181881811819,0.587841215878412,0.271272872712729,0.890810918908109,0.763123687631237,0.688631136886311,0.401959804019598,0.557744225577442,0.149085091490851,0.566943305669433,0.896010398960104,0.548945105489451
"SNP-58_1",0.723027697230277,0.758524147585241,0.102489751024898,0.572342765723428,0.21997800219978,0.214378562143786,0.376462353764624,0.873912608739126,0.224877512248775,0.614938506149385,0.201579842015798,0.872812718728127,0.223677632236776,0.931806819318068,0.845315468453155,0.223277672232777,0.351564843515648,0.588741125887411,0.396960303969603,0.57974202579742,0.85051494850515,0.462553744625537,0.645135486451355,0.0770922907709229,0.305469453054695,0.540445955404459,0.229377062293771,0.391360863913609,0.374462553744626,0.766223377662234,0.952504749525047,0.343465653434657,0.142985701429857,0.412158784121588,0.784821517848215,0.53974602539746,0.457454254574543,0.849315068493151,0.651434856514349,0.493850614938506,0.251274872512749,0.0832916708329167,0.217278272172783,0.268673132686731,0.237876212378762,0.319468053194681,0.928507149285071,0.892810718928107,0.457254274572543,0.915408459154085
"SNP-58_2",0.318668133186681,0.248975102489751,0.352064793520648,0.164283571642836,0.0491950804919508,0.0558944105589441,0.602839716028397,0.0225977402259774,0.315668433156684,0.535946405359464,0.264373562643736,0.331266873312669,9.99900009999e-05,0.824317568243176,0.0141985801419858,0.346465353464654,0.229077092290771,0.298470152984702,0.093990600939906,0.0076992300769923,0.0171982801719828,0.431656834316568,0.419158084191581,9.99900009999e-05,0.132786721327867,0.303269673032697,0.497050294970503,0.33986601339866,0.276172382761724,0.600839916008399,0.609239076092391,0.040995900409959,0.231476852314769,0.878812118788121,0.125287471252875,0.473552644735526,0.321467853214679,0.0931906809319068,0.131386861313869,0.31966803319668,0.239276072392761,0.222977702229777,0.0183981601839816,0.529047095290471,0.660933906609339,0.205879412058794,0.793820617938206,0.0937906209379062,0.558744125587441,0.485851414858514
"SNP-59_1",0.16018398160184,0.533046695330467,0.285871412858714,0.265573442655734,0.31026897310269,0.272072792720728,0.540845915408459,0.547145285471453,0.16018398160184,0.221277872212779,0.20987901209879,0.943105689431057,0.239276072392761,0.397760223977602,0.608439156084392,0.983401659834017,0.0558944105589441,0.701929807019298,0.883511648835116,0.806119388061194,0.17018298170183,0.168483151684832,0.163383661633837,0.295070492950705,0.185581441855814,0.266973302669733,0.225677432256774,0.415958404159584,0.331766823317668,0.31016898310169,0.839416058394161,0.976802319768023,0.78952104789521,0.165983401659834,0.58954104589541,0.231376862313769,0.27967203279672,0.415058494150585,0.547945205479452,0.0818918108189181,0.928507149285071,0.0781921807819218,0.407559244075592,0.157484251574843,0.0946905309469053,0.904609539046095,0.914408559144086,0.687031296870313,0.235676432356764,0.412358764123588
"SNP-59_2",0.583841615838416,0.878112188781122,0.194280571942806,0.656834316568343,0.534846515348465,0.458154184581542,0.335566443355664,0.892510748925108,0.263773622637736,0.44985501449855,0.591440855914409,0.569443055694431,0.356764323567643,0.207779222077792,0.37986201379862,0.627237276272373,0.0004999500049995,0.456954304569543,0.501549845015498,0.0026997300269973,0.375762423757624,0.44005599440056,0.0006999300069993,0.364563543645635,0.278172182781722,0.0513948605139486,0.615238476152385,0.97980201979802,0.144785521447855,0.48035196480352,0.446855314468553,0.457454254574543,0.653834616538346,0.522647735226477,0.872612738726127,0.502249775022498,0.339266073392661,0.958304169583042,0.104689531046895,0.339066093390661,0.718628137186281,0.324467553244676,0.0761923807619238,0.212178782121788,0.970902909709029,0.702829717028297,0.484451554844516,0.703929607039296,0.513848615138486,0.433056694330567
"SNP-60_1",0.0694930506949305,0.135786421357864,0.252974702529747,0.0632936706329367,0.0957904209579042,0.103989601039896,0.4001599840016,0.506649335066493,0.117188281171883,0.32956704329567,0.552144785521448,0.0994900509949005,0.435656434356564,0.25047495250475,0.0665933406659334,0.322667733226677,0.0056994300569943,0.390560943905609,0.0306969303069693,0.0003999600039996,0.208679132086791,0.0002999700029997,0.013998600139986,0.227977202279772,0.0685931406859314,0.0651934806519348,0.390760923907609,0.122987701229877,0.0870912908709129,0.121887811218878,0.561643835616438,0.624737526247375,0.300869913008699,0.304969503049695,0.341965803419658,0.0234976502349765,0.294570542945705,0.0682931706829317,0.0244975502449755,0.302169783021698,0.0621937806219378,0.502149785021498,0.203379662033797,0.441055894410559,0.128787121287871,0.201179882011799,0.0293970602939706,0.75962403759624,0.0098990100989901,0.291770822917708
"SNP-60_2",0.345165483451655,0.189481051894811,0.943005699430057,9.99900009999e-05,0.617438256174383,0.671632836716328,0.383461653834617,0.373662633736626,0.646335366463354,0.840915908409159,0.272572742725727,0.141685831416858,0.146085391460854,0.731426857314269,0.242575742425757,0.374162583741626,0.477452254774523,0.234976502349765,0.23987601239876,0.867013298670133,0.613638636136386,0.282671732826717,0.818318168183182,0.632736726327367,0.872612738726127,0.997000299970003,0.844115588441156,0.787721227877212,0.106489351064894,0.488151184881512,0.423657634236576,0.69043095690431,0.158184181581842,0.671932806719328,0.392760723927607,0.781821817818218,0.361463853614639,0.586841315868413,0.625237476252375,0.616838316168383,0.725727427257274,0.662133786621338,0.672932706729327,0.56024397560244,0.0586941305869413,0.151784821517848,0.0910908909109089,0.374362563743626,0.940505949405059,0.742025797420258
"SNP-61_1",0.855314468553145,0.681831816818318,0.450754924507549,0.495750424957504,0.728027197280272,0.821717828217178,0.666933306669333,0.988201179882012,0.873112688731127,0.653134686531347,0.327467253274673,0.747525247475253,0.95030496950305,0.834416558344166,0.603339666033397,0.592540745925408,0.88021197880212,0.695630436956304,0.622437756224378,0.642835716428357,0.42025797420258,0.552244775522448,0.427257274272573,0.188681131886811,0.396660333966603,0.200579942005799,0.966303369663034,0.997400259974003,0.528947105289471,0.325267473252675,0.65953404659534,0.606139386061394,0.913808619138086,0.892910708929107,0.453554644535546,0.945205479452055,0.648535146485351,0.792820717928207,0.880611938806119,0.645135486451355,0.0952904709529047,0.616138386161384,0.865513448655134,0.178982101789821,0.837716228377162,0.246075392460754,0.366963303669633,0.0621937806219378,0.607239276072393,0.657834216578342
"SNP-61_2",0.0036996300369963,0.516948305169483,0.276672332766723,0.0586941305869413,0.564043595640436,0.438656134386561,0.485251474852515,0.110588941105889,0.314768523147685,0.428957104289571,0.585641435856414,0.326667333266673,0.153884611538846,0.4995500449955,0.0017998200179982,0.443755624437556,0.0135986401359864,0.701029897010299,0.0345965403459654,0.546045395460454,0.227777222277772,0.368363163683632,0.657034296570343,0.131886811318868,0.172782721727827,0.778522147785221,0.537646235376462,0.495250474952505,0.663933606639336,0.0028997100289971,0.481651834816518,0.328467153284672,0.946205379462054,0.403659634036596,0.11008899110089,0.522847715228477,0.233776622337766,0.111388861113889,0.722427757224278,0.328267173282672,0.874512548745126,0.643635636436356,0.898210178982102,0.397360263973603,0.730726927307269,0.413858614138586,0.548045195480452,0.365563443655634,0.775722427757224,0.469253074692531
"SNP-62_1",0.0076992300769923,0.258074192580742,0.476252374762524,0.685031496850315,0.381361863813619,0.422157784221578,0.103289671032897,0.524547545245475,0.727627237276272,0.369063093690631,0.473152684731527,0.177182281771823,0.744725527447255,0.847215278472153,0.0027997200279972,0.43045695430457,0.167083291670833,0.343465653434657,0.588441155884412,0.778722127787221,0.761723827617238,0.32046795320468,0.0836916308369163,0.493650634936506,0.400859914008599,0.805419458054195,0.0643935606439356,0.436656334366563,0.153084691530847,0.0033996600339966,0.29037096290371,0.717928207179282,0.244475552444756,0.177882211778822,0.791320867913209,0.25017498250175,0.205679432056794,0.397360263973603,0.844115588441156,0.770722927707229,0.65963403659634,0.0821917808219178,0.812518748125187,0.695530446955304,0.770922907709229,0.627437256274373,0.416958304169583,0.345465453454655,0.0811918808119188,0.718728127187281
"SNP-62_2",9.99900009999e-05,9.99900009999e-05,9.99900009999e-05,9.99900009999e-05,9.99900009999e-05,9.99900009999e-05,9.99900009999e-05,9.99900009999e-05,9.99900009999e-05,9.99900009999e-05,9.99900009999e-05,9.99900009999e-05,9.99900009999e-05,9.99900009999e-05,9.99900009999e-05,9.99900009999e-05,9.99900009999e-05,9.99900009999e-05,9.99900009999e-05,9.99900009999e-05,9.99900009999e-05,9.99900009999e-05,9.99900009999e-05,9.99900009999e-05,9.99900009999e-05,9.99900009999e-05,9.99900009999e-05,9.99900009999e-05,9.99900009999e-05,9.99900009999e-05,9.99900009999e-05,9.99900009999e-05,9.99900009999e-05,9.99900009999e-05,9.99900009999e-05,9.99900009999e-05,9.99900009999e-05,9.99900009999e-05,9.99900009999e-05,9.99900009999e-05,9.99900009999e-05,9.99900009999e-05,0.0002999700029997,9.99900009999e-05,9.99900009999e-05,9.99900009999e-05,0.0088991100889911,9.99900009999e-05,9.99900009999e-05,9.99900009999e-05
"SNP-63_1",9.99900009999e-05,9.99900009999e-05,9.99900009999e-05,9.99900009999e-05,0.0121987801219878,9.99900009999e-05,0.000999900009999,9.99900009999e-05,0.0200979902009799,0.0026997300269973,9.99900009999e-05,9.99900009999e-05,9.99900009999e-05,0.0304969503049695,9.99900009999e-05,9.99900009999e-05,9.99900009999e-05,9.99900009999e-05,9.99900009999e-05,9.99900009999e-05,0.0006999300069993,0.0003999600039996,0.0093990600939906,0.0004999500049995,9.99900009999e-05,9.99900009999e-05,9.99900009999e-05,9.99900009999e-05,0.0002999700029997,9.99900009999e-05,9.99900009999e-05,9.99900009999e-05,0.0002999700029997,9.99900009999e-05,9.99900009999e-05,9.99900009999e-05,0.0007999200079992,0.0003999600039996,9.99900009999e-05,0.0002999700029997,9.99900009999e-05,9.99900009999e-05,0.0055994400559944,0.0092990700929907,9.99900009999e-05,9.99900009999e-05,0.244375562443756,9.99900009999e-05,0.0017998200179982,0.0022997700229977
"SNP-63_2",0.414358564143586,0.191980801919808,0.402859714028597,0.84971502849715,0.682631736826317,0.691530846915308,0.779422057794221,0.907109289071093,0.800519948005199,0.597740225977402,0.921207879212079,0.936006399360064,0.769123087691231,0.401359864013599,0.623437656234377,0.583341665833417,0.554344565543446,0.908309169083092,0.523947605239476,0.273472652734727,0.65003499650035,0.608939106089391,0.673732626737326,0.786521347865213,0.0227977202279772,0.0741925807419258,0.954704529547045,0.883311668833117,0.487051294870513,0.128087191280872,0.604139586041396,0.978702129787021,0.0743925607439256,0.942705729427057,0.702829717028297,0.181281871812819,0.685931406859314,0.677332266773323,0.777922207779222,0.559444055594441,0.900609939006099,0.117288271172883,0.454854514548545,0.947805219478052,0.878612138786121,0.0067993200679932,0.914008599140086,0.0050994900509949,0.574442555744426,0.511148885111489
"SNP-64_1",0.430856914308569,0.547545245475452,0.51974802519748,0.904809519048095,0.0155984401559844,0.611238876112389,0.896610338966103,0.678432156784322,0.105689431056894,0.234276572342766,0.771922807719228,0.691030896910309,0.948305169483052,0.118188181181882,0.821517848215178,0.933006699330067,0.467753224677532,0.711528847115289,0.696930306969303,0.0256974302569743,0.761923807619238,0.526347365263474,0.512148785121488,0.571742825717428,0.703329667033297,0.628737126287371,0.904109589041096,0.0170982901709829,0.499450054994501,0.790820917908209,0.61993800619938,0.845315468453155,0.768723127687231,0.601839816018398,0.804719528047195,0.735026497350265,0.678632136786321,0.550944905509449,0.654634536546345,0.86971302869713,0.972402759724028,0.698030196980302,0.844515548445156,0.88051194880512,0.441555844415558,0.715028497150285,0.427757224277572,0.104189581041896,0.137486251374863,0.584641535846415
"SNP-64_2",0.185481451854815,0.286971302869713,0.028997100289971,0.0022997700229977,0.242175782421758,0.261673832616738,0.659134086591341,0.481051894810519,0.275872412758724,0.29047095290471,0.11028897110289,0.0364963503649635,0.54984501549845,0.326167383261674,0.173982601739826,0.0140985901409859,0.0020997900209979,0.191280871912809,0.487351264873513,0.157284271572843,0.347865213478652,0.0892910708929107,0.391460853914609,0.430556944305569,0.322267773222678,0.163283671632837,0.384161583841616,0.281671832816718,0.366763323667633,0.225577442255774,0.201879812018798,0.443255674432557,0.508849115088491,9.99900009999e-05,0.43985601439856,0.319468053194681,0.471452854714529,0.324967503249675,0.0725927407259274,0.19028097190281,0.332466753324668,0.541645835416458,0.242375762423758,0.212278772122788,0.447955204479552,0.130986901309869,0.994500549945005,0.0062993700629937,0.402559744025597,0.594240575942406
"SNP-65_1",0.817618238176182,0.816818318168183,0.201879812018798,0.143885611438856,0.752124787521248,0.080991900809919,0.315568443155684,0.881411858814119,0.486751324867513,0.474552544745525,0.416358364163584,0.177282271772823,0.279072092790721,0.646335366463354,0.591340865913409,0.155184481551845,0.257374262573743,0.410958904109589,0.353364663533647,0.506149385061494,0.769223077692231,0.848115188481152,0.935206479352065,0.744925507449255,0.289471052894711,0.674132586741326,0.703629637036296,0.746125387461254,0.238176182381762,0.583641635836416,0.841315868413159,0.657034296570343,0.148485151484852,0.0490950904909509,0.611338866113389,0.100789921007899,0.828417158284172,0.758624137586241,0.158684131586841,0.977402259774023,0.409359064093591,0.0768923107689231,0.266773322667733,0.972202779722028,0.063993600639936,0.244075592440756,0.24967503249675,0.0251974802519748,0.861813818618138,0.211378862113789
"SNP-65_2",0.611538846115388,0.416758324167583,0.616738326167383,0.382361763823618,0.754624537546245,0.632036796320368,0.358564143585641,0.328867113288671,0.404359564043596,0.948005199480052,0.981101889811019,0.624537546245375,0.631936806319368,0.705929407059294,0.645335466453355,0.774322567743226,0.0925907409259074,0.612038796120388,0.522847715228477,0.882111788821118,0.46955304469553,0.759424057594241,0.65043495650435,0.0617938206179382,0.828517148285172,0.74982501749825,0.676132386761324,0.745025497450255,0.384861513848615,0.833816618338166,0.333866613338666,0.305669433056694,0.778922107789221,0.952804719528047,0.190780921907809,0.688131186881312,0.801319868013199,0.241375862413759,0.408159184081592,0.485551444855514,0.627937206279372,0.308169183081692,0.181681831816818,0.252774722527747,0.861913808619138,0.603039696030397,0.137486251374863,0.754224577542246,0.157684231576842,0.663833616638336
"SNP-66_1",0.952104789521048,0.518748125187481,0.915408459154085,0.691030896910309,0.986101389861014,0.753424657534247,0.625737426257374,0.325167483251675,0.841515848415158,0.355564443555644,0.873512648735126,0.989201079892011,0.886711328867113,0.983201679832017,0.691130886911309,0.441255874412559,0.207579242075792,0.710728927107289,0.815118488151185,0.907309269073093,0.456954304569543,0.878312168783122,0.550844915508449,0.878812118788121,1,0.398060193980602,0.668033196680332,0.406259374062594,0.131486851314869,0.65963403659634,0.227577242275772,0.58034196580342,0.903509649035096,0.57964203579642,0.656034396560344,0.564843515648435,0.612338766123388,0.696830316968303,0.27037296270373,0.695930406959304,0.686231376862314,0.856414358564144,0.958804119588041,0.603739626037396,0.471852814718528,0.507849215078492,0.852214778522148,0.810718928107189,0.52984701529847,0.832016798320168
"SNP-66_2",0.59044095590441,0.531346865313469,0.664833516648335,0.777722227777222,0.909009099090091,0.847115288471153,0.555244475552445,0.339166083391661,0.842515748425158,0.671032896710329,0.421757824217578,0.0991900809919008,0.965603439656034,0.755124487551245,0.226677332266773,0.655934406559344,0.783121687831217,0.598540145985402,0.457154284571543,0.554844515548445,0.657134286571343,0.961803819618038,0.177882211778822,0.0941905809419058,0.426157384261574,0.294770522947705,0.647635236476352,0.462653734626537,0.687231276872313,0.452654734526547,0.670532946705329,0.943005699430057,0.888011198880112,0.075992400759924,0.225477452254775,0.942105789421058,0.805319468053195,0.365463453654635,0.481351864813519,0.684231576842316,0.748925107489251,0.607939206079392,0.162783721627837,0.313668633136686,0.257574242575742,0.444855514448555,0.4995500449955,0.11038896110389,0.266773322667733,0.574542545745425
"SNP-67_1",0.460553944605539,0.793120687931207,0.242775722427757,0.31036896310369,0.631436856314369,0.122687731226877,0.302269773022698,0.17028297170283,0.532746725327467,0.364163583641636,0.333766623337666,0.0421957804219578,0.581641835816418,0.486051394860514,0.306969303069693,0.546345365463454,0.548445155484452,0.634836516348365,0.395260473952605,0.0831916808319168,0.143985601439856,0.467753224677532,0.0603939606039396,0.0318968103189681,0.267973202679732,0.607739226077392,0.21957804219578,0.279272072792721,0.723527647235277,0.353964603539646,0.706129387061294,0.265573442655734,0.401459854014599,0.033996600339966,0.376462353764624,0.0662933706629337,0.273672632736726,0.072992700729927,0.484451554844516,0.156084391560844,0.593540645935406,0.401959804019598,0.364263573642636,0.178682131786821,0.171082891710829,0.883211678832117,0.0141985801419858,0.347865213478652,0.725227477252275,0.846215378462154
"SNP-67_2",0.762023797620238,0.612238776122388,0.746825317468253,0.437756224377562,0.612138786121388,0.845415458454155,0.612938706129387,0.659234076592341,0.413158684131587,0.858614138586141,0.620837916208379,0.831016898310169,0.614038596140386,0.454254574542546,0.688531146885311,0.855014498550145,0.84041595840416,0.916208379162084,0.713428657134287,0.726027397260274,0.985201479852015,0.395660433956604,0.962903709629037,0.394260573942606,0.955504449555045,0.617338266173383,0.81991800819918,0.448155184481552,0.71962803719628,0.256674332566743,0.57014298570143,0.97020297970203,0.59024097590241,0.203079692030797,0.593640635936406,0.26997300269973,0.431556844315568,0.758724127587241,0.860613938606139,0.652334766523348,0.67973202679732,0.912108789121088,0.868013198680132,0.253574642535746,0.193480651934807,0.568143185681432,0.367463253674633,0.351364863513649,0.838116188381162,0.557844215578442
"SNP-68_1",0.150784921507849,0.442355764423558,0.044995500449955,0.461853814618538,0.346865313468653,0.294070592940706,0.655234476552345,0.661733826617338,0.771322867713229,0.133786621337866,0.771322867713229,0.804019598040196,0.627137286271373,0.161983801619838,0.418458154184582,0.843315668433157,0.353964603539646,0.372562743725627,0.676632336766323,0.658034196580342,0.892410758924108,0.973502649735027,0.759524047595241,0.572542745725427,0.322467753224678,0.412258774122588,0.403359664033597,0.655934406559344,0.661633836616338,0.394960503949605,0.323467653234677,0.673232676732327,0.803019698030197,0.372562743725627,0.755424457554245,0.710828917108289,0.753124687531247,0.833816618338166,0.96010398960104,0.845415458454155,0.323767623237676,0.512348765123488,0.39026097390261,0.963303669633037,0.443055694430557,0.397760223977602,0.875512448755124,0.643735626437356,0.907209279072093,0.303369663033697
"SNP-68_2",0.554644535546445,0.144785521447855,0.561943805619438,0.525847415258474,0.563343665633437,0.409359064093591,0.161083891610839,0.414258574142586,0.348265173482652,0.187281271872813,0.819318068193181,0.532046795320468,0.453054694530547,0.614338566143386,0.548245175482452,0.529347065293471,0.338966103389661,0.558044195580442,0.365463453654635,0.375962403759624,0.0486951304869513,0.551844815518448,0.846015398460154,0.10978902109789,0.661333866613339,0.629437056294371,0.861913808619138,0.707729227077292,0.264173582641736,0.656634336566343,0.135386461353865,0.947705229477052,0.648535146485351,0.112888711128887,0.0575942405759424,0.494450554944506,0.636236376362364,0.564943505649435,0.236376362363764,0.842515748425158,0.761523847615239,0.251474852514749,0.906909309069093,0.536546345365463,0.695530446955304,0.564843515648435,0.125687431256874,0.685931406859314,0.921607839216078,0.768923107689231
"SNP-69_1",0.533246675332467,0.643035696430357,0.232776722327767,0.143085691430857,0.350864913508649,0.351064893510649,0.940805919408059,0.408259174082592,0.436456354364564,0.942905709429057,0.610638936106389,0.238776122387761,0.253874612538746,0.591240875912409,0.258374162583742,0.468853114688531,0.193180681931807,0.685331466853315,0.787621237876212,0.157684231576842,0.814518548145185,0.582441755824418,0.541945805419458,0.89041095890411,0.726127387261274,0.872512748725128,0.5003499650035,0.676432356764324,0.99010098990101,0.421857814218578,0.82981701829817,0.802119788021198,0.525947405259474,0.378162183781622,0.137986201379862,0.506649335066493,0.422557744225577,0.263473652634737,0.662733726627337,0.381161883811619,0.218478152184782,0.0931906809319068,0.423457654234577,0.774222577742226,0.67993200679932,0.712028797120288,0.351764823517648,0.46975302469753,0.624837516248375,0.8002199780022
"SNP-69_2",0.164783521647835,0.194080591940806,0.607839216078392,0.473252674732527,0.164983501649835,0.642535746425357,0.72992700729927,0.65963403659634,0.844615538446155,0.222177782221778,0.89011098890111,0.687931206879312,0.152484751524848,0.677332266773323,0.828917108289171,0.835216478352165,0.896910308969103,0.168783121687831,0.715428457154285,0.533646635336466,0.787921207879212,0.717528247175283,0.446655334466553,0.291370862913709,0.561043895610439,0.635136486351365,0.636436356364364,0.921207879212079,0.215478452154785,0.538146185381462,0.331666833316668,0.724427557244276,0.398260173982602,0.648135186481352,0.687231276872313,0.831116888311169,0.64023597640236,0.374662533746625,0.0930906909309069,0.38016198380162,0.966703329667033,0.832916708329167,0.615338466153385,0.453154684531547,0.235476452354765,0.018998100189981,0.917408259174083,0.008999100089991,0.372662733726627,0.646135386461354
"SNP-70_1",0.691230876912309,0.876712328767123,0.451654834516548,9.99900009999e-05,0.494950504949505,0.445955404459554,0.366263373662634,0.974902509749025,0.53004699530047,0.306169383061694,0.246275372462754,0.405059494050595,0.413558644135586,0.293670632936706,0.35966403359664,0.171682831716828,9.99900009999e-05,0.67043295670433,0.407059294070593,0.236776322367763,0.0666933306669333,0.846215378462154,0.0894910508949105,0.466153384661534,0.096990300969903,0.0928907109289071,0.831316868313169,0.501649835016498,0.942405759424058,0.952804719528047,0.483751624837516,0.337766223377662,0.324667533246675,0.706829317068293,0.484551544845515,0.767923207679232,0.276872312768723,0.509349065093491,0.711428857114289,0.03999600039996,0.262673732626737,0.155084491550845,0.460553944605539,0.306469353064694,0.234776522347765,0.0710928907109289,0.985901409859014,0.621537846215378,0.559444055594441,0.264773522647735
"SNP-70_2",0.143085691430857,0.0408959104089591,0.564343565643436,0.471552844715528,0.451854814518548,0.386361363863614,0.665233476652335,0.675332466753325,0.897810218978102,0.154784521547845,0.621137886211379,0.583041695830417,0.0087991200879912,0.844415558444156,0.311268873112689,0.274872512748725,0.481551844815518,0.556144385561444,0.0057994200579942,0.0590940905909409,0.266473352664734,0.924707529247075,0.228077192280772,0.162283771622838,0.572542745725427,0.248475152484752,0.288071192880712,0.441055894410559,0.543245675432457,0.296770322967703,0.746525347465253,0.280771922807719,0.600639936006399,0.447255274472553,0.448055194480552,0.25027497250275,0.617138286171383,0.771922807719228,0.383061693830617,0.635736426357364,0.613338666133387,0.899310068993101,0.808819118088191,0.482151784821518,0.444855514448555,0.92050794920508,0.932906709329067,0.495050494950505,0.369363063693631,0.868013198680132
"SNP-71_1",0.126287371262874,0.493150684931507,0.126987301269873,0.59044095590441,0.715628437156284,0.856214378562144,0.795720427957204,0.876012398760124,0.759024097590241,0.576242375762424,0.68983101689831,0.964203579642036,0.679332066793321,0.895910408959104,0.856714328567143,0.847415258474153,0.083991600839916,0.719528047195281,0.936006399360064,0.771522847715228,0.913108689131087,0.837416258374163,0.593940605939406,0.576642335766423,0.769123087691231,0.458354164583542,0.688331166883312,0.743325667433257,0.995100489951005,0.742425757424258,0.39036096390361,0.632436756324368,0.508149185081492,0.461453854614539,0.743125687431257,0.676432356764324,0.808819118088191,0.767523247675233,0.869313068693131,0.668633136686331,0.832516748325168,0.441555844415558,0.742125787421258,0.934106589341066,0.611938806119388,0.680931906809319,0.728127187281272,0.554944505549445,0.693730626937306,0.834716528347165
"SNP-71_2",0.268373162683732,0.711828817118288,0.0693930606939306,0.856314368563144,0.650834916508349,0.144885511448855,0.637236276372363,0.69033096690331,0.65043495650435,0.320567943205679,0.912808719128087,0.0748925107489251,0.885811418858114,0.56994300569943,0.324967503249675,0.898110188981102,0.90980901909809,0.361863813618638,0.34956504349565,0.977802219778022,0.347165283471653,0.908309169083092,0.178882111788821,0.0568943105689431,0.848015198480152,0.444955504449555,0.935506449355064,0.48995100489951,0.659234076592341,0.947205279472053,0.946305369463054,0.605239476052395,0.405459454054595,0.94040595940406,0.996800319968003,0.962203779622038,0.0426957304269573,0.864513548645136,0.356264373562644,0.877012298770123,0.834016598340166,0.796220377962204,0.687031296870313,0.493950604939506,0.481651834816518,0.790520947905209,0.812718728127187,0.33966603339666,0.498650134986501,0.563343665633437
"SNP-72_1",0.376362363763624,0.91040895910409,0.8004199580042,0.883811618838116,0.615938406159384,0.657134286571343,0.553944605539446,0.958104189581042,0.147985201479852,0.200979902009799,0.797620237976202,0.15988401159884,0.161683831616838,0.342765723427657,0.861313868613139,0.486551344865513,0.673432656734327,0.777922207779222,0.722327767223278,0.880911908809119,0.78972102789721,0.928007199280072,0.531746825317468,0.67983201679832,0.66003399660034,0.81951804819518,0.684631536846315,0.311668833116688,0.0184981501849815,0.941505849415059,0.591040895910409,0.122787721227877,0.211978802119788,0.847215278472153,0.773622637736226,0.561943805619438,0.0717928207179282,0.894710528947105,0.377662233776622,0.161183881611839,0.96960303969603,0.0546945305469453,0.976002399760024,0.701429857014299,0.101089891010899,0.305469453054695,0.394860513948605,0.203879612038796,0.837616238376162,0.954204579542046
"SNP-72_2",0.0265973402659734,0.0003999600039996,0.0014998500149985,0.410858914108589,0.230976902309769,9.99900009999e-05,9.99900009999e-05,0.0660933906609339,0.468453154684532,0.0201979802019798,0.0002999700029997,0.0037996200379962,0.0040995900409959,0.624037596240376,0.205179482051795,0.17958204179582,0.29047095290471,0.0003999600039996,0.0996900309969003,0.0036996300369963,0.239476052394761,0.0233976602339766,0.287671232876712,0.347565243475652,9.99900009999e-05,0.067993200679932,0.0031996800319968,0.284771522847715,0.19018098190181,0.108889111088891,0.0115988401159884,0.174382561743826,0.276872312768723,0.618738126187381,0.365063493650635,0.716928307169283,0.0590940905909409,0.0471952804719528,0.153284671532847,0.179382061793821,9.99900009999e-05,0.0253974602539746,0.132686731326867,0.0016998300169983,0.537946205379462,0.0943905609439056,0.0698930106989301,0.194180581941806,0.441955804419558,0.697130286971303
"SNP-73_1",0.559444055594441,0.1996800319968,0.448455154484552,0.636936306369363,0.822017798220178,0.476352364763524,0.965403459654035,0.67033296670333,0.75992400759924,0.283671632836716,0.455054494550545,0.592740725927407,0.707429257074293,0.427857214278572,0.213678632136786,0.966103389661034,0.56034396560344,0.340865913408659,0.699130086991301,0.97990200979902,0.231476852314769,0.351364863513649,0.525547445255474,0.718128187181282,0.723227677232277,0.918508149185082,0.552944705529447,0.31986801319868,0.835916408359164,0.151884811518848,0.97980201979802,0.433156684331567,0.536146385361464,0.446755324467553,0.823517648235176,0.582641735826417,0.222777722227777,0.735726427357264,0.979002099790021,0.489451054894511,0.497950204979502,0.514248575142486,0.496550344965503,0.76032396760324,0.0295970402959704,0.918008199180082,0.916808319168083,0.520547945205479,0.765623437656234,0.865313468653135
"SNP-73_2",0.646935306469353,0.669033096690331,0.411258874112589,0.325367463253675,0.0781921807819218,0.167183281671833,0.743325667433257,0.454254574542546,0.290570942905709,0.131686831316868,0.289271072892711,0.471352864713529,0.335666433356664,0.54034596540346,0.279072092790721,0.252174782521748,0.803519648035196,0.515448455154485,0.643235676432357,0.597140285971403,0.557044295570443,0.95990400959904,0.414558544145585,0.453654634536546,0.51034896510349,0.14018598140186,0.44005599440056,0.64043595640436,0.240675932406759,0.224577542245775,0.410658934106589,0.632936706329367,0.607639236076392,0.279172082791721,0.364263573642636,0.185381461853815,0.664233576642336,0.0797920207979202,0.522847715228477,0.032996700329967,0.881811818818118,0.257474252574743,0.467153284671533,0.259174082591741,0.282671732826717,0.312968703129687,0.343565643435656,0.824117588241176,0.852814718528147,0.725027497250275
"SNP-74_1",0.392560743925607,0.431956804319568,0.763023697630237,0.828017198280172,0.785621437856214,0.776322367763224,0.953004699530047,0.904609539046095,0.224377562243776,0.629237076292371,0.360563943605639,0.937606239376062,0.371162883711629,0.487451254874513,0.666233376662334,0.636936306369363,0.862413758624138,0.916408359164084,0.378362163783622,0.432156784321568,0.84031596840316,0.735526447355265,0.948505149485051,0.348865113488651,0.289471052894711,0.198680131986801,0.828917108289171,0.218578142185781,0.723927607239276,0.329067093290671,0.536146385361464,0.66003399660034,0.889311068893111,0.117688231176882,0.500549945005499,0.839116088391161,0.168283171682832,0.22957704229577,0.267273272672733,0.481651834816518,0.616138386161384,0.584741525847415,0.146285371462854,0.647635236476352,0.983701629837016,0.806919308069193,0.770822917708229,0.0564943505649435,0.151984801519848,0.197980201979802
"SNP-74_2",0.189481051894811,0.816118388161184,0.211878812118788,0.0230976902309769,0.202279772022798,0.225977402259774,0.496950304969503,0.762323767623238,0.796620337966203,0.462153784621538,0.817918208179182,0.047995200479952,0.0540945905409459,0.194180581941806,0.551544845515448,0.313468653134687,0.0283971602839716,0.900609939006099,0.338866113388661,0.474752524747525,0.729027097290271,0.658134186581342,0.434156584341566,0.165883411658834,0.422057794220578,0.0453954604539546,0.824317568243176,0.76952304769523,0.575542445755424,0.26017398260174,0.0244975502449755,0.452154784521548,0.84951504849515,0.181881811818818,0.786721327867213,0.751824817518248,0.422957704229577,0.552444755524448,0.665033496650335,0.897510248975102,0.482951704829517,0.392160783921608,0.82971702829717,0.0133986601339866,0.617738226177382,0.513548645135486,0.787321267873213,0.925007499250075,0.731026897310269,0.62983701629837
"SNP-75_1",0.63043695630437,0.67963203679632,0.381961803819618,0.830816918308169,0.83951604839516,0.526947305269473,0.486851314868513,0.315068493150685,0.0806919308069193,0.173282671732827,0.369063093690631,0.479452054794521,0.311868813118688,0.478852114788521,0.0643935606439356,0.611738826117388,0.512748725127487,0.406359364063594,0.135786421357864,0.161983801619838,0.331566843315668,0.796220377962204,0.683931606839316,0.266673332666733,0.618538146185381,0.682631736826317,0.748825117488251,0.474452554744526,0.0074992500749925,0.635736426357364,0.218478152184782,0.324467553244676,0.321167883211679,0.421657834216578,0.538046195380462,0.661733826617338,0.373262673732627,0.557144285571443,0.310768923107689,0.068993100689931,0.438456154384562,0.221877812218778,0.526847315268473,0.176982301769823,0.0992900709929007,0.16988301169883,0.289071092890711,0.746125387461254,0.242175782421758,0.689331066893311
"SNP-75_2",0.0160983901609839,0.0003999600039996,0.0035996400359964,0.0012998700129987,0.0724927507249275,0.0170982901709829,0.0720927907209279,0.0042995700429957,0.054994500549945,0.253374662533747,0.0128987101289871,0.128287171282872,0.204279572042796,0.0133986601339866,0.130986901309869,0.0200979902009799,0.0012998700129987,0.0861913808619138,0.0254974502549745,0.0018998100189981,0.106189381061894,0.065993400659934,0.0744925507449255,0.06999300069993,0.0045995400459954,0.0737926207379262,0.0330966903309669,0.0376962303769623,0.0055994400559944,0.0950904909509049,0.155584441555844,0.0076992300769923,0.0332966703329667,0.0002999700029997,0.0171982801719828,0.083991600839916,0.0766923307669233,0.0041995800419958,0.0116988301169883,0.0176982301769823,0.0088991100889911,0.132686731326867,0.0177982201779822,0.17048295170483,0.112088791120888,0.0653934606539346,0.902209779022098,9.99900009999e-05,0.016998300169983,0.196280371962804
"SNP-76_1",0.0025997400259974,0.0065993400659934,0.0006999300069993,9.99900009999e-05,0.308369163083692,9.99900009999e-05,0.0180981901809819,0.0496950304969503,0.390960903909609,0.6005399460054,9.99900009999e-05,0.008999100089991,0.327467253274673,0.286371362863714,0.0316968303169683,9.99900009999e-05,9.99900009999e-05,0.452354764523548,0.0761923807619238,9.99900009999e-05,0.243875612438756,0.0162983701629837,0.273872612738726,0.28027197280272,0.0011998800119988,0.005999400059994,0.0960903909609039,0.0097990200979902,0.0191980801919808,0.0037996200379962,0.243375662433757,0.0020997900209979,0.314368563143686,9.99900009999e-05,0.0026997300269973,0.0413958604139586,0.0057994200579942,0.0365963403659634,0.0453954604539546,0.738926107389261,0.0286971302869713,0.207379262073793,0.493450654934507,0.223777622237776,0.0394960503949605,0.1003899610039,0.877312268773123,0.0003999600039996,0.0821917808219178,0.353664633536646
"SNP-76_2",0.616138386161384,0.667933206679332,0.661033896610339,0.145485451454855,0.788521147885211,0.84041595840416,0.955504449555045,0.725727427257274,0.964203579642036,0.798420157984202,0.91950804919508,0.0022997700229977,0.117788221177882,0.107689231076892,0.755024497550245,0.991600839916008,0.216078392160784,0.5999400059994,0.84011598840116,0.62043795620438,0.911208879112089,0.985501449855015,0.89011098890111,0.275672432756724,0.933506649335066,0.753024697530247,0.696730326967303,0.872112788721128,0.898610138986101,0.43025697430257,0.677932206779322,0.393660633936606,0.227977202279772,0.596940305969403,0.936306369363064,0.730926907309269,0.239476052394761,0.788921107889211,0.165383461653835,0.918608139186081,0.193980601939806,0.302769723027697,0.439256074392561,0.0801919808019198,0.966003399660034,0.735126487351265,0.801119888011199,0.465053494650535,0.828617138286171,0.57964203579642
"SNP-77_1",0.84041595840416,0.912108789121088,0.694730526947305,0.485151484851515,0.578242175782422,0.62033796620338,0.632736726327367,0.863113688631137,0.0972902709729027,0.762823717628237,0.524247575242476,9.99900009999e-05,0.843615638436156,0.919408059194081,0.688231176882312,0.955104489551045,0.999800019998,0.760723927607239,0.835216478352165,0.712528747125287,0.518248175182482,0.671632836716328,0.618838116188381,0.968803119688031,0.517048295170483,0.296670332966703,0.687431256874313,0.848015198480152,0.836016398360164,0.833916608339166,0.589141085891411,0.828317168283172,0.851014898510149,0.39036096390361,0.765923407659234,0.482051794820518,0.782121787821218,0.693630636936306,0.95970402959704,0.498550144985501,0.518148185181482,0.912208779122088,0.11018898110189,0.0667933206679332,0.866413358664134,0.728027197280272,0.383961603839616,0.0878912108789121,0.444355564443556,0.538446155384462
"SNP-77_2",0.605339466053395,0.0147985201479852,0.747825217478252,0.881311868813119,0.713528647135287,0.904509549045096,0.184181581841816,0.567443255674433,0.502949705029497,0.34026597340266,0.0242975702429757,0.546345365463454,0.478252174782522,0.913808619138086,0.456954304569543,0.227577242275772,0.374462553744626,0.0205979402059794,0.736926307369263,0.324867513248675,0.671832816718328,0.0150984901509849,0.484951504849515,0.665333466653335,0.398860113988601,0.72972702729727,0.817618238176182,0.388661133886611,0.562143785621438,0.576842315768423,0.353764623537646,0.83961603839616,0.803619638036196,0.696230376962304,0.820917908209179,0.707229277072293,0.695830416958304,0.832416758324168,0.979502049795021,0.625037496250375,0.262173782621738,0.311468853114689,0.286971302869713,0.006999300069993,0.855114488551145,0.208079192080792,0.275672432756724,0.57994200579942,0.512648735126487,0.543445655434457
"SNP-78_1",0.264573542645735,0.862913708629137,0.0832916708329167,0.247075292470753,0.160683931606839,0.0474952504749525,0.114288571142886,0.251774822517748,0.55034496550345,0.673232676732327,0.263073692630737,0.0858914108589141,0.310768923107689,0.512948705129487,0.275172482751725,0.273872612738726,0.216378362163784,0.76972302769723,0.31976802319768,0.0685931406859314,0.0913908609139086,0.557044295570443,0.262973702629737,0.065993400659934,0.0848915108489151,0.042995700429957,0.53954604539546,0.438656134386561,0.725127487251275,0.530646935306469,0.734226577342266,0.254374562543746,0.24967503249675,0.762923707629237,0.111888811118888,0.0473952604739526,0.144785521447855,0.182881711828817,0.323667633236676,0.394560543945605,0.0790920907909209,0.122987701229877,0.112488751124888,0.280571942805719,0.185281471852815,0.196780321967803,0.88001199880012,0.542345765423458,0.0641935806419358,0.14038596140386
"SNP-78_2",0.429357064293571,0.653434656534347,0.555844415558444,0.455454454554545,0.839416058394161,0.454354564543546,0.199480051994801,0.637336266373363,0.0802919708029197,0.883011698830117,0.952804719528047,0.575342465753425,0.302769723027697,0.341165883411659,0.717928207179282,0.774522547745225,0.693430656934307,0.306369363063694,0.713928607139286,0.511448855114489,0.907009299070093,0.34966503349665,0.211478852114789,0.90970902909709,0.496650334966503,0.704829517048295,0.8998100189981,0.577442255774423,0.660833916608339,0.0731926807319268,0.45045495450455,0.298970102989701,0.468753124687531,0.515848415158484,0.0786921307869213,0.441855814418558,0.372862713728627,0.71002899710029,0.362463753624638,0.65023497650235,0.186581341865813,0.757424257574243,0.38986101389861,0.692630736926307,0.673332666733327,0.0038996100389961,0.725727427257274,0.508449155084492,0.487551244875512,0.0997900209979002
"SNP-79_1",0.869313068693131,0.891310868913109,0.484851514848515,0.488051194880512,0.934306569343066,0.956504349565043,0.931606839316068,0.857014298570143,0.632836716328367,0.665533446655334,0.748725127487251,0.530946905309469,0.16998300169983,0.395960403959604,0.960703929607039,0.35006499350065,0.644735526447355,0.429457054294571,0.886711328867113,0.704029597040296,0.766023397660234,0.976502349765023,0.848715128487151,0.448555144485551,0.416658334166583,0.0817918208179182,0.378562143785621,0.93030696930307,0.497250274972503,0.987101289871013,0.630836916308369,0.951704829517048,0.512548745125487,0.206079392060794,0.783621637836216,0.282571742825717,0.751724827517248,0.753024697530247,0.972902709729027,0.916308369163084,0.958504149585041,0.29007099290071,0.772422757724228,0.242675732426757,0.807619238076192,0.832416758324168,0.848815118488151,0.494450554944506,0.40985901409859,0.645535446455354
"SNP-79_2",0.248675132486751,0.859214078592141,0.57964203579642,0.47965203479652,0.389161083891611,0.6001399860014,0.536046395360464,0.422657734226577,0.447955204479552,0.937306269373063,0.73042695730427,0.295870412958704,0.387861213878612,0.80951904809519,0.306669333066693,0.662933706629337,0.607739226077392,0.536446355364464,0.58974102589741,0.637136286371363,0.376262373762624,0.112088791120888,0.124087591240876,0.496850314968503,0.52044795520448,0.732926707329267,0.882911708829117,0.547345265473453,0.40955904409559,0.595640435956404,0.821917808219178,0.560843915608439,0.912508749125088,0.542445755424458,0.38986101389861,0.71982801719828,0.395760423957604,0.395260473952605,0.449155084491551,0.784421557844216,0.449355064493551,0.307969203079692,0.767223277672233,0.413658634136586,0.487451254874513,0.882211778822118,0.654134586541346,0.827317268273173,0.600739926007399,0.416058394160584
"SNP-80_1",0.358264173582642,0.276072392760724,0.148985101489851,0.120987901209879,0.238476152384762,0.234776522347765,0.224577542245775,0.39016098390161,0.46985301469853,0.35026497350265,0.218978102189781,0.297170282971703,0.483851614838516,0.145385461453855,0.735826417358264,0.0855914408559144,0.158884111588841,0.282971702829717,0.101189881011899,0.100989901009899,0.205779422057794,0.212378762123788,0.14968503149685,0.146685331466853,0.155384461553845,0.290770922907709,0.312468753124688,0.173882611738826,0.536646335366463,0.273372662733727,0.338666133386661,0.402959704029597,0.558644135586441,0.164883511648835,0.206479352064794,0.207479252074793,0.226377362263774,0.275572442755724,0.133886611338866,0.571042895710429,0.260773922607739,0.0953904609539046,0.266173382661734,0.0944905509449055,0.716828317168283,0.136786321367863,0.911708829117088,0.223377662233777,0.739226077392261,0.595740425957404
"SNP-80_2",0.566443355664434,0.577042295770423,0.79022097790221,0.700829917008299,0.412058794120588,0.938406159384062,0.275072492750725,0.487551244875512,0.786821317868213,0.626037396260374,0.911608839116088,0.511748825117488,0.71012898710129,0.177682231776822,0.967203279672033,0.628537146285371,0.56964303569643,0.594640535946405,0.978102189781022,0.0957904209579042,0.98980101989801,0.576342365763424,0.775022497750225,0.782921707829217,0.846215378462154,0.437856214378562,0.976802319768023,0.56994300569943,0.71992800719928,0.803919608039196,0.707229277072293,0.62003799620038,0.372762723727627,0.941405859414059,0.75022497750225,0.87951204879512,0.352564743525647,0.432256774322568,0.893310668933107,0.673632636736326,0.849015098490151,0.322567743225677,0.675932406759324,0.455354464553545,0.254774522547745,0.924407559244076,0.484151584841516,0.155584441555844,0.335666433356664,0.766923307669233
"SNP-81_1",0.176882311768823,0.364663533646635,0.21987801219878,0.253274672532747,0.108989101089891,0.105789421057894,0.0713928607139286,0.410858914108589,0.241075892410759,0.186081391860814,0.626037396260374,0.278572142785721,0.31036896310369,0.217478252174783,0.263873612638736,0.0547945205479452,0.206979302069793,0.142685731426857,0.321867813218678,0.0698930106989301,0.383661633836616,0.106989301069893,0.136286371362864,0.206879312068793,0.193580641935806,0.161383861613839,0.03999600039996,0.0723927607239276,0.339266073392661,0.315668433156684,0.423957604239576,0.752124787521248,0.170982901709829,0.226377362263774,0.0863913608639136,0.0286971302869713,0.766423357664234,0.415558444155584,0.146685331466853,0.0924907509249075,0.0457954204579542,0.137686231376862,0.277972202779722,0.204679532046795,0.443255674432557,0.374662533746625,0.927007299270073,0.667133286671333,0.516648335166483,0.34016598340166
"SNP-81_2",0.636036396360364,0.733226677332267,0.717328267173283,0.74022597740226,0.732326767323268,0.618338166183382,0.424157584241576,0.837716228377162,0.141785821417858,0.681031896810319,0.833216678332167,0.776622337766223,0.387861213878612,0.614638536146385,0.769123087691231,0.230976902309769,0.214278572142786,0.697330266973303,0.400859914008599,0.641035896410359,0.87981201879812,0.312968703129687,0.646635336466353,0.932306769323068,0.511048895110489,0.760723927607239,0.741625837416258,0.902909709029097,0.145885411458854,0.171482851714829,0.938506149385061,0.723327667233277,0.902709729027097,0.869313068693131,0.604239576042396,0.661733826617338,0.480951904809519,0.834216578342166,0.139486051394861,0.511048895110489,0.508549145085491,0.381161883811619,0.975302469753025,0.516148385161484,0.680731926807319,0.559244075592441,0.183881611838816,0.263273672632737,0.370862913708629,0.255674432556744
"SNP-82_1",0.697330266973303,0.96040395960404,0.597940205979402,0.686131386861314,0.353464653534647,0.78952104789521,0.391960803919608,0.266473352664734,0.748525147485251,0.387461253874613,0.776522347765223,0.604439556044396,0.633136686331367,0.458254174582542,0.685331466853315,0.776422357764224,0.541345865413459,0.825017498250175,0.644835516448355,0.777222277772223,0.559444055594441,0.403659634036596,0.494050594940506,0.925207479252075,0.873712628737126,0.601039896010399,0.914208579142086,0.817918208179182,0.794920507949205,0.876612338766123,0.384061593840616,0.955904409559044,0.716028397160284,0.886711328867113,0.827317268273173,0.914808519148085,0.47005299470053,0.339166083391661,0.655534446555344,0.725427457254275,0.792520747925207,0.291270872912709,0.913308669133087,0.75982401759824,0.195980401959804,0.375962403759624,0.874712528747125,0.913008699130087,0.775322467753225,0.277272272772723
"SNP-82_2",0.0062993700629937,0.0082991700829917,0.0005999400059994,0.2002799720028,0.83051694830517,0.162883711628837,0.0540945905409459,0.107089291070893,0.0772922707729227,0.448755124487551,0.0006999300069993,0.000999900009999,9.99900009999e-05,0.0054994500549945,0.179382061793821,0.0724927507249275,0.358964103589641,0.0581941805819418,0.0144985501449855,0.194480551944806,0.215378462153785,0.29027097290271,0.109289071092891,0.0011998800119988,0.0021997800219978,0.010998900109989,0.0207979202079792,0.173682631736826,0.136786321367863,0.0972902709729027,0.280671932806719,0.055994400559944,0.0015998400159984,0.0081991800819918,0.256174382561744,0.0125987401259874,0.276072392760724,0.5996400359964,0.356164383561644,0.0031996800319968,0.052994700529947,9.99900009999e-05,0.0476952304769523,0.624237576242376,0.0960903909609039,0.74032596740326,0.265073492650735,0.0026997300269973,0.424057594240576,0.0011998800119988
"SNP-83_1",0.0004999500049995,9.99900009999e-05,9.99900009999e-05,9.99900009999e-05,9.99900009999e-05,9.99900009999e-05,0.0006999300069993,0.003999600039996,9.99900009999e-05,9.99900009999e-05,9.99900009999e-05,9.99900009999e-05,9.99900009999e-05,9.99900009999e-05,9.99900009999e-05,9.99900009999e-05,9.99900009999e-05,9.99900009999e-05,9.99900009999e-05,0.0008999100089991,0.0002999700029997,0.0103989601039896,9.99900009999e-05,9.99900009999e-05,9.99900009999e-05,9.99900009999e-05,9.99900009999e-05,0.0001999800019998,9.99900009999e-05,0.0072992700729927,9.99900009999e-05,9.99900009999e-05,9.99900009999e-05,9.99900009999e-05,9.99900009999e-05,9.99900009999e-05,0.0040995900409959,0.007999200079992,9.99900009999e-05,0.563943605639436,9.99900009999e-05,9.99900009999e-05,0.0006999300069993,0.0085991400859914,9.99900009999e-05,0.0002999700029997,0.44985501449855,9.99900009999e-05,0.0214978502149785,9.99900009999e-05
"SNP-83_2",0.387761223877612,0.453954604539546,0.802519748025197,0.367363263673633,0.64043595640436,0.549045095490451,0.887911208879112,0.91020897910209,0.162583741625837,0.306969303069693,0.486851314868513,0.625637436256374,0.608839116088391,0.139086091390861,0.379062093790621,0.427857214278572,0.307669233076692,0.528647135286471,0.515548445155484,0.390660933906609,0.405059494050595,0.645435456454355,0.159484051594841,0.797520247975202,0.651034896510349,0.221677832216778,0.523147685231477,0.264973502649735,0.528747125287471,0.581841815818418,0.171382861713829,0.171482851714829,0.680631936806319,0.410958904109589,0.58024197580242,0.621437856214379,0.433856614338566,0.773122687731227,0.227477252274773,0.150884911508849,0.242775722427757,0.34016598340166,0.31036896310369,0.461453854614539,0.937306269373063,0.410558944105589,0.671332866713329,0.80951904809519,0.301369863013699,0.73032696730327
"SNP-84_1",0.933506649335066,0.201079892010799,0.644635536446355,0.552144785521448,0.314968503149685,0.546845315468453,0.374362563743626,0.402559744025597,0.59034096590341,0.88011198880112,0.147385261473853,0.748725127487251,0.672732726727327,0.826717328267173,0.259474052594741,0.447755224477552,0.436656334366563,0.214878512148785,0.21027897210279,0.456654334566543,0.622837716228377,0.803319668033197,0.284271572842716,0.685231476852315,0.557044295570443,0.703129687031297,0.787421257874213,0.689431056894311,0.448455154484552,0.455954404559544,0.700929907009299,0.76032396760324,0.188081191880812,0.773122687731227,0.421657834216578,0.635136486351365,0.0996900309969003,0.538546145385461,0.69013098690131,0.725927407259274,0.154084591540846,0.839216078392161,0.846015398460154,0.603339666033397,0.622837716228377,0.748825117488251,0.27017298270173,0.810918908109189,0.708529147085291,0.478852114788521
"SNP-84_2",0.367163283671633,0.596040395960404,0.593440655934407,0.408259174082592,0.271072892710729,0.27007299270073,0.314068593140686,0.34016598340166,0.241375862413759,0.267073292670733,0.33976602339766,0.663133686631337,0.7000299970003,0.161783821617838,0.330566943305669,0.318168183181682,0.488051194880512,0.338066193380662,0.3995600439956,0.433056694330567,0.384161583841616,0.284171582841716,0.333666633336666,0.17018298170183,0.230676932306769,0.432456754324568,0.465353464653535,0.691330866913309,0.32026797320268,0.778822117788221,0.134086591340866,0.377762223777622,0.282571742825717,0.388061193880612,0.949005099490051,0.45995400459954,0.378262173782622,0.157284271572843,0.302469753024698,0.267073292670733,0.104589541045895,0.617638236176382,0.349065093490651,0.512448755124488,0.458454154584542,0.125887411258874,0.344365563443656,0.260873912608739,0.0534946505349465,0.705429457054295
"SNP-85_1",0.53964603539646,0.964003599640036,0.163083691630837,0.624337566243376,0.472552744725527,0.505049495050495,0.981901809819018,0.265773422657734,0.650534946505349,0.088991100889911,0.908609139086091,0.941905809419058,0.544845515448455,0.865613438656134,0.658034196580342,0.57994200579942,0.692930706929307,0.303269673032697,0.958204179582042,0.146785321467853,0.781921807819218,0.846015398460154,0.975102489751025,0.927307269273073,0.859114088591141,0.593540645935406,0.884711528847115,0.434656534346565,0.672732726727327,0.86961303869613,0.0484951504849515,0.57984201579842,0.95000499950005,0.262473752624738,0.846215378462154,0.436256374362564,0.685831416858314,0.742225777422258,0.274172582741726,0.292670732926707,0.906909309069093,0.954804519548045,0.66963303669633,0.355664433556644,0.882511748825118,0.550944905509449,0.805219478052195,0.877712228777122,0.408659134086591,0.816118388161184
"SNP-85_2",0.847515248475152,0.53984601539846,0.436856314368563,0.22987701229877,0.520747925207479,0.776422357764224,0.41965803419658,0.268373162683732,0.334366563343666,0.417158284171583,0.552244775522448,0.510748925107489,0.458454154584542,0.641435856414359,0.833016698330167,0.791320867913209,0.290670932906709,0.795720427957204,0.351764823517648,0.261673832616738,0.724827517248275,0.911708829117088,0.0343965603439656,0.287071292870713,0.301469853014699,0.313168683131687,0.492550744925507,0.652234776522348,0.371962803719628,0.706029397060294,0.494750524947505,0.374562543745625,0.453854614538546,0.564243575642436,0.652734726527347,0.641935806419358,0.338366163383662,0.247075292470753,0.360663933606639,0.677532246775322,0.442555744425557,0.375962403759624,0.887511248875112,0.226177382261774,0.727427257274273,0.854714528547145,0.74982501749825,0.857314268573143,0.175982401759824,0.132686731326867
"SNP-86_1",0.277572242775722,0.384361563843616,0.361563843615638,0.318768123187681,0.747025297470253,0.585541445855414,0.313568643135686,0.244275572442756,0.112088791120888,0.541445855414459,0.367463253674633,0.441455854414559,0.293470652934707,0.265273472652735,0.192880711928807,0.714728527147285,0.106589341065893,0.435656434356564,0.281871812818718,0.268473152684732,0.0713928607139286,0.122487751224878,0.192480751924808,0.0777922207779222,0.114188581141886,0.483651634836516,0.318568143185681,0.110588941105889,0.132086791320868,0.357164283571643,0.0553944605539446,0.126087391260874,0.48005199480052,0.432156784321568,0.477852214778522,0.709329067093291,0.561543845615438,0.291470852914709,0.0932906709329067,0.0864913508649135,0.76042395760424,0.219078092190781,0.0443955604439556,0.494750524947505,0.10998900109989,0.115888411158884,0.61953804619538,0.0803919608039196,0.910808919108089,0.261473852614739
"SNP-86_2",0.895210478952105,0.219278072192781,0.525047495250475,0.949405059494051,0.173082691730827,0.278072192780722,0.622137786221378,0.83011698830117,0.822217778222178,0.385561443855614,0.200979902009799,0.217878212178782,0.685431456854315,0.264973502649735,0.515648435156484,0.715728427157284,0.781021897810219,0.4002599740026,0.614638536146385,0.495250474952505,0.295270472952705,0.446955304469553,0.867513248675132,0.267173282671733,0.483151684831517,0.577842215778422,0.836716328367163,0.757824217578242,0.636336366363364,0.92970702929707,0.803619638036196,0.0287971202879712,0.687231276872313,0.585441455854415,0.0327967203279672,0.425657434256574,0.0942905709429057,0.467353264673533,0.393560643935606,0.894410558944106,0.985301469853015,0.848315168483152,0.623437656234377,0.574542545745425,0.676232376762324,0.485651434856514,0.776822317768223,0.416158384161584,0.4004599540046,0.878712128787121
"SNP-87_1",0.665633436656334,0.425857414258574,0.985001499850015,0.970702929707029,0.23987601239876,0.777622237776222,0.773522647735226,0.489451054894511,0.131286871312869,0.146085391460854,0.567643235676432,0.229177082291771,0.95960403959604,0.89041095890411,0.473852614738526,0.855214478552145,0.92020797920208,0.508349165083492,0.620637936206379,0.643435656434357,0.924707529247075,0.755524447555245,0.673132686731327,0.928307169283072,0.359064093590641,0.664333566643336,0.756924307569243,0.587541245875412,0.846415358464154,0.953604639536046,0.915708429157084,0.682731726827317,0.912608739126087,0.224277572242776,0.622737726227377,0.290970902909709,0.717728227177282,0.565243475652435,0.398860113988601,0.611738826117388,0.267873212678732,0.972902709729027,0.692730726927307,0.734026597340266,0.79012098790121,0.720927907209279,0.965603439656034,0.609339066093391,0.438256174382562,0.874012598740126
"SNP-87_2",0.63973602639736,0.997000299970003,0.807919208079192,0.795220477952205,0.631936806319368,0.684731526847315,0.436856314368563,0.961203879612039,0.967403259674033,0.413758624137586,0.0712928707129287,0.778322167783222,0.695230476952305,0.455354464553545,0.513648635136486,0.6998300169983,0.787521247875212,0.677732226777322,0.597440255974403,0.994900509949005,0.467253274672533,0.42955704429557,0.684831516848315,0.947005299470053,0.331566843315668,0.792320767923208,0.991100889911009,0.716628337166283,0.591440855914409,0.663633636636336,0.756924307569243,0.392660733926607,0.626937306269373,0.0114988501149885,0.656234376562344,0.0217978202179782,0.0961903809619038,0.451754824517548,0.564843515648435,0.235476452354765,0.985401459854015,0.931106889311069,0.141885811418858,0.841515848415158,0.453254674532547,0.677432256774323,0.343265673432657,0.287071292870713,0.563543645635436,0.841515848415158
"SNP-88_1",0.355064493550645,0.321167883211679,0.795020497950205,0.4003599640036,0.601339866013399,0.715628437156284,0.308269173082692,0.564643535646435,0.122787721227877,0.364963503649635,0.684731526847315,0.770922907709229,0.363563643635636,0.264273572642736,0.851714828517148,0.798220177982202,0.395760423957604,0.35026497350265,0.485251474852515,0.357264273572643,0.102389761023898,0.698630136986301,0.399060093990601,0.607339266073393,0.39006099390061,0.205179482051795,0.205779422057794,0.615838416158384,0.696230376962304,0.464053594640536,0.176482351764824,0.558544145585441,0.541345865413459,0.379262073792621,0.366663333666633,0.154784521547845,0.719228077192281,0.352664733526647,0.500749925007499,0.153084691530847,0.649035096490351,0.38956104389561,0.884511548845116,0.666833316668333,0.467053294670533,0.527047295270473,0.542845715428457,0.106589341065893,0.842115788421158,0.596740325967403
"SNP-88_2",0.246975302469753,0.251874812518748,0.0611938806119388,0.664933506649335,0.493250674932507,0.543545645435456,0.798320167983202,0.139186081391861,0.675632436756324,9.99900009999e-05,0.427357264273573,0.0634936506349365,0.697830216978302,0.874412558744126,9.99900009999e-05,0.187181281871813,0.695930406959304,0.570942905709429,0.800519948005199,0.536346365363464,0.85951404859514,0.891310868913109,0.7003299670033,0.654334566543346,0.351564843515648,0.0906909309069093,0.241575842415758,0.49025097490251,0.571842815718428,0.859214078592141,0.616738326167383,0.0313968603139686,0.93970602939706,0.810818918108189,0.943405659434057,0.906309369063094,0.346165383461654,0.137986201379862,0.27037296270373,0.538346165383462,0.964703529647035,0.78992100789921,0.244975502449755,0.457254274572543,0.364763523647635,0.796820317968203,0.174582541745825,0.642535746425357,0.734826517348265,0.797620237976202
"CD46-1",0.83981601839816,0.487951204879512,0.983601639836016,0.637036296370363,0.006999300069993,0.870912908709129,0.654234576542346,0.908709129087091,0.0576942305769423,9.99900009999e-05,0.402859714028597,0.821717828217178,0.71972802719728,0.927907209279072,9.99900009999e-05,0.0967903209679032,0.114588541145885,0.610738926107389,0.722727727227277,0.0468953104689531,0.697230276972303,0.881211878812119,0.932306769323068,0.360863913608639,0.856914308569143,0.781521847815218,0.0724927507249275,0.0280971902809719,0.554944505549445,0.824917508249175,0.999400059994001,0.566143385661434,0.674532546745325,0.829017098290171,0.531746825317468,0.49035096490351,0.921007899210079,0.602539746025398,0.996200379962004,0.974602539746025,0.862413758624138,0.532846715328467,0.706629337066293,0.981301869813019,0.952404759524048,0.338266173382662,0.333266673332667,0.72972702729727,0.588141185881412,0.975302469753025
"CD46-2",0.44025597440256,0.995700429957004,0.946405359464054,0.887411258874113,0.579242075792421,0.474552544745525,0.466753324667533,0.2001799820018,0.991000899910009,0.302869713028697,0.47975202479752,0.581641835816418,0.6004399560044,0.844615538446155,0.471052894710529,0.506349365063494,0.681831816818318,0.994100589941006,0.587741225877412,0.618338166183382,0.252274772522748,0.238176182381762,0.686131386861314,0.293070692930707,0.243475652434757,0.527347265273473,0.61993800619938,0.31986801319868,0.6003399660034,0.378962103789621,0.323367663233677,0.672132786721328,0.404959504049595,0.841315868413159,0.875812418758124,0.42015798420158,0.314468553144686,0.954304569543046,0.290970902909709,0.80951904809519,0.555144485551445,0.255574442555744,0.624037596240376,0.544345565443456,0.657934206579342,0.483351664833517,0.792320767923208,0.337366263373663,0.845115488451155,0.95980401959804
"CD52-1",0.41955804419558,0.569443055694431,0.53044695530447,0.297570242975702,0.385961403859614,0.321567843215678,0.78032196780322,0.298570142985701,0.621337866213379,0.5004499550045,0.521047895210479,0.571142885711429,0.675432456754325,0.189181081891811,0.27977202279772,0.353764623537646,0.274172582741726,0.413358664133587,0.611138886111389,0.343165683431657,0.60953904609539,0.0220977902209779,0.532146785321468,0.394860513948605,0.487351264873513,0.478352164783522,0.636236376362364,0.401659834016598,0.2002799720028,0.877512248775122,0.179182081791821,0.126087391260874,0.675732426757324,0.138686131386861,0.33956604339566,0.784821517848215,0.55004499550045,0.301169883011699,0.533046695330467,0.432856714328567,0.304469553044696,0.865613438656134,0.177982201779822,0.29037096290371,0.564743525647435,0.500649935006499,0.0222977702229777,0.339366063393661,0.824417558244176,0.496950304969503
"CD52-2",0.196780321967803,0.0006999300069993,9.99900009999e-05,9.99900009999e-05,0.202379762023798,0.005999400059994,0.334166583341666,0.0972902709729027,9.99900009999e-05,0.19008099190081,9.99900009999e-05,9.99900009999e-05,9.99900009999e-05,0.126987301269873,0.0652934706529347,0.0494950504949505,9.99900009999e-05,9.99900009999e-05,0.103089691030897,0.0004999500049995,0.157984201579842,9.99900009999e-05,9.99900009999e-05,9.99900009999e-05,9.99900009999e-05,0.219178082191781,9.99900009999e-05,0.214078592140786,0.280571942805719,0.137886211378862,0.0342965703429657,0.316368363163684,0.0245975402459754,9.99900009999e-05,0.0360963903609639,9.99900009999e-05,0.260873912608739,0.269473052694731,0.131386861313869,9.99900009999e-05,0.0543945605439456,0.0020997900209979,0.161683831616838,0.160883911608839,0.0741925807419258,0.455954404559544,0.0028997100289971,0.0441955804419558,0.538846115388461,0.176582341765823
"HSPA8-1",0.0942905709429057,0.213878612138786,0.0414958504149585,0.0701929807019298,0.0540945905409459,0.0452954704529547,0.28967103289671,0.334566543345665,0.249175082491751,0.146085391460854,0.17038296170383,0.0050994900509949,0.0025997400259974,0.0643935606439356,0.502449755024498,0.604439556044396,0.272372762723728,0.247575242475752,0.167383261673833,0.0400959904009599,0.152284771522848,9.99900009999e-05,0.0650934906509349,0.156284371562844,0.267273272672733,0.11968803119688,0.359064093590641,0.226177382261774,0.18978102189781,0.34966503349665,0.255474452554745,0.326667333266673,0.272272772722728,0.261673832616738,0.0346965303469653,0.569243075692431,0.0297970202979702,0.52004799520048,0.371162883711629,9.99900009999e-05,0.0463953604639536,0.107189281071893,0.213478652134787,0.215078492150785,0.675832416758324,0.167083291670833,0.33996600339966,0.1998800119988,0.417258274172583,0.124387561243876
"HSPA8-2",0.324867513248675,0.253174682531747,0.28977102289771,0.664133586641336,0.487751224877512,0.380961903809619,0.405659434056594,0.441955804419558,0.343765623437656,0.439356064393561,0.489051094890511,0.0311968803119688,0.632236776322368,0.458554144585541,0.353464653534647,0.572142785721428,0.651334866513349,0.611638836116388,0.343065693430657,0.474452554744526,0.159184081591841,0.774722527747225,0.332266773322668,0.455254474552545,0.383061693830617,0.215578442155784,0.464353564643536,0.227777222277772,0.455154484551545,0.775522447755224,0.542945705429457,0.352064793520648,0.805019498050195,0.587341265873413,0.402359764023598,0.591240875912409,0.354464553544646,0.476252374762524,0.302669733026697,0.174082591740826,0.38046195380462,0.538546145385461,0.424857514248575,0.0088991100889911,0.596340365963404,0.326967303269673,0.471852814718528,0.318168183181682,0.225477452254775,0.794620537946205
"NMU-1",0.476352364763524,0.307969203079692,0.36026397360264,0.318168183181682,0.010998900109989,0.163483651634837,0.237976202379762,0.244075592440756,0.117688231176882,0.0414958504149585,0.278772122787721,0.291170882911709,0.310868913108689,0.546445355464454,0.027997200279972,0.236176382361764,0.47035296470353,9.99900009999e-05,0.259174082591741,0.190880911908809,0.0306969303069693,0.312068793120688,0.0825917408259174,0.232876712328767,0.145585441455854,0.182681731826817,0.223077692230777,0.0478952104789521,0.12958704129587,0.538346165383462,0.617538246175382,0.0655934406559344,0.306669333066693,0.426057394260574,0.627637236276372,0.432456754324568,0.204579542045795,0.182381761823818,0.266673332666733,0.144685531446855,0.365263473652635,0.404959504049595,0.339066093390661,0.14958504149585,0.0047995200479952,0.294770522947705,0.318768123187681,0.36016398360164,0.0862913708629137,0.0228977102289771
"NMU-2",0.0916908309169083,0.58994100589941,0.385361463853615,0.712628737126287,0.357864213578642,0.62003799620038,0.199280071992801,0.132586741325867,0.1995800419958,0.844015598440156,0.138786121387861,0.453154684531547,0.337666233376662,0.596040395960404,0.0574942505749425,0.0848915108489151,0.0035996400359964,0.514948505149485,0.143385661433857,0.154384561543846,0.508549145085491,0.324967503249675,0.0421957804219578,0.529447055294471,0.0377962203779622,0.0942905709429057,0.504449555044496,0.0974902509749025,0.466953304669533,0.5997400259974,0.561343865613439,0.374562543745625,0.520947905209479,0.61043895610439,0.032996700329967,0.388961103889611,0.814318568143186,0.256774322567743,0.117888211178882,0.0558944105589441,0.424057594240576,0.323067693230677,0.218778122187781,0.182181781821818,0.414558544145585,0.201079892010799,0.0437956204379562,0.721727827217278,0.264873512648735,0.54034596540346
"PPIA-1",0.0471952804719528,9.99900009999e-05,0.205879412058794,0.0643935606439356,0.0502949705029497,0.0512948705129487,0.11048895110489,0.195980401959804,0.0767923207679232,0.112488751124888,0.0254974502549745,0.273272672732727,0.0095990400959904,0.16038396160384,0.207379262073793,0.0026997300269973,9.99900009999e-05,0.138386161383862,9.99900009999e-05,0.0260973902609739,0.065993400659934,0.0542945705429457,0.0954904509549045,0.0713928607139286,0.0188981101889811,0.0748925107489251,0.0711928807119288,0.0763923607639236,0.166383361663834,0.203779622037796,0.0551944805519448,0.0045995400459954,0.0797920207979202,0.0493950604939506,0.348465153484652,0.0706929307069293,0.0425957404259574,0.0435956404359564,0.0945905409459054,0.131286871312869,9.99900009999e-05,0.0895910408959104,0.211378862113789,0.0375962403759624,0.117988201179882,0.0010998900109989,0.162383761623838,0.0323967603239676,0.0404959504049595,9.99900009999e-05
"PPIA-2",0.901809819018098,0.775022497750225,0.172982701729827,0.629337066293371,0.607939206079392,0.674832516748325,0.978102189781022,0.322867713228677,0.945105489451055,0.285771422857714,0.446055394460554,0.182081791820818,0.985501449855015,0.422357764223578,0.635536446355364,0.3002699730027,0.723427657234277,0.340965903409659,9.99900009999e-05,0.453054694530547,0.745725427457254,0.894010598940106,0.838316168383162,0.430756924307569,0.749025097490251,0.487451254874513,0.957204279572043,0.705629437056294,0.83001699830017,0.858814118588141,0.496650334966503,0.511748825117488,0.110688931106889,0.581541845815418,0.886511348865114,0.824217578242176,0.501949805019498,0.245175482451755,0.649235076492351,0.67983201679832,0.231576842315768,0.733526647335267,0.0286971302869713,0.537146285371463,0.232476752324768,0.748125187481252,0.618438156184382,0.591440855914409,0.0582941705829417,0.758624137586241
"RPL22-1",0.73962603739626,0.515348465153485,0.228377162283772,0.175882411758824,0.327567243275672,0.344365563443656,0.191580841915808,0.415458454154585,0.635736426357364,0.656034396560344,0.0856914308569143,0.165083491650835,0.0885911408859114,0.607739226077392,0.511448855114489,0.437556244375562,0.123487651234877,0.362363763623638,9.99900009999e-05,0.118888111188881,0.458054194580542,0.118188181181882,0.492250774922508,0.218078192180782,0.637936206379362,0.246275372462754,0.311768823117688,0.228677132286771,0.0553944605539446,0.395960403959604,0.235376462353765,0.604339566043396,0.267173282671733,0.154484551544846,0.357564243575642,0.0921907809219078,0.0725927407259274,0.480751924807519,0.102889711028897,0.583141685831417,0.297870212978702,0.0736926307369263,0.654634536546345,0.338466153384662,0.350864913508649,0.603639636036396,0.844815518448155,0.0421957804219578,0.0852914708529147,0.676532346765323
"RPL22-2",0.45025497450255,0.605539446055394,0.686431356864314,0.843015698430157,0.555744425557444,0.603339666033397,0.657434256574343,0.691430856914309,0.0818918108189181,0.738826117388261,0.121187881211879,0.181781821817818,0.192580741925807,0.482351764823518,0.472852714728527,0.299170082991701,0.0081991800819918,0.67983201679832,0.512448755124488,0.443755624437556,0.147185281471853,0.544045595440456,0.486751324867513,0.095990400959904,0.364763523647635,0.490850914908509,0.709429057094291,0.0777922207779222,0.733526647335267,0.22037796220378,0.890910908909109,0.263673632636736,0.412158784121588,0.684531546845315,0.565643435656434,0.566343365663434,0.503249675032497,0.333266673332667,0.410958904109589,0.314468553144686,0.376962303769623,0.036996300369963,0.622637736226377,0.561443855614439,0.0548945105489451,0.482151784821518,0.638236176382362,0.0166983301669833,0.477752224777522,0.238876112388761
"NTC-1",0.474152584741526,0.582841715828417,0.0841915808419158,0.586041395860414,0.226377362263774,0.43955604439556,0.488251174882512,0.268373162683732,0.737426257374263,0.250874912508749,0.635336466353365,0.611038896110389,0.692530746925307,0.102289771022898,0.526547345265473,0.477252274772523,0.386161383861614,0.616938306169383,0.276272372762724,0.442755724427557,0.862313768623138,0.811118888111189,0.743125687431257,0.0682931706829317,0.384861513848615,0.273872612738726,0.664033596640336,0.773422657734227,0.7004299570043,0.0813918608139186,0.545845415458454,0.730926907309269,0.278572142785721,0.748125187481252,0.502649735026497,0.786921307869213,0.198380161983802,0.538146185381462,0.47005299470053,0.195680431956804,0.247975202479752,0.438056194380562,0.918108189181082,0.510848915108489,0.635436456354365,0.203079692030797,0.513548645135486,0.383461653834617,0.0342965703429657,0.66023397660234
"NTC-2",0.401359864013599,0.193680631936806,0.0740925907409259,0.0393960603939606,0.21987801219878,0.333166683331667,0.196080391960804,0.463353664633537,9.99900009999e-05,0.265573442655734,0.0142985701429857,0.0898910108989101,0.182181781821818,0.19038096190381,0.179282071792821,0.0105989401059894,0.0271972802719728,9.99900009999e-05,0.067993200679932,0.263773622637736,0.203979602039796,0.886911308869113,0.104689531046895,0.158184181581842,0.349365063493651,0.156184381561844,0.0434956504349565,0.69023097690231,0.0751924807519248,0.265473452654735,0.0272972702729727,0.101889811018898,0.280871912808719,0.224777522247775,0.081991800819918,0.346865313468653,0.330666933306669,0.352864713528647,0.155984401559844,0.215378462153785,0.186181381861814,0.0166983301669833,0.39026097390261,0.212378762123788,0.56984301569843,0.223577642235776,0.625537446255374,0.831116888311169,0.569443055694431,0.442255774422558
"NTC-4",0.470652934706529,0.329067093290671,0.402359764023598,0.597640235976402,0.707229277072293,0.388361163883612,0.363763623637636,0.381661833816618,0.498250174982502,0.300869913008699,0.24007599240076,0.346365363463654,0.74012598740126,0.612438756124388,0.636036396360364,0.742325767423258,0.28987101289871,0.499250074992501,0.222677732226777,0.584241575842416,0.750824917508249,0.66993300669933,0.636836316368363,0.0700929907009299,0.260673932606739,0.255574442555744,0.898810118988101,0.458654134586541,0.263573642635736,0.297270272972703,0.43005699430057,0.48975102489751,0.646435356464354,0.965203479652035,0.527147285271473,0.725027497250275,0.595440455954405,0.292170782921708,0.235476452354765,0.272572742725727,0.328967103289671,0.433256674332567,0.596640335966403,0.811918808119188,0.485751424857514,0.863413658634137,0.372062793720628,0.537346265373463,0.482651734826517,0.208479152084792
"NTC-5",0.154884511548845,0.70962903709629,0.958904109589041,0.222377762223778,0.372462753724628,0.413258674132587,0.559444055594441,0.888411158884112,0.791920807919208,0.665333466653335,0.483451654834517,0.837116288371163,0.7004299570043,0.0934906509349065,0.832116788321168,0.140685931406859,0.731626837316268,0.424257574242576,0.217878212178782,0.643435656434357,0.545045495450455,0.956604339566043,0.920907909209079,0.696130386961304,0.538146185381462,0.155784421557844,0.549145085491451,0.953604639536046,0.0934906509349065,0.865313468653135,0.0602939706029397,0.291470852914709,0.597940205979402,0.397160283971603,0.47025297470253,0.537846215378462,0.887711228877112,0.68043195680432,0.694830516948305,0.419458054194581,0.436856314368563,0.505949405059494,0.708329167083292,0.199180081991801,0.401859814018598,0.88971102889711,0.942205779422058,0.87051294870513,0.905809419058094,0.754224577542246
"NTC-6",0.73012698730127,0.224277572242776,0.0767923207679232,0.56044395560444,0.773322667733227,0.706929307069293,0.813918608139186,0.395960403959604,0.895110488951105,0.837916208379162,0.771122887711229,0.889311068893111,0.636936306369363,0.998800119988001,0.112288771122888,0.909209079092091,0.838916108389161,0.279172082791721,0.97960203979602,0.796220377962204,0.117588241175882,0.865613438656134,0.760523947605239,0.26047395260474,0.381761823817618,0.61033896610339,0.658234176582342,0.693930606939306,0.906109389061094,0.0327967203279672,0.103589641035896,0.254074592540746,0.754324567543246,0.412558744125587,0.484251574842516,0.542745725427457,0.501449855014499,0.923307669233077,0.621637836216378,0.371662833716628,0.333566643335666,0.94040595940406,0.774222577742226,0.55994400559944,0.710728927107289,0.677832216778322,0.874312568743126,0.102289771022898,0.938506149385061,0.467153284671533
"NTC-7",0.221577842215778,0.516448355164484,0.708329167083292,0.77972202779722,0.247575242475752,0.352364763523648,0.760623937606239,0.147385261473853,0.628237176282372,0.43975602439756,0.376662333766623,0.631436856314369,0.442955704429557,0.631736826317368,0.573342665733427,0.213378662133787,0.684931506849315,0.621037896210379,0.308969103089691,0.406659334066593,0.496750324967503,0.361963803619638,0.502949705029497,0.427657234276572,0.344665533446655,0.709429057094291,0.537546245375462,0.518548145185481,0.251774822517748,0.526147385261474,0.330966903309669,0.221677832216778,0.55964403559644,0.614538546145386,0.0215978402159784,0.716828317168283,0.267873212678732,0.512348765123488,0.0257974202579742,0.0560943905609439,0.191380861913809,0.339166083391661,0.373662633736626,0.364663533646635,0.796120387961204,0.497350264973503,0.979102089791021,0.833416658334167,0.852614738526147,0.257174282571743
"NTC-8",0.587241275872413,0.367563243675632,0.0992900709929007,0.423657634236576,0.173382661733827,0.155084491550845,0.163883611638836,0.126987301269873,0.583741625837416,0.543345665433457,0.573042695730427,0.410958904109589,0.341665833416658,0.120887911208879,0.423457654234577,0.231176882311769,0.145385461453855,0.455354464553545,0.63963603639636,0.7999200079992,0.299470052994701,0.31976802319768,0.551144885511449,0.0866913308669133,0.297570242975702,0.720527947205279,0.199180081991801,0.623737626237376,0.527147285271473,0.12998700129987,0.564243575642436,0.263373662633737,0.548845115488451,0.163683631636836,0.41995800419958,0.144885511448855,0.43015698430157,0.0034996500349965,0.331766823317668,0.383761623837616,0.259074092590741,0.265273472652735,0.759124087591241,0.117988201179882,0.437156284371563,0.204479552044796,0.805519448055194,0.454154584541546,0.814118588141186,0.123987601239876
"NTC-9",0.35996400359964,0.718428157184282,0.534846515348465,0.0956904309569043,0.658634136586341,0.560543945605439,0.363463653634637,0.749325067493251,0.432056794320568,0.0951904809519048,0.633736626337366,0.604039596040396,0.144785521447855,0.176482351764824,0.862913708629137,0.0720927907209279,0.21027897210279,0.708929107089291,0.816218378162184,0.51004899510049,0.753024697530247,0.51014898510149,0.654534546545345,0.483951604839516,0.0715928407159284,0.227377262273773,0.312068793120688,0.24997500249975,0.456254374562544,0.248175182481752,0.385061493850615,0.105989401059894,0.192880711928807,0.087991200879912,0.802319768023198,0.294570542945705,0.345665433456654,0.861313868613139,0.752524747525247,0.313668633136686,0.3003699630037,0.604339566043396,0.127987201279872,0.000999900009999,0.0338966103389661,0.0578942105789421,0.481951804819518,0.0354964503549645,0.302369763023698,0.043995600439956
"NTC-10",0.385661433856614,0.337266273372663,0.236376362363764,0.231176882311769,0.0698930106989301,0.0846915308469153,0.135186481351865,0.462553744625537,0.62043795620438,0.406059394060594,0.694230576942306,0.137186281371863,0.126287371262874,0.647135286471353,0.595440455954405,0.154484551544846,0.437056294370563,0.873412658734127,0.522547745225477,0.753024697530247,0.206079392060794,0.655434456554345,0.917408259174083,0.372662733726627,0.541845815418458,0.909009099090091,0.716828317168283,0.558244175582442,0.205479452054795,0.823617638236176,0.907609239076092,0.457254274572543,0.668233176682332,0.405959404059594,0.239176082391761,0.469153084691531,0.798420157984202,0.478052194780522,0.354964503549645,0.645935406459354,0.0205979402059794,0.372562743725627,0.474052594740526,0.0458954104589541,0.0757924207579242,0.222977702229777,0.119188081191881,0.894810518948105,0.179482051794821,0.368363163683632
"NTC-11",0.0556944305569443,0.602539746025398,0.839016098390161,0.767023297670233,0.291370862913709,0.36996300369963,0.448755124487551,0.262873712628737,0.567043295670433,0.746725327467253,0.434256574342566,0.464353564643536,0.286171382861714,0.376162383761624,0.656034396560344,0.910908909109089,0.381261873812619,0.757124287571243,0.494950504949505,0.903009699030097,0.201579842015798,0.891910808919108,0.305769423057694,0.41025897410259,0.8999100089991,0.606539346065394,0.253774622537746,0.811918808119188,0.369263073692631,0.255074492550745,0.56024397560244,0.798720127987201,0.71022897710229,0.452754724527547,0.239176082391761,0.328267173282672,0.234676532346765,0.423857614238576,0.164483551644836,0.499450054994501,0.621037896210379,0.322767723227677,0.735626437356264,0.724527547245275,0.72962703729627,0.796020397960204,0.707729227077292,0.966803319668033,0.319068093190681,0.777822217778222
"CD55-1",0.0195980401959804,0.173182681731827,0.0123987601239876,0.24977502249775,0.226877312268773,0.0612938706129387,0.278772122787721,0.408859114088591,0.0473952604739526,0.597340265973403,0.191480851914809,0.162283771622838,0.12968703129687,0.226677332266773,0.425857414258574,0.192380761923808,0.0107989201079892,0.0037996200379962,0.0850914908509149,0.136986301369863,0.118088191180882,0.257274272572743,0.201979802019798,0.133686631336866,9.99900009999e-05,0.0110988901109889,0.0548945105489451,0.0736926307369263,0.0015998400159984,0.0755924407559244,0.658134186581342,0.0218978102189781,0.427957204279572,0.119188081191881,0.221677832216778,0.264673532646735,0.321967803219678,0.548245175482452,0.333666633336666,0.366763323667633,0.0288971102889711,0.171982801719828,0.355964403559644,0.353264673532647,0.0063993600639936,0.0987901209879012,0.503849615038496,0.664433556644336,0.038996100389961,0.170982901709829
"CD55-2",0.34966503349665,0.4004599540046,0.52024797520248,0.468853114688531,0.126387361263874,0.411158884111589,0.761423857614239,0.570542945705429,0.394060593940606,0.480951904809519,0.534746525347465,0.505349465053495,0.253474652534747,0.164683531646835,0.418358164183582,0.391060893910609,0.456454354564544,0.461353864613539,0.184081591840816,0.511748825117488,0.406559344065593,0.157084291570843,0.296870312968703,0.205679432056794,9.99900009999e-05,0.568843115688431,0.366063393660634,0.465053494650535,0.536946305369463,0.281871812818718,0.333066693330667,0.401159884011599,0.539346065393461,0.261373862613739,0.102189781021898,0.193480651934807,0.32016798320168,0.27987201279872,0.626837316268373,0.297570242975702,0.781521847815218,0.318568143185681,0.343465653434657,0.582541745825418,0.0420957904209579,0.0910908909109089,0.577742225777422,0.826417358264174,0.234076592340766,0.476152384761524
"CD55-3",0.306769323067693,0.544845515448455,0.707129287071293,0.364563543645635,0.794820517948205,0.831316868313169,0.898010198980102,0.763423657634237,0.333766623337666,0.298470152984702,0.0493950604939506,0.192280771922808,0.48985101489851,0.28017198280172,0.276372362763724,0.364663533646635,0.292770722927707,0.248175182481752,0.254674532546745,0.38966103389661,0.681131886811319,0.266673332666733,0.455454454554545,0.0414958504149585,9.99900009999e-05,0.0163983601639836,0.519448055194481,0.031996800319968,0.345365463453655,0.216178382161784,0.431656834316568,0.540445955404459,0.601039896010399,0.197280271972803,0.42035796420358,0.543245675432457,0.102189781021898,0.815018498150185,0.535146485351465,0.765723427657234,0.3997600239976,0.651034896510349,0.43975602439756,0.586641335866413,0.0821917808219178,0.0747925207479252,0.467453254674533,0.0826917308269173,0.588641135886411,0.849215078492151
"CD55-4",0.572442755724428,0.662833716628337,0.807219278072193,0.421557844215578,0.114888511148885,0.133786621337866,0.374262573742626,0.433556644335566,0.305669433056694,0.701929807019298,0.827317268273173,0.808419158084192,0.465853414658534,0.357764223577642,0.346065393460654,0.460953904609539,0.529047095290471,0.748025197480252,0.687631236876312,0.434856514348565,0.090990900909909,0.209479052094791,0.191980801919808,0.751824817518248,0.291370862913709,0.411358864113589,0.666633336666333,0.899010098990101,0.447155284471553,0.740925907409259,0.582641735826417,0.474352564743526,0.273072692730727,0.417658234176582,0.100689931006899,0.346465353464654,0.110888911108889,0.344465553444656,0.357364263573643,0.244675532446755,0.296370362963704,0.196280371962804,0.403059694030597,0.25987401259874,0.445955404459554,0.433356664333567,0.988901109889011,0.168583141685831,0.836616338366163,0.0101989801019898
"CD55-5",0.141085891410859,0.172882711728827,0.407959204079592,0.622737726227377,0.318868113188681,0.713028697130287,0.452054794520548,0.464253574642536,0.81041895810419,0.354764523547645,0.536246375362464,0.417958204179582,0.966203379662034,0.785221477852215,0.0997900209979002,0.968203179682032,0.602439756024398,0.670832916708329,0.718128187181282,0.494550544945505,0.691230876912309,0.761523847615239,0.981801819818018,0.677632236776322,9.99900009999e-05,0.637936206379362,0.824717528247175,0.884711528847115,0.0572942705729427,0.643035696430357,0.125087491250875,0.734226577342266,0.613438656134387,0.296670332966703,0.628337166283372,0.591640835916408,0.531346865313469,0.353464653534647,0.528047195280472,0.164983501649835,0.816318368163184,0.938806119388061,0.46045395460454,0.903509649035096,0.128387161283872,0.238776122387761,0.960903909609039,0.867313268673133,0.216378362163784,0.525947405259474
"CD55-6",9.99900009999e-05,0.104989501049895,0.0002999700029997,0.0010998900109989,0.0086991300869913,0.263973602639736,0.165183481651835,9.99900009999e-05,0.555644435556444,0.0862913708629137,9.99900009999e-05,9.99900009999e-05,0.106689331066893,0.955004499550045,0.114988501149885,9.99900009999e-05,9.99900009999e-05,0.0504949505049495,0.000999900009999,0.666633336666333,0.0232976702329767,0.0093990600939906,0.0613938606139386,0.18978102189781,9.99900009999e-05,0.431956804319568,9.99900009999e-05,9.99900009999e-05,9.99900009999e-05,0.0753924607539246,0.638736126387361,9.99900009999e-05,0.0054994500549945,0.0802919708029197,0.671032896710329,9.99900009999e-05,9.99900009999e-05,0.27037296270373,0.0504949505049495,0.298570142985701,0.487351264873513,0.360663933606639,0.0397960203979602,0.95990400959904,0.265973402659734,0.537346265373463,0.0707929207079292,9.99900009999e-05,0.213978602139786,0.427257274272573
"CD55-7",0.0845915408459154,0.151884811518848,0.133886611338866,0.0006999300069993,0.0194980501949805,0.0204979502049795,0.379262073792621,0.172182781721828,0.153984601539846,0.113688631136886,0.0046995300469953,0.245175482451755,0.003999600039996,0.1004899510049,0.184381561843816,0.0012998700129987,0.0954904509549045,0.396960303969603,0.377762223777622,0.121687831216878,0.214678532146785,0.189381061893811,0.0885911408859114,0.0802919708029197,9.99900009999e-05,0.271272872712729,0.0682931706829317,0.130986901309869,0.0386961303869613,0.278572142785721,0.0312968703129687,0.132686731326867,0.295970402959704,0.523747625237476,0.276072392760724,0.255374462553745,0.12958704129587,0.139086091390861,0.335966403359664,0.106489351064894,0.0087991200879912,0.185181481851815,0.208779122087791,0.106789321067893,0.504049595040496,0.720727927207279,0.201079892010799,0.0521947805219478,0.0310968903109689,0.474052594740526
"CD55-8",0.720727927207279,0.747025297470253,0.294470552944706,0.598840115988401,0.919008099190081,0.238176182381762,0.68043195680432,0.827517248275172,0.833616638336166,0.981601839816018,0.494950504949505,0.310768923107689,0.132586741325867,0.998800119988001,0.919308069193081,0.906509349065094,0.915208479152085,0.623437656234377,0.860713928607139,0.901709829017098,0.787121287871213,0.762723727627237,0.912308769123088,0.716528347165283,9.99900009999e-05,0.0453954604539546,0.622137786221378,0.834916508349165,0.492650734926507,0.415158484151585,0.0353964603539646,0.552044795520448,0.35046495350465,0.476852314768523,0.411758824117588,0.7995200479952,0.831516848315168,0.709529047095291,0.438356164383562,0.463853614638536,0.0967903209679032,0.235276472352765,0.873612638736126,0.996600339966003,0.863013698630137,0.88051194880512,0.144485551444856,0.257474252574743,0.534346565343466,0.341965803419658
"CD55-9",0.565243475652435,0.0006999300069993,0.0006999300069993,0.944105589441056,0.544245575442456,0.512048795120488,0.0002999700029997,0.421857814218578,0.0886911308869113,0.173382661733827,0.0082991700829917,0.0040995900409959,0.471652834716528,0.035996400359964,0.0761923807619238,0.715828417158284,0.0681931806819318,0.0078992100789921,0.252874712528747,0.04999500049995,0.127687231276872,0.722827717228277,0.702729727027297,0.188481151884812,0.126987301269873,0.0004999500049995,0.572442755724428,0.427157284271573,0.793720627937206,9.99900009999e-05,0.356664333566643,0.497650234976502,0.80951904809519,0.521847815218478,0.0014998500149985,0.368363163683632,0.288571142885711,0.435856414358564,0.268973102689731,0.804719528047195,0.827217278272173,0.0840915908409159,0.352264773522648,0.403059694030597,0.937306269373063,0.253574642535746,0.814118588141186,0.0218978102189781,0.491850814918508,0.381661833816618
