"","HALLMARK_TNFA_SIGNALING_VIA_NFKB","HALLMARK_HYPOXIA","HALLMARK_G2M_CHECKPOINT","HALLMARK_ADIPOGENESIS","HALLMARK_ESTROGEN_RESPONSE_EARLY","HALLMARK_ESTROGEN_RESPONSE_LATE","HALLMARK_MYOGENESIS","HALLMARK_INTERFERON_GAMMA_RESPONSE","HALLMARK_APICAL_JUNCTION","HALLMARK_COMPLEMENT","HALLMARK_MTORC1_SIGNALING","HALLMARK_E2F_TARGETS","HALLMARK_MYC_TARGETS_V1","HALLMARK_EPITHELIAL_MESENCHYMAL_TRANSITION","HALLMARK_INFLAMMATORY_RESPONSE","HALLMARK_XENOBIOTIC_METABOLISM","HALLMARK_OXIDATIVE_PHOSPHORYLATION","HALLMARK_GLYCOLYSIS","HALLMARK_P53_PATHWAY","HALLMARK_HEME_METABOLISM","HALLMARK_ALLOGRAFT_REJECTION","HALLMARK_KRAS_SIGNALING_UP","HALLMARK_KRAS_SIGNALING_DN","HALLMARK_MITOTIC_SPINDLE","HALLMARK_IL2_STAT5_SIGNALING","HALLMARK_APOPTOSIS","HALLMARK_FATTY_ACID_METABOLISM","HALLMARK_UV_RESPONSE_UP","HALLMARK_DNA_REPAIR","HALLMARK_UV_RESPONSE_DN","HALLMARK_COAGULATION","HALLMARK_SPERMATOGENESIS","HALLMARK_UNFOLDED_PROTEIN_RESPONSE","HALLMARK_BILE_ACID_METABOLISM","HALLMARK_PI3K_AKT_MTOR_SIGNALING","HALLMARK_PEROXISOME","HALLMARK_ANDROGEN_RESPONSE","HALLMARK_INTERFERON_ALPHA_RESPONSE","HALLMARK_PROTEIN_SECRETION","HALLMARK_IL6_JAK_STAT3_SIGNALING","HALLMARK_CHOLESTEROL_HOMEOSTASIS","HALLMARK_MYC_TARGETS_V2","HALLMARK_TGF_BETA_SIGNALING","HALLMARK_REACTIVE_OXYGEN_SPECIES_PATHWAY","HALLMARK_APICAL_SURFACE","HALLMARK_WNT_BETA_CATENIN_SIGNALING","HALLMARK_PANCREAS_BETA_CELLS","HALLMARK_HEDGEHOG_SIGNALING","HALLMARK_ANGIOGENESIS","HALLMARK_NOTCH_SIGNALING"
"1",0.456304369563044,0.414408559144086,0.14953504649535,0.0190980901909809,0.17043295670433,0.577142285771423,0.160783921607839,0.514898510148985,0.175532446755324,0.566543345665433,0.552294770522948,0.156334366563344,0.858414158584142,0.76007399260074,0.787671232876712,0.012048795120488,0.0236476352364764,0.11958804119588,0.828817118288171,0.891960803919608,0.243775622437756,0.133186681331867,0.170782921707829,0.491350864913509,0.459054094590541,0.54989501049895,0.0137986201379862,0.343865613438656,0.850764923507649,0.825167483251675,0.228077192280772,0.539146085391461,0.365313468653135,0.486101389861014,0.329417058294171,0.595240475952405,0.822817718228177,0.392160783921608,0.316968303169683,0.185931406859314,0.0800919908009199,0.47985201479852,0.0901909809019098,0.813718628137186,0.786521347865213,0.278972102789721,0.118988101189881,0.161783821617838,0.405359464053595,0.392360763923608
"2",0.865313468653135,0.487801219878012,0.488951104889511,0.359464053594641,0.517548245175482,0.741375862413759,0.356814318568143,0.518298170182982,0.420757924207579,0.395760423957604,0.744525547445255,0.00794920507949205,0.857564243575642,0.261723827617238,0.462153784621538,0.548345165483452,0.210828917108289,0.402609739026097,0.949355064493551,0.469303069693031,0.538896110388961,0.345615438456154,0.592390760923908,0.411658834116588,0.816168383161684,0.493200679932007,0.317118288171183,0.654084591540846,0.735976402359764,0.526597340265973,0.221377862213779,0.554444555544446,0.44970502949705,0.451154884511549,0.54019598040196,0.563143685631437,0.407159284071593,0.396160383961604,0.227627237276272,0.303119688031197,0.28977102289771,0.11033896610339,0.121937806219378,0.344615538446155,0.658284171582842,0.876762323767623,0.629237076292371,0.0380961903809619,0.308719128087191,0.404259574042596
"3",0.12978702129787,0.289321067893211,0.0782421757824218,0.0544445555444456,0.0108989101089891,0.0121987801219878,0.0457454254574543,0.236076392360764,0.0376962303769623,0.288621137886211,0.534246575342466,0.0077992200779922,0.0076992300769923,0.0061993800619938,0.455954404559544,0.0121487851214879,0.562193780621938,0.00584941505849415,0.171932806719328,0.0563443655634437,0.185281471852815,0.0076992300769923,0.623887611238876,0.0057994200579942,0.148535146485351,0.0114488551144886,0.227277272272773,0.0130986901309869,0.874062593740626,0.0332966703329667,0.0249475052494751,0.0074992500749925,0.521747825217478,0.122287771222878,0.296570342965703,0.00324967503249675,0.262073792620738,0.908409159084092,0.0718928107189281,0.00364963503649635,0.322117788221178,0.00244975502449755,0.241175882411759,0.1004899510049,0.971852814718528,0.0318968103189681,0.348315168483152,0.872162783721628,0.004999500049995,0.264373562643736
"4",0.135236476352365,0.0136986301369863,0.204929507049295,0.0064993500649935,0.0525447455254475,0.0588441155884412,0.294820517948205,0.135836416358364,0.104639536046395,0.452854714528547,0.232926707329267,0.0231976802319768,0.0230976902309769,0.0302469753024698,0.478252174782522,0.011998800119988,0.0081991800819918,0.534096590340966,0.0178982101789821,0.146385361463854,0.0077992200779922,0.00764923507649235,0.0015998400159984,0.0171982801719828,0.0117988201179882,0.0608939106089391,0.710678932106789,0.1000899910009,0.0053994600539946,0.693130686931307,0.921157884211579,0.0321967803219678,0.394160583941606,0.967353264673533,0.567293270672933,0.283421657834217,0.303019698030197,0.0932406759324068,0.0036996300369963,0.894910508949105,0.225827417258274,0.0441955804419558,0.0627937206279372,0.600589941005899,0.125437456254375,0.0177982201779822,0.0959404059594041,0.514848515148485,0.119238076192381,0.206229377062294
"5",0.420607939206079,0.0137986201379862,0.0644935506449355,0.0191480851914809,0.482401759824018,0.516898310168983,0.825967403259674,0.973052694730527,0.603089691030897,0.629087091290871,0.0216478352164784,0.0375462453754625,0.360713928607139,0.43955604439556,0.940605939406059,0.762123787621238,0.111988801119888,0.0173982601739826,0.051994800519948,0.375112488751125,0.0128487151284872,0.195930406959304,0.56964303569643,0.0289471052894711,0.131186881311869,0.403259674032597,0.0137486251374863,0.0131986801319868,0.0257974202579742,0.311168883111689,0.496800319968003,0.443155684431557,0.607939206079392,0.237426257374263,0.517698230176982,0.462203779622038,0.426807319268073,0.949405059494051,0.321017898210179,0.832666733326667,0.4002599740026,0.0658934106589341,0.686181381861814,0.148235176482352,0.395110488951105,0.409309069093091,0.623987601239876,0.53959604039596,0.393610638936106,0.178032196780322
"6",0.735576442355764,0.345315468453155,0.523647635236476,0.00654934506549345,0.0036996300369963,0.323567643235676,0.856314368563144,0.691930806919308,0.288771122887711,0.66983301669833,0.413258674132587,0.156284371562844,0.472852714728527,0.326517348265173,0.592090790920908,0.725777422257774,0.0080991900809919,0.411108889111089,0.675732426757324,0.124137586241376,0.268323167683232,0.0126487351264874,0.603339666033397,0.246875312468753,0.13008699130087,0.0472452754724528,0.387011298870113,0.767573242675732,0.0748425157484252,0.42995700429957,0.706029397060294,0.170732926707329,0.271522847715228,0.498900109989001,0.232226777322268,0.372662733726627,0.721777822217778,0.561893810618938,0.0252474752524748,0.373912608739126,0.123637636236376,0.264623537646235,0.879112088791121,0.561993800619938,0.397160283971603,0.0132486751324868,0.454504549545045,0.999500049995001,0.341265873412659,0.243575642435756
"7",0.931156884311569,0.0996900309969003,0.00754924507549245,0.00614938506149385,0.117588241175882,0.581591840815918,0.378212178782122,0.646535346465353,0.0939406059394061,0.621537846215378,0.148585141485851,0.243925607439256,0.825267473252675,0.498750124987501,0.848165183481652,0.422307769223078,0.00824917508249175,0.803569643035696,0.582491750824918,0.102889711028897,0.32961703829617,0.321917808219178,0.0015998400159984,0.165483451654835,0.344115588441156,0.433756624337566,0.0731426857314269,0.303919608039196,0.41025897410259,0.0945405459454055,0.894410558944106,0.223627637236276,0.63038696130387,0.888261173882612,0.400909909009099,0.497000299970003,0.349165083491651,0.675332466753325,0.438956104389561,0.0502449755024498,0.197230276972303,0.8003699630037,0.206079392060794,0.614388561143886,0.239076092390761,0.0817418258174183,0.926857314268573,0.593740625937406,0.0712428757124288,0.35981401859814
"8",0.823917608239176,0.0490950904909509,0.116238376162384,0.0432956704329567,0.852114788521148,0.84966503349665,0.81961803819618,0.0546945305469453,0.00354964503549645,0.159034096590341,0.579442055794421,0.223277672232777,0.144885511448855,0.124237576242376,0.0401959804019598,0.826267373262674,0.0082991700829917,0.64983501649835,0.145435456454355,0.136286371362864,0.0479452054794521,0.0025997400259974,0.0046995300469953,0.34996500349965,0.119138086191381,0.636486351364864,0.264223577642236,0.0856414358564144,0.230576942305769,0.33951604839516,0.388361163883612,0.141835816418358,0.477652234776522,0.471802819718028,0.57024297570243,0.673582641735826,0.181531846815318,0.036996300369963,0.246975302469753,0.485101489851015,0.215978402159784,0.662433756624338,0.0215478452154785,0.856764323567643,0.573942605739426,0.498100189981002,0.433956604339566,0.984401559844016,0.12958704129587,0.391260873912609
"9",0.628837116288371,0.296620337966203,0.340865913408659,0.914408559144086,0.453754624537546,0.337766223377662,0.746675332466753,0.974002599740026,0.0444955504449555,0.585241475852415,0.0217478252174783,0.628887111288871,0.475402459754025,0.0752424757524248,0.841415858414159,0.856464353564644,0.410608939106089,0.346315368463154,0.0515948405159484,0.216578342165783,0.447005299470053,0.90980901909809,0.504399560043996,0.537796220377962,0.930806919308069,0.925407459254075,0.561443855614439,0.160833916608339,0.153784621537846,0.168283171682832,0.425057494250575,0.087041295870413,0.154234576542346,0.354814518548145,0.00999900009999,0.455754424557544,0.919408059194081,0.625237476252375,0.167483251674833,0.963153684631537,0.166183381661834,0.455054494550545,0.30971902809719,0.990600939906009,0.405159484051595,0.451304869513049,0.0163983601639836,0.417658234176582,0.431456854314569,0.344365563443656
"10",0.517398260173983,0.46955304469553,0.0221977802219778,0.0191980801919808,0.316718328167183,0.34951504849515,0.632836716328367,0.183131686831317,0.197180281971803,0.140785921407859,0.157584241575842,0.294470552944706,0.266873312668733,0.813568643135686,0.887811218878112,0.794370562943706,0.0402459754024598,0.0284471552844716,0.620687931206879,0.467753224677532,0.62023797620238,0.743325667433257,0.48980101989801,0.0173982601739826,0.492100789921008,0.472702729727027,0.0224477552244776,0.547595240475952,0.139436056394361,0.378262173782622,0.956604339566043,0.0314968503149685,0.636286371362864,0.137236276372363,0.18018198180182,0.103089691030897,0.603389661033897,0.128887111288871,0.761423857614239,0.070992900709929,0.112488751124888,0.0948405159484052,0.0585941405859414,0.548545145485451,0.71972802719728,0.911058894110589,0.226877312268773,0.501699830016998,0.37971202879712,0.391560843915608
"11",0.0686431356864314,0.24022597740226,0.00754924507549245,0.00634936506349365,0.140935906409359,0.00414958504149585,0.264073592640736,0.00334966503349665,0.0035996400359964,0.00324967503249675,0.0217978202179782,0.0232476752324768,0.00794920507949205,0.0608939106089391,0.0437956204379562,0.285371462853715,0.513948605139486,0.0803419658034197,0.00614938506149385,0.18983101689831,0.047995200479952,0.146935306469353,0.625837416258374,0.00574942505749425,0.003999600039996,0.0682931706829317,0.133136686331367,0.0042995700429957,0.650734926507349,0.154334566543346,0.00174982501749825,0.302519748025197,0.0040995900409959,0.0021997800219978,0.00334966503349665,0.00324967503249675,0.0027997200279972,0.0197980201979802,0.00374962503749625,0.877362263773623,0.084991500849915,0.0443455654434557,0.0186481351864814,0.240575942405759,0.121187881211879,0.0725427457254275,0.076042395760424,0.91970802919708,0.0022997700229977,0.046045395460454
"12",0.327117288271173,0.628887111288871,0.807669233076692,0.435906409359064,0.544245575442456,0.583441655834417,0.84016598340166,0.856614338566143,0.362663733626637,0.998000199980002,0.716778322167783,0.307919208079192,0.811918808119188,0.922157784221578,0.645385461453855,0.451854814518548,0.522547745225477,0.243875612438756,0.590990900909909,0.574392560743926,0.349115088491151,0.290670932906709,0.605189481051895,0.90945905409459,0.406009399060094,0.49045095490451,0.704679532046795,0.784671532846715,0.214328567143286,0.487701229877012,0.759324067593241,0.84991500849915,0.499600039996,0.0323467653234677,0.773822617738226,0.878012198780122,0.742875712428757,0.748825117488251,0.834016598340166,0.496800319968003,0.285721427857214,0.654234576542346,0.95005499450055,0.356214378562144,0.619288071192881,0.311968803119688,0.0800919908009199,0.82996700329967,0.265623437656234,0.286121387861214
"13",0.66968303169683,0.779172082791721,0.0223477652234777,0.0317968203179682,0.544195580441956,0.581491850814918,0.312468753124688,0.627787221277872,0.0105989401059894,0.248625137486251,0.331216878312169,0.0226977302269773,0.023047695230477,0.166133386661334,0.1996800319968,0.712028797120288,0.935256474352565,0.935506449355064,0.542695730426957,0.828117188281172,0.0751424857514249,0.262223777622238,0.333566643335666,0.550894910508949,0.434306569343066,0.275872412758724,0.737726227377262,0.863013698630137,0.312318768123188,0.872012798720128,0.0463453654634537,0.697030296970303,0.620737926207379,0.717578242175782,0.566193380661934,0.813718628137186,0.152684731526847,0.572692730726927,0.885611438856114,0.558544145585441,0.160983901609839,0.00714928507149285,0.0405959404059594,0.802819718028197,0.686931306869313,0.212378762123788,0.427157284271573,0.133736626337366,0.0425957404259574,0.19013098690131
"14",0.365413458654135,0.403659634036596,0.0075992400759924,0.192130786921308,0.869363063693631,0.792270772922708,0.307869213078692,0.325717428257174,0.788271172882712,0.965453454654535,0.537096290370963,0.0377462253774623,0.527247275272473,0.561143885611439,0.25047495250475,0.822467753224678,0.024047595240476,0.41960803919608,0.313068693130687,0.454404559544046,0.419158084191581,0.134736526347365,0.204079592040796,0.0281471852814719,0.542345765423458,0.319218078192181,0.683081691830817,0.44950504949505,0.035996400359964,0.754924507549245,0.765123487651235,0.784471552844715,0.885561443855614,0.205129487051295,0.268123187681232,0.273972602739726,0.0763423657634237,0.373362663733627,0.010998900109989,0.23017698230177,0.482201779822018,0.254024597540246,0.752024797520248,0.171382861713829,0.93990600939906,0.0671432856714329,0.519048095190481,0.533696630336966,0.513448655134487,0.624337566243376
"15",0.403259674032597,0.049045095490451,0.00754924507549245,0.755074492550745,0.564043595640436,0.0273972602739726,0.211878812118788,0.26977302269773,0.0753424657534247,0.450554944505549,0.0751424857514249,0.00784921507849215,0.0381961803819618,0.389411058894111,0.232876712328767,0.420907909209079,0.0843415658434157,0.00584941505849415,0.0528447155284472,0.0938906109389061,0.178432156784322,0.0127987201279872,0.158034196580342,0.0286971302869713,0.928757124287571,0.285921407859214,0.0476952304769523,0.321417858214179,0.273222677732227,0.402759724027597,0.33961603839616,0.0276972302769723,0.407359264073593,0.381661833816618,0.133036696330367,0.00324967503249675,0.672132786721328,0.607739226077392,0.14008599140086,0.788771122887711,0.0728927107289271,0.330916908309169,0.154784521547845,0.0302969703029697,0.0876412358764124,0.119438056194381,0.678182181781822,0.0776922307769223,0.111588841115888,0.00524947505249475
"16",0.837066293370663,0.0407459254074593,0.700929907009299,0.0191980801919808,0.341415858414159,0.075042495750425,0.0726427357264274,0.541445855414459,0.988351164883512,0.5997400259974,0.0636936306369363,0.136036396360364,0.0957404259574043,0.396710328967103,0.53044695530447,0.25047495250475,0.687131286871313,0.0506449355064494,0.0526947305269473,0.373062693730627,0.585091490850915,0.43950604939506,0.144635536446355,0.92985701429857,0.0789421057894211,0.906559344065593,0.392360763923608,0.61998800119988,0.685431456854315,0.577392260773923,0.688631136886311,0.642335766423358,0.0361463853614639,0.272922707729227,0.361963803619638,0.370862913708629,0.375612438756124,0.231726827317268,0.270972902709729,0.647485251474852,0.867513248675132,0.869263073692631,0.923107689231077,0.237376262373763,0.115788421157884,0.689281071892811,0.962703729627037,0.717128287171283,0.268973102689731,0.340865913408659
"17",0.674532546745325,0.667183281671833,0.455954404559544,0.377812218778122,0.556244375562444,0.261473852614739,0.273672632736726,0.299470052994701,0.307269273072693,0.925357464253575,0.815868413158684,0.477402259774023,0.804419558044196,0.424307569243076,0.555044495550445,0.817068293170683,0.451004899510049,0.666633336666333,0.623137686231377,0.230926907309269,0.244775522447755,0.566443355664434,0.36991300869913,0.55019498050195,0.711378862113789,0.619088091190881,0.295470452954705,0.00444955504449555,0.512648735126487,0.96980301969803,0.780671932806719,0.384861513848615,0.416108389161084,0.470802919708029,0.648485151484852,0.587041295870413,0.259324067593241,0.217478252174783,0.20962903709629,0.354514548545145,0.396860313968603,0.0658934106589341,0.902909709029097,0.999200079992001,0.0657434256574343,0.593440655934407,0.675582441755824,0.391710828917108,0.457054294570543,0.424507549245075
"18",0.583891610838916,0.106139386061394,0.373412658734127,0.0551444855514449,0.172982701729827,0.172782721727827,0.428407159284072,0.544445555444456,0.286621337866213,0.377462253774623,0.615588441155884,0.0376462353764624,0.038046195380462,0.757924207579242,0.857364263573643,0.664233576642336,0.31026897310269,0.545345465453455,0.268273172682732,0.646635336466353,0.0930906909309069,0.451004899510049,0.189081091890811,0.0726427357264274,0.771072892710729,0.196630336966303,0.277422257774223,0.230526947305269,0.501099890010999,0.0381961803819618,0.396960303969603,0.183131686831317,0.316818318168183,0.405959404059594,0.361813818618138,0.502499750024997,0.489351064893511,0.833566643335666,0.0653934606539346,0.226077392260774,0.372912708729127,0.793270672932707,0.281771822817718,0.00884911508849115,0.528697130286971,0.828817118288171,0.666983301669833,0.307969203079692,0.60963903609639,0.162233776622338
"19",0.0883911608839116,0.104339566043396,0.566093390660934,0.0895910408959104,0.0856414358564144,0.393360663933607,0.837366263373663,0.035996400359964,0.448955104489551,0.393960603939606,0.481351864813519,0.143935606439356,0.143785621437856,0.622887711228877,0.688431156884312,0.0197480251974803,0.0240975902409759,0.415958404159584,0.0631936806319368,0.0324467553244676,0.0128487151284872,0.375012498750125,0.457054294570543,0.862213778622138,0.0196480351964804,0.861013898610139,0.0645435456454355,0.337066293370663,0.323317668233177,0.372512748725127,0.114888511148885,0.544645535446455,0.548295170482952,0.831316868313169,0.277372262773723,0.153884611538846,0.244375562443756,0.162783721627837,0.608239176082392,0.388311168883112,0.683431656834317,0.26052394760524,0.004999500049995,0.942005799420058,0.141785821417858,0.581091890810919,0.325267473252675,0.428957104289571,0.799220077992201,0.32046795320468
"20",0.290520947905209,0.545745425457454,0.358614138586141,0.00644935506449355,0.673382661733827,0.62953704629537,0.198380161983802,0.21002899710029,0.353664633536646,0.613488651134886,0.859014098590141,0.280671932806719,0.317318268173183,0.511248875112489,0.199130086991301,0.495150484951505,0.0081991800819918,0.63013698630137,0.0296470352964704,0.0198480151984802,0.213578642135786,0.231076892310769,0.105939406059394,0.73022697730227,0.292570742925707,0.0472952704729527,0.208729127087291,0.437756224377562,0.23022697730227,0.459404059594041,0.887461253874612,0.471302869713029,0.0926407359264074,0.61023897610239,0.687931206879312,0.717728227177282,0.318668133186681,0.147735226477352,0.692080791920808,0.108689131086891,0.0996900309969003,0.404309569043096,0.824467553244676,0.448205179482052,0.285671432856714,0.619238076192381,0.345915408459154,0.709179082091791,0.05999400059994,0.34951504849515
"21",0.916508349165084,0.678332166783322,0.326217378262174,0.649385061493851,0.598890110988901,0.764173582641736,0.805569443055694,0.596540345965404,0.556894310568943,0.572492750724928,0.853514648535146,0.277772222777722,0.0231476852314769,0.398610138986101,0.477852214778522,0.0580941905809419,0.180631936806319,0.475402459754025,0.742825717428257,0.19023097690231,0.6004399560044,0.493800619938006,0.423857614238576,0.622087791220878,0.639336066393361,0.74982501749825,0.477502249775022,0.463203679632037,0.205279472052795,0.781821817818218,0.25032496750325,0.864113588641136,0.25007499250075,0.326867313268673,0.476002399760024,0.096990300969903,0.715528447155285,0.456754324567543,0.681031896810319,0.292120787921208,0.183481651834817,0.0070992900709929,0.602089791020898,0.281071892810719,0.0621937806219378,0.23962603739626,0.33016698330167,0.991600839916008,0.215778422157784,0.876262373762624
"22",0.602589741025897,0.656184381561844,0.902159784021598,0.874462553744626,0.00374962503749625,0.00414958504149585,0.423657634236576,0.648835116488351,0.394010598940106,0.924307569243076,0.00734926507349265,0.367563243675632,0.68953104689531,0.769473052694731,0.404609539046095,0.278972102789721,0.97020297970203,0.731576842315768,0.926757324267573,0.830866913308669,0.158084191580842,0.0226977302269773,0.994800519948005,0.501849815018498,0.003999600039996,0.425657434256574,0.858064193580642,0.872062793720628,0.454004599540046,0.139436056394361,0.498900109989001,0.0226477352264774,0.0041995800419958,0.750724927507249,0.304919508049195,0.836716328367163,0.024997500249975,0.874212578742126,0.826617338266173,0.491150884911509,0.356864313568643,0.480551944805519,0.562493750624938,0.723077692230777,0.887111288871113,0.613738626137386,0.431656834316568,0.101189881011899,0.0693930606939306,0.201529847015298
"23",0.0114988501149885,0.25962403759624,0.0222977702229777,0.292220777922208,0.011048895110489,0.0121987801219878,0.0842415758424158,0.0102489751024898,0.00344965503449655,0.034046595340466,0.412958704129587,0.0230976902309769,0.023047695230477,0.585891410858914,0.0070992900709929,0.0198480151984802,0.162483751624838,0.634986501349865,0.00614938506149385,0.406459354064594,0.00774922507749225,0.0126987301269873,0.145235476452355,0.0057994200579942,0.0117488251174883,0.777572242775722,0.161433856614339,0.02999700029997,0.0261473852614739,0.0030996900309969,0.0182481751824818,0.042045795420458,0.197230276972303,0.801619838016198,0.238876112388761,0.25967403259674,0.0084991500849915,0.00674932506749325,0.0107489251074893,0.442205779422058,0.00524947505249475,0.0071992800719928,0.0814918508149185,0.551544845515448,0.247625237476252,0.0947405259474053,0.00134986501349865,0.695080491950805,0.0022997700229977,0.846815318468153
"24",0.385061493850615,0.381811818818118,0.275122487751225,0.111888811118888,0.701879812018798,0.768423157684232,0.818918108189181,0.557244275572443,0.662183781621838,0.245975402459754,0.269273072692731,0.362163783621638,0.388011198880112,0.613738626137386,0.829117088291171,0.668033196680332,0.138536146385361,0.498300169983002,0.62998700129987,0.525497450254975,0.42010798920108,0.0600939906009399,0.814718528147185,0.189231076892311,0.388311168883112,0.546445355464454,0.698280171982802,0.461403859614039,0.892310768923108,0.417308269173083,0.202029797020298,0.476002399760024,0.398860113988601,0.331266873312669,0.527097290270973,0.584341565843416,0.32981701829817,0.807669233076692,0.265573442655734,0.738326167383262,0.649085091490851,0.265323467653235,0.00514948505149485,0.316618338166183,0.48985101489851,0.678132186781322,0.0789421057894211,0.463103689631037,0.778872112788721,0.455104489551045
"25",0.527547245275472,0.677582241775822,0.486951304869513,0.201229877012299,0.526197380261974,0.581991800819918,0.0454454554544546,0.769073092690731,0.187631236876312,0.487051294870513,0.878312168783122,0.223077692230777,0.0525947405259474,0.03004699530047,0.838766123387661,0.357264273572643,0.383711628837116,0.335966403359664,0.477102289771023,0.0322467753224678,0.848515148485152,0.416758324167583,0.470502949705029,0.452204779522048,0.0568443155684432,0.617838216178382,0.577942205779422,0.565793420657934,0.942905709429057,0.257624237576242,0.0248475152484752,0.0819418058194181,0.86956304369563,0.799020097990201,0.493550644935506,0.728427157284272,0.633186681331867,0.87966203379662,0.695430456954305,0.553694630536946,0.473502649735026,0.461703829617038,0.31011898810119,0.31956804319568,0.367063293670633,0.944905509449055,0.502049795020498,0.255724427557244,0.816918308169183,0.644085591440856
"26",0.175082491750825,0.218828117188281,0.424007599240076,0.398310168983102,0.389511048895111,0.55969403059694,0.507799220077992,0.694280571942806,0.171532846715328,0.146785321467853,0.357964203579642,0.683381661833817,0.676382361763824,0.172582741725827,0.635936406359364,0.486301369863014,0.178282171782822,0.259474052594741,0.859014098590141,0.338666133386661,0.64948505149485,0.183731626837316,0.0606939306069393,0.581041895810419,0.294370562943706,0.72987701229877,0.382311768823118,0.382161783821618,0.535246475352465,0.495100489951005,0.596440355964404,0.464953504649535,0.70957904209579,0.74002599740026,0.188981101889811,0.516548345165483,0.226227377262274,0.568243175682432,0.786571342865713,0.373012698730127,0.689131086891311,0.826817318268173,0.321917808219178,0.592290770922908,0.117538246175382,0.722727727227277,0.46040395960404,0.482951704829517,0.042995700429957,0.495450454954505
"27",0.134436556344366,0.256874312568743,0.262773722627737,0.81971802819718,0.509149085091491,0.00414958504149585,0.0937406259374063,0.054994500549945,0.371412858714129,0.705679432056794,0.32951704829517,0.342965703429657,0.344615538446155,0.49020097990201,0.756274372562744,0.243425657434257,0.327367263273673,0.00584941505849415,0.0060993900609939,0.123337666233377,0.15013498650135,0.656634336566343,0.352264773522648,0.50964903509649,0.101689831016898,0.825667433256674,0.252574742525747,0.637536246375362,0.184131586841316,0.146985301469853,0.426807319268073,0.872712728727127,0.721477852214779,0.447755224477552,0.847515248475152,0.557194280571943,0.443255674432557,0.0376962303769623,0.213578642135786,0.908459154084592,0.526947305269473,0.223727627237276,0.0861413858614139,0.057044295570443,0.723027697230277,0.528797120287971,0.828667133286671,0.0759424057594241,0.288921107889211,0.348065193480652
"28",0.966853314668533,0.215928407159284,0.973852614738526,0.11973802619738,0.60978902109789,0.270722927707229,0.546745325467453,0.891210878912109,0.667133286671333,0.918308169183082,0.0632936706329367,0.821717828217178,0.383211678832117,0.454554544545545,0.735776422357764,0.475302469753025,0.156084391560844,0.259224077592241,0.618938106189381,0.896710328967103,0.870612938706129,0.836216378362164,0.705879412058794,0.729127087291271,0.914508549145086,0.472452754724528,0.523397660233977,0.871262873712629,0.765023497650235,0.603889611038896,0.519098090190981,0.724277572242776,0.0361963803619638,0.31001899810019,0.837216278372163,0.4000099990001,0.337366263373663,0.793220677932207,0.416008399160084,0.744725527447255,0.325867413258674,0.721227877212279,0.397760223977602,0.573642635736426,0.461203879612039,0.928307169283072,0.00414958504149585,0.150534946505349,0.283821617838216,0.900809919008099
"29",0.361863813618638,0.481401859814019,0.962503749625037,0.24047595240476,0.413108689131087,0.00414958504149585,0.374212578742126,0.154434556544346,0.153784621537846,0.396360363963604,0.157884211578842,0.00784921507849215,0.41040895910409,0.132986701329867,0.154584541545845,0.841165883411659,0.211028897110289,0.216178382161784,0.041045895410459,0.65948405159484,0.6000899910009,0.55974402559744,0.0075992400759924,0.557794220577942,0.0347465253474653,0.0888411158884112,0.148085191480852,0.391160883911609,0.18018198180182,0.76997300269973,0.38036196380362,0.539446055394461,0.35996400359964,0.933106689331067,0.0291970802919708,0.822617738226177,0.0962903709629037,0.93960603939606,0.228327167283272,0.615288471152885,0.0421457854214579,0.0861413858614139,0.250874912508749,0.956904309569043,0.748725127487251,0.320917908209179,0.441255874412559,0.387261273872613,0.0312968703129687,0.787371262873713
"30",0.00394960503949605,0.0046995300469953,0.404259574042596,0.0063993600639936,0.288671132886711,0.326767323267673,0.637686231376862,0.0418958104189581,0.0438956104389561,0.127887211278872,0.445005499450055,0.535646435356464,0.573942605739426,0.725227477252275,0.0306469353064694,0.594140585941406,0.0848415158484152,0.164783521647835,0.155334466553345,0.0685931406859314,0.0330966903309669,0.941355864413559,0.206179382061794,0.433706629337066,0.124787521247875,0.918008199180082,0.339316068393161,0.053994600539946,0.468353164683532,0.698730126987301,0.076042395760424,0.629137086291371,0.506849315068493,0.107189281071893,0.317218278172183,0.315168483151685,0.236976302369763,0.0365963403659634,0.147235276472353,0.800869913008699,0.0222977702229777,0.370862913708629,0.00854914508549145,0.426107389261074,0.270672932706729,0.0357464253574643,0.73982601739826,0.018998100189981,0.836866313368663,0.044995500449955
"31",0.410858914108589,0.642685731426857,0.226627337266273,0.299470052994701,0.464953504649535,0.627887211278872,0.478002199780022,0.732276772322768,0.3998100189981,0.554794520547945,0.528997100289971,0.233976602339766,0.414908509149085,0.401459854014599,0.351164883511649,0.851914808519148,0.443755624437556,0.274772522747725,0.649335066493351,0.526647335266473,0.563993600639936,0.474652534746525,0.533696630336966,0.505249475052495,0.491050894910509,0.594140585941406,0.296220377962204,0.261473852614739,0.638686131386861,0.42045795420458,0.367413258674133,0.146835316468353,0.113238676132387,0.675682431756824,0.427707229277072,0.775372462753725,0.504249575042496,0.712878712128787,0.453804619538046,0.271122887711229,0.233626637336266,0.345165483451655,0.10973902609739,0.804069593040696,0.148835116488351,0.850764923507649,0.845765423457654,0.26007399260074,0.35046495350465,0.238326167383262
"32",0.788071192880712,0.0494450554944506,0.380711928807119,0.508449155084492,0.133136686331367,0.144985501449855,0.0634936506349365,0.107139286071393,0.0445955404459554,0.252224777522248,0.0746425357464254,0.448555144485551,0.47040295970403,0.0775422457754225,0.201629837016298,0.143985601439856,0.50964903509649,0.255524447555244,0.542245775422458,0.153384661533847,0.0025997400259974,0.123287671232877,0.143835616438356,0.090990900909909,0.223827617238276,0.061993800619938,0.891060893910609,0.413908609139086,0.198780121987801,0.129237076292371,0.231126887311269,0.16028397160284,0.566643335666433,0.386711328867113,0.396110388961104,0.276922307769223,0.431506849315068,0.191430856914309,0.658984101589841,0.0477952204779522,0.693230676932307,0.334316568343166,0.104189581041896,0.118338166183382,0.934506549345065,0.0399460053994601,0.443505649435056,0.625337466253375,0.581091890810919,0.853314668533147
"33",0.486151384861514,0.554994500549945,0.857464253574643,0.391960803919608,0.451854814518548,0.488851114888511,0.584791520847915,0.678082191780822,0.505199480051995,0.43990600939906,0.503849615038496,0.131086891310869,0.51959804019598,0.544995500449955,0.182281771822818,0.120937906209379,0.872762723727627,0.688231176882312,0.00614938506149385,0.364113588641136,0.0613938606139386,0.823967603239676,0.652334766523348,0.652434756524348,0.474752524747525,0.630636936306369,0.549295070492951,0.658984101589841,0.85031496850315,0.474502549745025,0.372612738726127,0.459154084591541,0.339366063393661,0.712178782121788,0.549195080491951,0.952504749525047,0.560843915608439,0.608939106089391,0.570692930706929,0.823417658234177,0.411508849115089,0.0474952504749525,0.628437156284372,0.412208779122088,0.57019298070193,0.295020497950205,0.510748925107489,0.747075292470753,0.473152684731527,0.857564243575642
"34",0.24042595740426,0.031996800319968,0.57029297070293,0.740975902409759,0.384261573842616,0.378962103789621,0.91030896910309,0.216028397160284,0.113988601139886,0.807069293070693,0.538746125387461,0.0384961503849615,0.525847415258474,0.213778622137786,0.158484151584842,0.381711828817118,0.201929807019298,0.483151684831517,0.541595840415958,0.651184881511849,0.169033096690331,0.377212278772123,0.0578442155784422,0.748175182481752,0.388611138886111,0.401959804019598,0.622787721227877,0.669183081691831,0.402809719028097,0.5995400459954,0.610688931106889,0.101489851014899,0.407309269073093,0.268173182681732,0.324167583241676,0.788571142885711,0.4000599940006,0.150834916508349,0.167833216678332,0.756224377562244,0.584391560843916,0.145435456454355,0.352764723527647,0.94995500449955,0.816818318168183,0.385911408859114,0.289321067893211,0.660783921607839,0.236376362363764,0.431356864313569
"35",0.744125587441256,0.701179882011799,0.365463453654635,0.234876512348765,0.38971102889711,0.159034096590341,0.21047895210479,0.206229377062294,0.838766123387661,0.746925307469253,0.289021097890211,0.451254874512549,0.638436156384362,0.735826417358264,0.37976202379762,0.0657434256574343,0.468703129687031,0.488451154884512,0.335016498350165,0.75037496250375,0.44010598940106,0.72027797220278,0.0136986301369863,0.300619938006199,0.601439856014399,0.587591240875912,0.209279072092791,0.121637836216378,0.242025797420258,0.458754124587541,0.57989201079892,0.825317468253175,0.721927807219278,0.586941305869413,0.77027297270273,0.506649335066493,0.418658134186581,0.581891810818918,0.599340065993401,0.0817918208179182,0.0850914908509149,0.0774922507749225,0.354614538546145,0.131736826317368,0.315568443155684,0.592890710928907,0.733226677332267,0.388911108889111,0.816668333166683,0.00824917508249175
"36",0.983951604839516,0.46000399960004,0.390710928907109,0.432106789321068,0.400559944005599,0.737926207379262,0.354564543545645,0.0164483551644836,0.645385461453855,0.462053794620538,0.458454154584542,0.405959404059594,0.791220877912209,0.343965603439656,0.832416758324168,0.566593340665933,0.467703229677032,0.448655134486551,0.0298970102989701,0.0804419558044196,0.542245775422458,0.0466453354664534,0.481701829817018,0.233426657334267,0.467703229677032,0.806519348065193,0.305719428057194,0.0770922907709229,0.136886311368863,0.805969403059694,0.293020697930207,0.313518648135186,0.421307869213079,0.564593540645935,0.883311668833117,0.246775322467753,0.567793220677932,0.0112488751124888,0.916208379162084,0.737176282371763,0.827417258274173,0.685331466853315,0.344765523447655,0.549495050494951,0.518048195180482,0.0192980701929807,0.295870412958704,0.184331566843316,0.523497650234977,0.866213378662134
"37",0.164733526647335,0.188631136886311,0.388811118888111,0.344415558444156,0.124687531246875,0.225577442255774,0.26007399260074,0.527297270272973,0.489001099890011,0.242475752424758,0.565643435656434,0.401959804019598,0.0531946805319468,0.182681731826817,0.303419658034197,0.240725927407259,0.774422557744226,0.321967803219678,0.31976802319768,0.692330766923308,0.527897210278972,0.47040295970403,0.637986201379862,0.885361463853615,0.935406459354065,0.231226877312269,0.273822617738226,0.240625937406259,0.236926307369263,0.332366763323668,0.745425457454255,0.233026697330267,0.384111588841116,0.0776422357764224,0.327167283271673,0.202979702029797,0.292770722927707,0.92040795920408,0.318968103189681,0.403909609039096,0.0778422157784222,0.73997600239976,0.671782821717828,0.06999300069993,0.724127587241276,0.492850714928507,0.729227077292271,0.154484551544846,0.604489551044896,0.568643135686431
"38",0.35016498350165,0.784971502849715,0.55989401059894,0.282721727827217,0.72992700729927,0.301419858014199,0.0973902609739026,0.644935506449355,0.169283071692831,0.297920207979202,0.814068593140686,0.971102889711029,0.556544345565443,0.594990500949905,0.487551244875512,0.941355864413559,0.886611338866113,0.0506949305069493,0.652634736526347,0.798970102989701,0.39006099390061,0.632486751324868,0.361563843615638,0.243025697430257,0.816718328167183,0.644785521447855,0.211828817118288,0.68033196680332,0.224327567243276,0.143185681431857,0.748275172482752,0.86971302869713,0.622437756224378,0.971452854714529,0.462703729627037,0.817368263173683,0.507449255074493,0.905509449055094,0.387111288871113,0.801069893010699,0.795220477952205,0.444855514448555,0.28027197280272,0.947105289471053,0.861263873612639,0.267623237676232,0.333966603339666,0.478052194780522,0.629337066293371,0.301619838016198
"39",0.68988101189881,0.0746925307469253,0.0635436456354365,0.0557944205579442,0.117638236176382,0.13018698130187,0.291570842915708,0.396360363963604,0.0570942905709429,0.674732526747325,0.103189681031897,0.0658934106589341,0.107489251074893,0.213678632136786,0.0752424757524248,0.252674732526747,0.0556944305569443,0.0607939206079392,0.0060993900609939,0.266323367663234,0.445405459454055,0.0125987401259874,0.278522147785221,0.0507949205079492,0.44040595940406,0.12043795620438,0.201929807019298,0.247325267473253,0.154584541545845,0.513848615138486,0.450554944505549,0.0458954104589541,0.777322267773223,0.108089191080892,0.866613338666133,0.149235076492351,0.677032296770323,0.292520747925207,0.10963903609639,0.450854914508549,0.129437056294371,0.00244975502449755,0.172832716728327,0.0856414358564144,0.985201479852015,0.0358464153584642,0.954604539546045,0.403609639036096,0.597790220977902,0.868913108689131
"40",0.189281071892811,0.481601839816018,0.126587341265873,0.111038896110389,0.658634136586341,0.406859314068593,0.704129587041296,0.0295970402959704,0.881161883811619,0.0751424857514249,0.156784321567843,0.130936906309369,0.361113888611139,0.644985501449855,0.122487751224878,0.293620637936206,0.499800019998,0.891060893910609,0.0519448055194481,0.0322967703229677,0.391660833916608,0.351114888511149,0.0076992300769923,0.566943305669433,0.954754524547545,0.648085191480852,0.808119188081192,0.0988401159884012,0.201129887011299,0.152184781521848,0.737076292370763,0.654084591540846,0.452754724527547,0.872212778722128,0.136486351364864,0.864263573642636,0.562043795620438,0.0199480051994801,0.0847415258474153,0.0548445155484452,0.849315068493151,0.0564943505649435,0.591640835916408,0.847915208479152,0.737926207379262,0.646935306469353,0.537496250374963,0.667733226677332,0.225627437256274,0.168583141685831
"41",0.33961603839616,0.432156784321568,0.811818818118188,0.031046895310469,0.467003299670033,0.508549145085491,0.246175382461754,0.440855914408559,0.766123387661234,0.137336266373363,0.514298570142986,0.0949405059494051,0.00794920507949205,0.0141485851414859,0.0657434256574343,0.503749625037496,0.358214178582142,0.872662733726627,0.0060993900609939,0.115288471152885,0.158034196580342,0.0025997400259974,0.724927507249275,0.721577842215778,0.0487451254874513,0.335016498350165,0.330666933306669,0.0299470052994701,0.622837716228377,0.578042195780422,0.342815718428157,0.0125987401259874,0.0805919408059194,0.184731526847315,0.301219878012199,0.0575442455754425,0.726027397260274,0.0619438056194381,0.133336666333367,0.00604939506049395,0.488101189881012,0.00244975502449755,0.15028497150285,0.308819118088191,0.11008899110089,0.216428357164284,0.457204279572043,0.760973902609739,0.0031996800319968,0.606339366063394
"42",0.917658234176582,0.1997800219978,0.292420757924208,0.481601839816018,0.0182981701829817,0.0201979802019798,0.302519748025197,0.152284771522848,0.47990200979902,0.0582441755824418,0.797170282971703,0.846865313468653,0.604489551044896,0.398010198980102,0.157384261573843,0.180781921807819,0.253824617538246,0.0292470752924708,0.788671132886711,0.728877112288771,0.331016898310169,0.387511248875113,0.978902109789021,0.577492250774922,0.407859214078592,0.703779622037796,0.417758224177582,0.0214978502149785,0.719428057194281,0.837816218378162,0.0314968503149685,0.688281171882812,0.272872712728727,0.671632836716328,0.74027597240276,0.540595940405959,0.224077592240776,0.417608239176082,0.60983901609839,0.540995900409959,0.756124387561244,0.181831816818318,0.467153284671533,0.00184981501849815,0.784921507849215,0.493650634936506,0.695480451954805,0.61013898610139,0.844015598440156,0.0534446555344466
"43",0.897260273972603,0.717478252174783,0.428207179282072,0.301169883011699,0.733476652334767,0.772722727727227,0.53984601539846,0.975552444755524,0.241175882411759,0.0155984401559844,0.0765923407659234,0.663483651634836,0.0803919608039196,0.20967903209679,0.34006599340066,0.227527247275272,0.266323367663234,0.199330066993301,0.412608739126087,0.0796420357964204,0.206329367063294,0.703279672032797,0.596690330966903,0.474152584741526,0.055994400559944,0.517848215178482,0.160983901609839,0.325317468253175,0.561643835616438,0.0881411858814119,0.291370862913709,0.378912108789121,0.0435956404359564,0.674732526747325,0.335516448355164,0.383961603839616,0.375512448755124,0.38966103389661,0.244775522447755,0.10963903609639,0.476102389761024,0.0256974302569743,0.0151984801519848,0.253824617538246,0.899060093990601,0.1996300369963,0.445105489451055,0.788821117888211,0.693380661933807,0.695430456954305
"44",0.260873912608739,0.637686231376862,0.113738626137386,0.296320367963204,0.67968203179682,0.0658434156584342,0.835316468353165,0.285871412858714,0.666833316668333,0.506999300069993,0.321817818218178,0.0232476752324768,0.0232976702329767,0.152084791520848,0.422157784221578,0.1997300269973,0.474702529747025,0.484551544845515,0.812018798120188,0.125187481251875,0.621537846215378,0.18008199180082,0.148585141485851,0.785721427857214,0.195130486951305,0.821217878212179,0.496700329967003,0.797020297970203,0.663883611638836,0.8000199980002,0.594690530946905,0.402659734026597,0.625387461253875,0.607939206079392,0.566243375662434,0.713978602139786,0.923007699230077,0.203979602039796,0.814018598140186,0.22022797720228,0.21007899210079,0.0485451454854515,0.127687231276872,0.533946605339466,0.065043495650435,0.0010998900109989,0.529197080291971,0.125187481251875,0.140735926407359,0.0999400059994001
"45",0.207229277072293,0.408209179082092,0.204179582041796,0.0063993600639936,0.313868613138686,0.346215378462154,0.309469053094691,0.181981801819818,0.152184781521848,0.86956304369563,0.1998800119988,0.830566943305669,0.540895910408959,0.533446655334467,0.135986401359864,0.0504449555044496,0.291020897910209,0.326567343265673,0.392310768923108,0.42020797920208,0.248325167483252,0.365063493650635,0.229127087291271,0.576342365763424,0.594090590940906,0.570692930706929,0.725627437256274,0.226177382261774,0.407659234076592,0.96010398960104,0.832216778322168,0.362063793620638,0.522647735226477,0.3004199580042,0.520797920207979,0.396360363963604,0.124787521247875,0.365463453654635,0.481701829817018,0.574842515748425,0.0547445255474453,0.953004699530047,0.911358864113589,0.124437556244376,0.565743425657434,0.0771422857714229,0.298320167983202,0.89021097890211,0.109189081091891,0.435256474352565
"46",0.301319868013199,0.956254374562544,0.943305669433057,0.23022697730227,0.285121487851215,0.24002599740026,0.823267673232677,0.225577442255774,0.808669133086691,0.483951604839516,0.812318768123188,0.258324167583242,0.425357464253575,0.367413258674133,0.0999900009999,0.0805919408059194,0.492150784921508,0.208329167083292,0.419408059194081,0.317518248175182,0.323917608239176,0.637236276372363,0.284471552844716,0.185931406859314,0.312318768123188,0.146585341465853,0.282271772822718,0.435406459354065,0.378762123787621,0.126737326267373,0.475052494750525,0.55034496550345,0.102689731026897,0.0881911808819118,0.552044795520448,0.123287671232877,0.473102689731027,0.294320567943206,0.141585841415858,0.170682931706829,0.105789421057894,0.279472052794721,0.0605939406059394,0.0725427457254275,0.353514648535146,0.085991400859914,0.837316268373163,0.276772322767723,0.776672332766723,0.505849415058494
"47",0.0339466053394661,0.226077392260774,0.151834816518348,0.0313968603139686,0.531246875312469,0.122437756224378,0.957654234576542,0.564393560643936,0.409009099090091,0.784571542845715,0.58979102089791,0.0231976802319768,0.495050494950505,0.379262073792621,0.781821817818218,0.575992400759924,0.0081991800819918,0.607889211078892,0.781721827817218,0.0194980501949805,0.697930206979302,0.0025997400259974,0.15033496650335,0.0173482651734827,0.0038996100389961,0.442555744425557,0.91970802919708,0.711528847115289,0.146285371462854,0.0728927107289271,0.6997800219978,0.291370862913709,0.355014498550145,0.437206279372063,0.878962103789621,0.425557444255574,0.641285871412859,0.761673832616738,0.0850914908509149,0.444205579442056,0.210678932106789,0.0023997600239976,0.617188281171883,0.479402059794021,0.207329267073293,0.01999800019998,0.393260673932607,0.521997800219978,0.0881911808819118,0.466503349665033
"48",0.364663533646635,0.0986401359864014,0.377062293770623,0.0064993500649935,0.0111488851114889,0.00414958504149585,0.313618638136186,0.152684731526847,0.36046395360464,0.0462953704629537,0.807919208079192,0.0378962103789621,0.0666933306669333,0.0792920707929207,0.25027497250275,0.0198480151984802,0.0081991800819918,0.17958204179582,0.267273272672733,0.824167583241676,0.0566443355664434,0.633736626337366,0.155834416558344,0.0396960303969603,0.570842915708429,0.36021397860214,0.112138786121388,0.00444955504449555,0.00534946505349465,0.473202679732027,0.500099990001,0.184881511848815,0.200579942005799,0.0576442355764424,0.534596540345965,0.0283971602839716,0.488501149885011,0.106239376062394,0.446105389461054,0.248475152484752,0.0258474152584742,0.0390960903909609,0.401409859014099,0.561293870612939,0.607489251074892,0.288071192880712,0.812218778122188,0.990500949905009,0.516548345165483,0.688281171882812
"49",0.524397560243976,0.818468153184682,0.808669133086691,0.043045695430457,0.559144085591441,0.5995400459954,0.207829217078292,0.480751924807519,0.284121587841216,0.220677932206779,0.474652534746525,0.731626837316268,0.591590840915908,0.796820317968203,0.381011898810119,0.53014698530147,0.642485751424858,0.434706529347065,0.75957404259574,0.704779522047795,0.274122587741226,0.124787521247875,0.381261873812619,0.733576642335766,0.184581541845815,0.550944905509449,0.572592740725927,0.604189581041896,0.111338866113389,0.262923707629237,0.688531146885311,0.499050094990501,0.583491650834916,0.294520547945205,0.272222777722228,0.210828917108289,0.708779122087791,0.774072592740726,0.544795520447955,0.244875512448755,0.123587641235876,0.263273672632737,0.310868913108689,0.676682331766823,0.255824417558244,0.521547845215478,0.178232176782322,0.586491350864914,0.282771722827717,0.835266473352665
"50",0.212378762123788,0.652984701529847,0.421357864213579,0.71982801719828,0.901109889011099,0.507499250074993,0.345365463453655,0.490950904909509,0.365813418658134,0.0408959104089591,0.646785321467853,0.0938906109389061,0.432656734326567,0.145735426457354,0.551044895510449,0.582991700829917,0.686181381861814,0.148835116488351,0.889361063893611,0.643985601439856,0.543345665433457,0.835016498350165,0.262073792620738,0.458804119588041,0.678832116788321,0.241125887411259,0.610838916108389,0.388561143885611,0.461303869613039,0.44980501949805,0.0435956404359564,0.249075092490751,0.586291370862914,0.141035896410359,0.284521547845215,0.194530546945305,0.746925307469253,0.915608439156084,0.38031196880312,0.121937806219378,0.047995200479952,0.513048695130487,0.095040495950405,0.615988401159884,0.196680331966803,0.903259674032597,0.319368063193681,0.371062893710629,0.229127087291271,0.42045795420458
"51",0.0261973802619738,0.0577442255774423,0.0771422857714229,0.0192480751924808,0.00374962503749625,0.00414958504149585,0.0031996800319968,0.0166983301669833,0.00354964503549645,0.276172382761724,0.261523847615239,0.0077992200779922,0.0078992100789921,0.0020997900209979,0.0167983201679832,0.0040995900409959,0.138786121387861,0.213228677132287,0.0411458854114589,0.00664933506649335,0.0180981901809819,0.0176982301769823,0.0077992200779922,0.0288971102889711,0.0271972802719728,0.0037996200379962,0.251424857514249,0.00424957504249575,0.0258974102589741,0.0030996900309969,0.024997500249975,0.00254974502549745,0.351564843515648,0.0611938806119388,0.088041195880412,0.216378362163784,0.0875412458754125,0.0154484551544846,0.0036996300369963,0.00364963503649635,0.108639136086391,0.0563943605639436,0.00174982501749825,0.493450654934507,0.918058194180582,0.00934906509349065,0.196230376962304,0.0071992800719928,0.0677932206779322,0.0037996200379962
"52",0.704979502049795,0.328667133286671,0.767973202679732,0.493500649935006,0.747625237476252,0.466903309669033,0.150884911508849,0.436456354364564,0.106089391060894,0.0975902409759024,0.25037496250375,0.0076992300769923,0.106739326067393,0.0997900209979002,0.119438056194381,0.497350264973503,0.629037096290371,0.120787921207879,0.018048195180482,0.144835516448355,0.298770122987701,0.141385861413859,0.647285271472853,0.3998100189981,0.672332766723328,0.327417258274173,0.301819818018198,0.3000199980002,0.237676232376762,0.809269073092691,0.0845915408459154,0.0608439156084392,0.24992500749925,0.00224977502249775,0.127237276272373,0.226077392260774,0.204079592040796,0.324567543245675,0.0776422357764224,0.0998400159984002,0.245625437456254,0.732626737326267,0.0185981401859814,0.268723127687231,0.532046795320468,0.557544245575442,0.942155784421558,0.906759324067593,0.211078892110789,0.254624537546245
"53",0.767323267673233,0.85986401359864,0.893110688931107,0.631236876312369,0.778172182781722,0.510498950104989,0.822967703229677,0.932956704329567,0.854814518548145,0.413208679132087,0.476102389761024,0.350964903509649,0.437956204379562,0.450954904509549,0.56984301569843,0.845415458454155,0.441605839416058,0.699180081991801,0.684831516848315,0.544445555444456,0.393610638936106,0.0690930906909309,0.485701429857014,0.348465153484652,0.0772422757724228,0.0111988801119888,0.515348465153485,0.62998700129987,0.263423657634237,0.303519648035196,0.304169583041696,0.638186181381862,0.754024597540246,0.457004299570043,0.276672332766723,0.563343665633437,0.164283571642836,0.95035496450355,0.361263873612639,0.482551744825517,0.405909409059094,0.260673932606739,0.00514948505149485,0.582591740825917,0.0190980901909809,0.177832216778322,0.376062393760624,0.671582841715828,0.407309269073093,0.601689831016898
"54",0.45040495950405,0.0747425257474253,0.342215778422158,0.172582741725827,0.284471552844716,0.516798320167983,0.521897810218978,0.887911208879112,0.187481251874813,0.43000699930007,0.340715928407159,0.0660933906609339,0.080991900809919,0.0715428457154285,0.319368063193681,0.0658434156584342,0.212928707129287,0.546595340465953,0.511598840115988,0.081041895810419,0.515598440155984,0.0025997400259974,0.312618738126187,0.165333466653335,0.274572542745725,0.0114488551144886,0.579092090790921,0.21027897210279,0.0456454354564544,0.381111888811119,0.514948505149485,0.332166783321668,0.189131086891311,0.478802119788021,0.432306769323068,0.581391860813919,0.462753724627537,0.789321067893211,0.0109489051094891,0.201429857014299,0.528597140285971,0.107939206079392,0.612888711128887,0.0264973502649735,0.587591240875912,0.0031996800319968,0.342215778422158,0.569493050694931,0.111688831116888,0.614388561143886
"55",0.049045095490451,0.442555744425557,0.609139086091391,0.717578242175782,0.783221677832217,0.813568643135686,0.651934806519348,0.439456054394561,0.428057194280572,0.17968203179682,0.836466353364664,0.626187381261874,0.274522547745225,0.727477252274773,0.936706329367063,0.860563943605639,0.625687431256874,0.411358864113589,0.802369763023698,0.46970302969703,0.748225177482252,0.0777922207779222,0.485351464853515,0.744075592440756,0.0272972702729727,0.668083191680832,0.622837716228377,0.209129087091291,0.436956304369563,0.98965103489651,0.373412658734127,0.480951904809519,0.305769423057694,0.0566443355664434,0.15973402659734,0.516148385161484,0.542295770422958,0.896510348965104,0.595490450954904,0.0155484451554845,0.42050794920508,0.0164483551644836,0.876562343765623,0.39011098890111,0.370612938706129,0.472152784721528,0.0662933706629337,0.400809919008099,0.767273272672733,0.337466253374663
"56",0.523197680231977,0.437256274372563,0.312718728127187,0.674082591740826,0.537646235376462,0.577742225777422,0.535646435356464,0.763823617638236,0.276322367763224,0.16988301169883,0.595540445955404,0.133736626337366,0.851464853514649,0.622687731226877,0.933156684331567,0.331266873312669,0.506649335066493,0.712678732126787,0.0060993900609939,0.937356264373563,0.623737626237376,0.134136586341366,0.795520447955204,0.404509549045096,0.606739326067393,0.267123287671233,0.332316768323168,0.673332666733327,0.450854914508549,0.267723227677232,0.605339466053395,0.714628537146285,0.271772822717728,0.315818418158184,0.793470652934707,0.408259174082592,0.675482451754824,0.938056194380562,0.0656434356564344,0.33026697330267,0.903309669033097,0.0304969503049695,0.0599440055994401,0.0232976702329767,0.53984601539846,0.233576642335766,0.445205479452055,0.584341565843416,0.61013898610139,0.386261373862614
"57",0.618888111188881,0.426107389261074,0.183581641835816,0.172882711728827,0.104239576042396,0.114538546145385,0.251724827517248,0.563543645635436,0.239226077392261,0.245925407459254,0.1004899510049,0.18993100689931,0.193130686931307,0.788821117888211,0.25982401759824,0.376912308769123,0.478002199780022,0.486701329867013,0.818918108189181,0.406509349065094,0.275272472752725,0.352064793520648,0.18003199680032,0.1998300169983,0.185831416858314,0.616488351164884,0.685881411858814,0.249075092490751,0.238126187381262,0.215678432156784,0.121937806219378,0.0415458454154585,0.223277672232777,0.886461353864614,0.0887411258874113,0.0460953904609539,0.247525247475252,0.604539546045396,0.363263673632637,0.104839516048395,0.0508449155084492,0.0658934106589341,0.0847415258474153,0.0266973302669733,0.421507849215079,0.175682431756824,0.385811418858114,0.481251874812519,0.416458354164584,0.147235276472353
"58",0.720527947205279,0.183431656834317,0.392560743925607,0.728527147285271,0.730576942305769,0.0942905709429057,0.199380061993801,0.813118688131187,0.459404059594041,0.326867313268673,0.432256774322568,0.167033296670333,0.131936806319368,0.555344465553445,0.191730826917308,0.293720627937206,0.502799720027997,0.523747625237476,0.693480651934807,0.164283571642836,0.132886711328867,0.150784921507849,0.859114088591141,0.101839816018398,0.721427857214279,0.806819318068193,0.156584341565843,0.795570442955704,0.154334566543346,0.582841715828417,0.385811418858114,0.497550244975502,0.784671532846715,0.0812918708129187,0.9004099590041,0.113938606139386,0.133586641335866,0.981151884811519,0.363163683631637,0.0765423457654235,0.271672832716728,0.653284671532847,0.396410358964104,0.441005899410059,0.907059294070593,0.481701829817018,0.501599840015998,0.143285671432857,0.209129087091291,0.624637536246375
"59",0.695080491950805,0.184031596840316,0.222327767223278,0.200979902009799,0.676282371762824,0.411758824117588,0.272372762723728,0.151334866513349,0.297870212978702,0.268023197680232,0.896610338966103,0.444105589441056,0.052994700529947,0.494700529947005,0.236576342365763,0.0498950104989501,0.368413158684132,0.224327567243276,0.65958404159584,0.48990100989901,0.0519448055194481,0.21042895710429,0.481801819818018,0.910808919108089,0.434956504349565,0.315818418158184,0.75957404259574,0.35031496850315,0.170632936706329,0.105089491050895,0.701429857014299,0.602089791020898,0.0279472052794721,0.26002399760024,0.710878912108789,0.340715928407159,0.511048895110489,0.220577942205779,0.47035296470353,0.109189081091891,0.502299770022998,0.210778922107789,0.0084991500849915,0.498000199980002,0.747725227477252,0.927107289271073,0.962603739626037,0.941005899410059,0.695980401959804,0.243775622437756
"60",0.952154784521548,0.115588441155884,0.760673932606739,0.464453554644536,0.558144185581442,0.599390060993901,0.502949705029497,0.177782221777822,0.273572642735726,0.168483151684832,0.253924607539246,0.594890510948905,0.642585741425857,0.127687231276872,0.270922907709229,0.656184381561844,0.458354164583542,0.142435756424358,0.734826517348265,0.106339366063394,0.221677832216778,0.786521347865213,0.482801719828017,0.970802919708029,0.0780921907809219,0.87996200379962,0.165733426657334,0.865913408659134,0.377962203779622,0.493900609939006,0.874412558744126,0.455054494550545,0.426457354264574,0.597590240975902,0.947355264473553,0.11973802619738,0.701979802019798,0.123187681231877,0.543445655434457,0.570592940705929,0.691280871912809,0.20997900209979,0.833266673332667,0.131386861313869,0.158334166583342,0.374112588741126,0.298370162983702,0.414058594140586,0.872412758724128,0.362213778622138
"61",0.957804219578042,0.277872212778722,0.848615138486151,0.334766523347665,0.108039196080392,0.120787921207879,0.446605339466053,0.902959704029597,0.473702629737026,0.187481251874813,0.714478552144786,0.850764923507649,0.080991900809919,0.643635636436356,0.620537946205379,0.400559944005599,0.684931506849315,0.927157284271573,0.881761823817618,0.128087191280872,0.842915708429157,0.0298470152984702,0.653284671532847,0.166583341665833,0.578642135786421,0.506249375062494,0.254174582541746,0.917758224177582,0.691930806919308,0.727027297270273,0.296520347965203,0.769223077692231,0.835116488351165,0.645485451454854,0.464103589641036,0.765123487651235,0.0982901709829017,0.806569343065693,0.98985101489851,0.916558344165583,0.596740325967403,0.393010698930107,0.657734226577342,0.308869113088691,0.0834416558344166,0.0761423857614239,0.137436256374363,0.0200979902009799,0.0842415758424158,0.347765223477652
"62",0.258924107589241,0.533346665333467,0.0510948905109489,0.210778922107789,0.341315868413159,0.369163083691631,0.321767823217678,0.436656334366563,0.12048795120488,0.420607939206079,0.226377362263774,0.523997600239976,0.0539446055394461,0.125387461253875,0.77992200779922,0.740775922407759,0.72982701729827,0.609139086091391,0.89001099890011,0.717528247175283,0.583691630836916,0.624387561243876,0.395010498950105,0.715778422157784,0.0270972902709729,0.302019798020198,0.0315968403159684,0.328517148285171,0.187231276872313,0.104689531046895,0.494600539946005,0.192080791920808,0.638386161383862,0.116838316168383,0.112388761123888,0.383611638836116,0.619388061193881,0.702929707029297,0.841065893410659,0.685381461853815,0.138186181381862,0.325417458254175,0.295170482951705,0.205829417058294,0.327667233276672,0.814818518148185,0.833916608339166,0.64048595140486,0.396410358964104,0.415208479152085
"63",0.858614138586141,0.918408159184082,0.218428157184282,0.303169683031697,0.365913408659134,0.128087191280872,0.387861213878612,0.955804419558044,0.287071292870713,0.424907509249075,0.325917408259174,0.225177482251775,0.666783321667833,0.563993600639936,0.941205879412059,0.824067593240676,0.737176282371763,0.677782221777822,0.91960803919608,0.204729527047295,0.795420457954205,0.777372262773723,0.738176182381762,0.069043095690431,0.384461553844616,0.12018798120188,0.918258174182582,0.28987101289871,0.877412258774123,0.0394960503949605,0.531896810318968,0.772772722727727,0.848515148485152,0.553444655534447,0.33021697830217,0.100739926007399,0.46965303469653,0.893460653934606,0.648635136486351,0.145835416458354,0.69018098190181,0.769173082691731,0.766773322667733,0.665983401659834,0.443505649435056,0.945855414458554,0.332066793320668,0.668583141685831,0.442805719428057,0.302119788021198
"64",0.456904309569043,0.438106189381062,0.912558744125587,0.842465753424658,0.474352564743526,0.511148885111489,0.685031496850315,0.2000299970003,0.0174982501749825,0.295870412958704,0.48045195480452,0.177932206779322,0.906759324067593,0.471002899710029,0.791770822917708,0.765723427657234,0.344965503449655,0.431856814318568,0.585041495850415,0.0916908309169083,0.221677832216778,0.188031196880312,0.837666233376662,0.0508949105089491,0.712478752124788,0.195730426957304,0.356914308569143,0.833166683331667,0.128537146285371,0.0273472652734727,0.173332666733327,0.554994500549945,0.544995500449955,0.204629537046295,0.213178682131787,0.27022297770223,0.246725327467253,0.763273672632737,0.441755824417558,0.372512748725127,0.0086991300869913,0.523147685231477,0.074042595740426,0.0954904509549045,0.72032796720328,0.0718928107189281,0.883911608839116,0.584891510848915,0.438856114388561,0.514448555144486
"65",0.794370562943706,0.758624137586241,0.581891810818918,0.680881911808819,0.602489751024898,0.644635536446355,0.127137286271373,0.466753324667533,0.2003799620038,0.481451854814519,0.702779722027797,0.357764223577642,0.913008699130087,0.704179582041796,0.402859714028597,0.384061593840616,0.673282671732827,0.481051894810519,0.334516548345165,0.463353664633537,0.249075092490751,0.724377562243776,0.0458954104589541,0.743875612438756,0.395110488951105,0.860763923607639,0.308319168083192,0.953204679532047,0.332316768323168,0.216878312168783,0.206179382061794,0.911108889111089,0.471752824717528,0.77022297770223,0.595890410958904,0.518998100189981,0.198180181981802,0.356464353564644,0.376412358764124,0.977102289771023,0.271972802719728,0.896260373962604,0.77972202779722,0.412808719128087,0.287821217878212,0.851164883511649,0.0031996800319968,0.742425757424258,0.675132486751325,0.73007699230077
"66",0.181331866813319,0.756074392560744,0.193630636936306,0.0782921707829217,0.903059694030597,0.915608439156084,0.276272372762724,0.0973402659734027,0.693230676932307,0.0747925207479252,0.502699730026997,0.0228977102289771,0.023047695230477,0.104489551044896,0.54034596540346,0.633386661333867,0.0983401659834017,0.847915208479152,0.261823817618238,0.287071292870713,0.251424857514249,0.434556544345565,0.00774922507749225,0.643035696430357,0.444205579442056,0.154884511548845,0.164283571642836,0.517448255174483,0.677632236776322,0.132186781321868,0.485101489851015,0.755274472552745,0.0874912508749125,0.343915608439156,0.77017298270173,0.163883611638836,0.138886111388861,0.215228477152285,0.0664933506649335,0.920757924207579,0.311618838116188,0.456654334566543,0.207179282071793,0.448805119488051,0.561643835616438,0.0904909509049095,0.571342865713429,0.0168483151684832,0.517648235176482,0.264473552644736
"67",0.10953904609539,0.156584341565843,0.250774922507749,0.425557444255574,0.0107989201079892,0.327767223277672,0.520997900209979,0.0853414658534147,0.280721927807219,0.373512648735126,0.461403859614039,0.00774922507749225,0.146935306469353,0.0525447455254475,0.0619438056194381,0.00404959504049595,0.248375162483752,0.112388761123888,0.00614938506149385,0.349015098490151,0.0521947805219478,0.0225477452254775,0.0551444855514449,0.0925907409259074,0.0987901209879012,0.313018698130187,0.134186581341866,0.0131486851314869,0.00534946505349465,0.745275472452755,0.227777222277772,0.0025997400259974,0.283171682831717,0.0683931606839316,0.623237676232377,0.0972402759724028,0.505199480051995,0.0584941505849415,0.116538346165383,0.0359464053594641,0.387761223877612,0.0023997600239976,0.0506949305069493,0.379262073792621,0.63028697130287,0.256924307569243,0.809319068093191,0.804669533046695,0.263123687631237,0.0486451354864514
"68",0.616438356164384,0.368013198680132,0.353414658534147,0.00654934506549345,0.0671932806719328,0.374612538746125,0.257624237576242,0.189131086891311,0.0698430156984302,0.598240175982402,0.126537346265373,0.0383961603839616,0.346915308469153,0.723027697230277,0.823717628237176,0.315118488151185,0.0082991700829917,0.737676232376762,0.425807419258074,0.0064993500649935,0.418358164183582,0.222727727227277,0.0793920607939206,0.0284471552844716,0.0118488151184882,0.146335366463354,0.24027597240276,0.413358664133587,0.0152484751524848,0.664033596640336,0.949305069493051,0.374162583741626,0.0727927207279272,0.560993900609939,0.412108789121088,0.33026697330267,0.237626237376262,0.132236776322368,0.0785421457854215,0.188081191880812,0.158234176582342,0.131386861313869,0.261873812618738,0.334016598340166,0.299070092990701,0.0073992600739926,0.88951104889511,0.633786621337866,0.205579442055794,0.394710528947105
"69",0.700779922007799,0.193580641935806,0.544245575442456,0.812568743125687,0.158184181581842,0.542295770422958,0.532146785321468,0.316468353164684,0.0377962203779622,0.699480051994801,0.27992200779922,0.799470052994701,0.159484051594841,0.056044395560444,0.385811418858114,0.508199180081992,0.790620937906209,0.459354064593541,0.366913308669133,0.258674132586741,0.819168083191681,0.392260773922608,0.372562743725627,0.650684931506849,0.143935606439356,0.747175282471753,0.573192680731927,0.0385461453854615,0.201429857014299,0.488351164883512,0.0474452554744526,0.483501649835016,0.547195280471953,0.797470252974703,0.144285571442856,0.794670532946705,0.650734926507349,0.875312468753125,0.13008699130087,0.296670332966703,0.0386961303869613,0.0916408359164084,0.40985901409859,0.34986501349865,0.543045695430457,0.800619938006199,0.215978402159784,0.684231576842316,0.0040995900409959,0.683331666833317
"70",0.128437156284372,0.554194580541946,0.391460853914609,0.915158484151585,0.52984701529847,0.574192580741926,0.085041495850415,0.206229377062294,0.865063493650635,0.143485651434857,0.543445655434457,0.832416758324168,0.386811318868113,0.366663333666633,0.0836416358364164,0.0660933906609339,0.418158184181582,0.620837916208379,0.687481251874813,0.779472052794721,0.0899410058994101,0.422907709229077,0.544445555444456,0.954804519548045,0.129337066293371,0.965053494650535,0.569193080691931,0.581741825817418,0.784771522847715,0.251424857514249,0.526197380261974,0.262823717628237,0.719078092190781,0.386661333866613,0.247225277472253,0.163483651634837,0.450854914508549,0.0782421757824218,0.273022697730227,0.0431456854314569,0.0828417158284172,0.872512748725128,0.15048495150485,0.935606439356064,0.825117488251175,0.851114888511149,0.877862213778622,0.842265773422658,0.948605139486051,0.750974902509749
"71",0.839216078392161,0.773172682731727,0.594340565943406,0.843415658434157,0.0458454154584542,0.384611538846115,0.225727427257274,0.491500849915008,0.336316368363164,0.683081691830817,0.75957404259574,0.603789621037896,0.416758324167583,0.856314368563144,0.693030696930307,0.866413358664134,0.225727427257274,0.101089891010899,0.373612638736126,0.0797920207979202,0.610838916108389,0.356464353564644,0.166483351664834,0.256474352564744,0.407159284071593,0.228827117288271,0.825317468253175,0.78972102789721,0.903109689031097,0.0393460653934607,0.491000899910009,0.728127187281272,0.540845915408459,0.46005399460054,0.523747625237476,0.569393060693931,0.562043795620438,0.377662233776622,0.85991400859914,0.52989701029897,0.337516248375162,0.476002399760024,0.319318068193181,0.436156384361564,0.263573642635736,0.222727727227277,0.709029097090291,0.821567843215678,0.674032596740326,0.320667933206679
"72",0.422357764223578,0.82026797320268,0.206529347065293,0.434906509349065,0.411408859114089,0.446805319468053,0.449255074492551,0.0796420357964204,0.510798920107989,0.721177882211779,0.296020397960204,0.0794920507949205,0.037996200379962,0.0872412758724128,0.486701329867013,0.419408059194081,0.00814918508149185,0.487751224877512,0.172282771722828,0.00664933506649335,0.506699330066993,0.00254974502549745,0.374762523747625,0.597690230976902,0.501499850014999,0.25977402259774,0.626237376262374,0.15038496150385,0.662733726627337,0.0947905209479052,0.0616438356164384,0.0025997400259974,0.0201479852014799,0.545245475452455,0.302769723027697,0.556444355564444,0.145335466453355,0.0538446155384462,0.677982201779822,0.208329167083292,0.171232876712329,0.642085791420858,0.174632536746325,0.0197480251974803,0.730676932306769,0.623237676232377,0.200529947005299,0.496850314968503,0.0198980101989801,0.574292570742926
"73",0.616188381161884,0.555794420557944,0.280821917808219,0.226627337266273,0.138936106389361,0.153034696530347,0.438056194380562,0.936056394360564,0.74042595740426,0.577792220777922,0.274572542745725,0.289271072892711,0.294320567943206,0.418508149185082,0.754974502549745,0.582641735826417,0.687381261873813,0.525997400259974,0.216428357164284,0.412508749125088,0.508749125087491,0.733826617338266,0.0952904709529047,0.457654234576542,0.865363463653635,0.163133686631337,0.934856514348565,0.758974102589741,0.366463353664634,0.436656334366563,0.735976402359764,0.250674932506749,0.564143585641436,0.189481051894811,0.586641335866413,0.97020297970203,0.587541245875412,0.97045295470453,0.526997300269973,0.303169683031697,0.153534646535346,0.0258974102589741,0.767623237676232,0.77982201779822,0.264473552644736,0.0491450854914509,0.545445455454455,0.849165083491651,0.569143085691431,0.186081391860814
"74",0.75027497250275,0.777022297770223,0.138536146385361,0.00634936506349365,0.571092890710929,0.0586441355864414,0.4002099790021,0.0033996600339966,0.371612838716128,0.85031496850315,0.345565443455654,0.153484651534847,0.504549545045495,0.295770422957704,0.160633936606339,0.287521247875212,0.00814918508149185,0.00584941505849415,0.00594940505949405,0.354214578542146,0.174382561743826,0.0606939306069393,0.106689331066893,0.641785821417858,0.633936606339366,0.073992600739926,0.0476452354764524,0.0623437656234377,0.308269173082692,0.341665833416658,0.257124287571243,0.140535946405359,0.319418058194181,0.00224977502249775,0.615488451154884,0.00324967503249675,0.159234076592341,0.0022997700229977,0.243025697430257,0.537896210378962,0.482451754824518,0.00244975502449755,0.0660933906609339,0.586841315868413,0.408459154084592,0.108889111088891,0.606739326067393,0.657834216578342,0.287821217878212,0.178682131786821
"75",0.167283271672833,0.0822917708229177,0.705729427057294,0.613288671132887,0.734976502349765,0.375862413758624,0.0577942205779422,0.860813918608139,0.0638436156384362,0.351814818518148,0.642185781421858,0.708379162083792,0.551144885511449,0.404259574042596,0.3995600439956,0.321417858214179,0.490950904909509,0.192480751924808,0.797120287971203,0.0195480451954805,0.298420157984202,0.134886511348865,0.66963303669633,0.100989901009899,0.849015098490151,0.711528847115289,0.826417358264174,0.489451054894511,0.932506749325067,0.106239376062394,0.347815218478152,0.0076992300769923,0.64043595640436,0.588591140885911,0.668583141685831,0.572192780721928,0.587491250874912,0.755174482551745,0.685931406859314,0.281921807819218,0.185831416858314,0.274222577742226,0.724827517248275,0.26952304769523,0.776572342765723,0.0010998900109989,0.146935306469353,0.0103489651034897,0.333566643335666,0.987301269873013
"76",0.0622937706229377,0.106939306069393,0.605089491050895,0.363263673632637,0.073992600739926,0.135086491350865,0.0908909109089091,0.334566543345665,0.775822417758224,0.207579242075792,0.68023197680232,0.119088091190881,0.0078992100789921,0.0724427557244276,0.315368463153685,0.134636536346365,0.562443755624438,0.811118888111189,0.017998200179982,0.88046195380462,0.00264973502649735,0.0322967703229677,0.0909409059094091,0.192530746925307,0.499350064993501,0.0186981301869813,0.684781521847815,0.012998700129987,0.0842415758424158,0.587541245875412,0.235826417358264,0.293670632936706,0.356614338566143,0.241325867413259,0.127837216278372,0.321917808219178,0.625337466253375,0.243275672432757,0.314818518148185,0.00364963503649635,0.152984701529847,0.00244975502449755,0.0866913308669133,0.502249775022498,0.943555644435556,0.0052994700529947,0.452654734526547,0.36016398360164,0.0727927207279272,0.705279472052795
"77",0.00394960503949605,0.00464953504649535,0.00744925507449255,0.622037796220378,0.601539846015398,0.645835416458354,0.255424457554245,0.585791420857914,0.624137586241376,0.221027897210279,0.0074992500749925,0.00774922507749225,0.30996900309969,0.653884611538846,0.00244975502449755,0.874612538746125,0.634286571342866,0.0395960403959604,0.0413458654134587,0.0687431256874313,0.266723327667233,0.0566943305669433,0.788371162883712,0.0058994100589941,0.003999600039996,0.0260973902609739,0.665283471652835,0.177882211778822,0.207779222077792,0.120537946205379,0.127037296270373,0.24992500749925,0.168133186681332,0.66048395160484,0.268273172682732,0.767773222677732,0.676382361763824,0.461153884611539,0.955954404559544,0.490900909909009,0.17038296170383,0.0023997600239976,0.302169783021698,0.476852314768523,0.16993300669933,0.210828917108289,0.987201279872013,0.927707229277072,0.0990900909909009,0.823117688231177
"78",0.356214378562144,0.5998900109989,0.437556244375562,0.441905809419058,0.529347065293471,0.837366263373663,0.0796920307969203,0.675982401759824,0.410558944105589,0.0519448055194481,0.478102189781022,0.451604839516048,0.202929707029297,0.0724427557244276,0.527297270272973,0.423407659234077,0.426707329267073,0.157434256574343,0.818468153184682,0.0816418358164184,0.0764923507649235,0.59009099090091,0.394460553944606,0.802619738026197,0.597340265973403,0.685581441855814,0.639386061393861,0.626187381261874,0.138786121387861,0.661833816618338,0.0595940405959404,0.167083291670833,0.565793420657934,0.298120187981202,0.908159184081592,0.384361563843616,0.357414258574143,0.283271672832717,0.641535846415358,0.485701429857014,0.0288471152884712,0.0071992800719928,0.107139286071393,0.0193980601939806,0.38016198380162,0.721427857214279,0.236026397360264,0.399310068993101,0.312368763123688,0.0650934906509349
"79",0.93960603939606,0.695430456954305,0.0511948805119488,0.764473552644735,0.777272272772723,0.631136886311369,0.561243875612439,0.208679132086791,0.232226777322268,0.501699830016998,0.752374762523748,0.0527447255274473,0.49010098990101,0.945005499450055,0.841565843415658,0.241575842415758,0.43020697930207,0.149485051494851,0.751074892510749,0.728127187281272,0.750774922507749,0.517098290170983,0.0107489251074893,0.53014698530147,0.985201479852015,0.840615938406159,0.82976702329767,0.395510448955105,0.737626237376262,0.75007499250075,0.807919208079192,0.551844815518448,0.0285971402859714,0.612538746125388,0.111788821117888,0.729077092290771,0.517798220177982,0.145385461453855,0.593490650934906,0.642285771422858,0.21987801219878,0.513148685131487,0.902059794020598,0.872712728727127,0.798170182981702,0.331616838316168,0.0147985201479852,0.946755324467553,0.794320567943206,0.594990500949905
"80",0.593840615938406,0.232276772322768,0.355164483551645,0.406659334066593,0.0463953604639536,0.492450754924508,0.447005299470053,0.75032496750325,0.787171282871713,0.927507249275072,0.732526747325267,0.452504749525047,0.271122887711229,0.0378462153784622,0.642735726427357,0.0987901209879012,0.554244575542446,0.277322267773223,0.46995300469953,0.208629137086291,0.618038196180382,0.903609639036096,0.15958404159584,0.806219378062194,0.603239676032397,0.201229877012299,0.23012698730127,0.224377562243776,0.806719328067193,0.519048095190481,0.338566143385661,0.798170182981702,0.197680231976802,0.155834416558344,0.599140085991401,0.212928707129287,0.587341265873413,0.745275472452755,0.31996800319968,0.827817218278172,0.517498250174983,0.532546745325467,0.767723227677232,0.777922207779222,0.114438556144386,0.973502649735027,0.907109289071093,0.675532446755324,0.37011298870113,0.996900309969003
"81",0.6001399860014,0.571892810718928,0.128587141285871,0.58994100589941,0.305269473052695,0.332166783321668,0.646485351464854,0.906059394060594,0.450504949505049,0.95985401459854,0.469353064693531,0.132486751324868,0.131886811318868,0.786821317868213,0.461503849615038,0.377712228777122,0.684031596840316,0.542495750424957,0.594590540945905,0.465753424657534,0.823267673232677,0.981901809819018,0.885411458854115,0.412508749125088,0.707379262073793,0.753524647535247,0.0828417158284172,0.262373762623738,0.457504249575042,0.269073092690731,0.237276272372763,0.628837116288371,0.554894510548945,0.283371662833717,0.769123087691231,0.371062893710629,0.298470152984702,0.824017598240176,0.322567743225677,0.884461553844616,0.223627637236276,0.204429557044296,0.349165083491651,0.777422257774223,0.735576442355764,0.294820517948205,0.842015798420158,0.598290170982902,0.366563343665633,0.322517748225177
"82",0.784171582841716,0.892010798920108,0.673832616738326,0.146735326467353,0.776872312768723,0.643335666433357,0.45955404459554,0.608439156084392,0.691630836916308,0.364713528647135,0.428957104289571,0.92000799920008,0.323567643235676,0.0650934906509349,0.011998800119988,0.530496950304969,0.181381861813819,0.680681931806819,0.7003799620038,0.478152184781522,0.882561743825617,0.386261373862614,0.821867813218678,0.640585941405859,0.737226277372263,0.753724627537246,0.106139386061394,0.125687431256874,0.146985301469853,0.453654634536546,0.62968703129687,0.615788421157884,0.639336066393361,0.816618338166183,0.631786821317868,0.896460353964604,0.456054394560544,0.0110988901109889,0.455104489551045,0.301469853014699,0.468353164683532,0.172782721727827,0.416608339166083,0.792920707929207,0.272722727727227,0.586491350864914,0.58004199580042,0.154684531546845,0.641085891410859,0.548945105489451
"83",0.724177582241776,0.416958304169583,0.675482451754824,0.21032896710329,0.0110988901109889,0.00414958504149585,0.642185781421858,0.568443155684432,0.312568743125687,0.353064693530647,0.752424757524248,0.0805919408059194,0.751024897510249,0.0061993800619938,0.56989301069893,0.011998800119988,0.504249575042496,0.567593240675932,0.0625937406259374,0.092040795920408,0.338366163383662,0.883311668833117,0.720927907209279,0.44965503449655,0.622087791220878,0.293720627937206,0.835116488351165,0.0297470252974703,0.568643135686431,0.0833416658334167,0.0662433756624338,0.364513548645135,0.480651934806519,0.559494050594941,0.539046095390461,0.668483151684832,0.499600039996,0.696330366963304,0.534546545345465,0.283721627837216,0.788321167883212,0.499900009999,0.675382461753825,7.57699230076992,0.48980101989801,0.113538646135386,0.637436256374363,0.736576342365763,0.344915508449155,0.564643535646435
"84",0.0708429157084292,0.355064493550645,0.128137186281372,0.434956504349565,0.0653434656534347,0.582041795820418,0.615738426157384,0.00344965503449655,0.431806819318068,0.514348565143486,0.553294670532947,0.132586741325867,0.135836416358364,0.493200679932007,0.044045595440456,0.311068893110689,0.0396460353964604,0.41990800919908,0.00604939506049395,0.0323467653234677,0.762673732626737,0.271722827717228,0.0726427357264274,0.278322167783222,0.0704929507049295,0.699530046995301,0.342615738426157,0.594540545945406,0.0553944605539446,0.0551444855514449,0.165433456654335,0.43955604439556,0.588341165883412,0.7999200079992,0.844015598440156,0.880561943805619,0.310518948105189,0.0022997700229977,0.662683731626837,0.411208879112089,0.199330066993301,0.0444955504449555,0.913708629137086,0.503249675032497,0.942505749425057,0.073042695730427,0.972302769723028,0.963103689631037,0.452504749525047,0.0519448055194481
"85",0.871212878712129,0.76967303269673,0.529197080291971,0.65963403659634,0.017998200179982,0.750874912508749,0.503899610038996,0.63998600139986,0.684931506849315,0.485501449855014,0.918758124187581,0.230526947305269,0.232676732326767,0.215328467153285,0.814368563143686,0.584191580841916,0.92050794920508,0.485151484851515,0.322917708229177,0.00674932506749325,0.4997500249975,0.84031596840316,0.795370462953705,0.31981801819818,0.0194980501949805,0.145585441455854,0.14963503649635,0.901259874012599,0.461053894610539,0.619288071192881,0.381111888811119,0.714178582141786,0.214578542145785,0.431406859314069,0.519448055194481,0.542795720427957,0.816468353164684,0.514948505149485,0.586141385861414,0.656884311568843,0.844165583441656,0.524147585241476,0.850964903509649,0.06004399560044,0.225777422257774,0.0476452354764524,0.137386261373863,0.883661633836616,0.935456454354565,0.0966903309669033
"86",0.665983401659834,0.416908309169083,0.585591440855914,0.238876112388761,0.0184481551844816,0.065993400659934,0.123437656234377,0.285421457854215,0.660683931606839,0.117738226177382,0.035996400359964,0.343665633436656,0.592540745925408,0.0790920907909209,0.0927407259274073,0.85026497350265,0.28962103789621,0.00574942505749425,0.219128087191281,0.00664933506649335,0.0978402159784022,0.347865213478652,0.220777922207779,0.411508849115089,0.323117688231177,0.138586141385861,0.141085891410859,0.473202679732027,0.151584841515848,0.781271872812719,0.0661433856614339,0.0025997400259974,0.0585441455854415,0.68003199680032,0.0165983401659834,0.622937706229377,0.277172282771723,0.207229277072293,0.338116188381162,0.478252174782522,0.509299070092991,0.336166383361664,0.344815518448155,0.857764223577642,0.45950404959504,0.592340765923408,0.865513448655134,0.221127887211279,0.0181981801819818,0.917508249175082
"87",0.0037996200379962,0.0045995400459954,0.0073992600739926,0.0062993700629937,0.00374962503749625,0.0040995900409959,0.0031996800319968,0.00334966503349665,0.0375962403759624,0.0278972102789721,0.00734926507349265,0.0076992300769923,0.00754924507549245,0.0061993800619938,0.0022997700229977,0.00404959504049595,0.00814918508149185,0.00564943505649435,0.00584941505849415,0.0064993500649935,0.00264973502649735,0.0023997600239976,0.430606939306069,0.0058994100589941,0.00374962503749625,0.0037996200379962,0.0045995400459954,0.00434956504349565,0.0159484051594841,0.00294970502949705,0.0117488251174883,0.00254974502549745,0.00404959504049595,0.0615938406159384,0.00334966503349665,0.00324967503249675,0.0084991500849915,0.0022997700229977,0.011048895110489,0.0010998900109989,0.0155984401559844,0.0023997600239976,0.00174982501749825,0.00184981501849815,0.451804819518048,0.070992900709929,0.0843915608439156,0.16048395160484,0.0722427757224278,0.292020797920208
"88",0.19003099690031,0.148735126487351,0.763773622637736,0.284171582841716,0.0036996300369963,0.0040995900409959,0.458204179582042,0.817418258174183,0.671282871712829,0.102389761023898,0.92955704429557,0.0375962403759624,0.0384461553844616,0.286221377862214,0.124187581241876,0.565593440655934,0.277522247775222,0.309169083091691,0.273622637736226,0.324067593240676,0.161783821617838,0.284721527847215,0.380861913808619,0.332716728327167,0.887661233876612,0.208929107089291,0.620737926207379,0.421157884211579,0.714128587141286,0.8995100489951,0.245075492450755,0.212328767123288,0.0202479752024798,0.597840215978402,0.468353164683532,0.703479652034797,0.772522747725227,0.992500749925007,0.366513348665133,0.15033496650335,0.00174982501749825,0.91955804419558,0.215228477152285,0.781571842815718,0.605939406059394,0.096990300969903,0.276872312768723,0.992400759924008,0.0760923907609239,0.279072092790721
"89",0.307569243075692,0.134636536346365,0.0649435056494351,0.0064993500649935,0.0036996300369963,0.0040995900409959,0.0957904209579042,0.27967203279672,0.1004399560044,0.366213378662134,0.1998800119988,0.0228977102289771,0.00794920507949205,0.0020997900209979,0.106339366063394,0.003999600039996,0.00824917508249175,0.166433356664334,0.00594940505949405,0.46975302469753,0.182931706829317,0.0025997400259974,0.155284471552845,0.0168983101689831,0.0493950604939506,0.00384961503849615,0.133186681331867,0.13013698630137,0.28032196780322,0.0271972802719728,0.239276072392761,0.0324467553244676,0.192480751924808,0.918358164183582,0.163033696630337,0.798570142985701,0.00844915508449155,0.224277572242776,0.577542245775422,0.0130986901309869,0.0017998200179982,0.689281071892811,0.0016998300169983,0.00544945505449455,0.222577742225777,0.023997600239976,0.487551244875512,0.0548445155484452,0.0902409759024098,0.3997100289971
"90",0.140535946405359,0.0819418058194181,0.612488751124888,0.00634936506349365,0.904659534046595,0.926707329267073,0.0393960603939606,0.583291670832917,0.424857514248575,0.398260173982602,0.16033396660334,0.443505649435056,0.449355064493551,0.0791420857914209,0.988701129887011,0.605039496050395,0.00814918508149185,0.1002899710029,0.208879112088791,0.0568443155684432,0.538296170382962,0.574742525747425,0.119338066193381,0.521647835216478,0.394560543945605,0.0543945605439456,0.60953904609539,0.413408659134087,0.82021797820218,0.536696330366963,0.101889811018898,0.405259474052595,0.8000699930007,0.386861313868613,0.217528247175282,0.492450754924508,0.315818418158184,0.548745125487451,0.0857914208579142,0.0480951904809519,0.388111188881112,0.177232276772323,0.0185981401859814,0.416108389161084,0.476302369763024,0.0154984501549845,0.0272472752724728,0.806219378062194,0.077992200779922,0.0741925807419258
"91",0.188931106889311,0.757074292570743,0.62023797620238,0.196930306969303,0.757024297570243,0.548545145485451,0.143735626437356,0.578142185781422,0.156884311568843,0.611638836116388,0.32991700829917,0.640585941405859,0.692580741925807,0.359064093590641,0.52974702529747,0.394610538946105,0.396010398960104,0.821517848215178,0.192780721927807,0.526447355264474,0.158084191580842,0.0025997400259974,0.262323767623238,0.531296870312969,0.617338266173383,0.188931106889311,0.704529547045295,0.748075192480752,0.774272572742726,0.659434056594341,0.161083891610839,0.986601339866013,0.86041395860414,0.45000499950005,0.173732626737326,0.361513848615138,0.47970202979702,0.692030796920308,0.364763523647635,0.662083791620838,0.323767623237676,0.823917608239176,0.34991500849915,0.237726227377262,0.872962703729627,0.244375562443756,0.522997700229977,0.138636136386361,0.142385761423858,0.335366463353665
"92",0.124287571242876,0.367163283671633,0.0363963603639636,0.199280071992801,0.891310868913109,0.02004799520048,0.251624837516248,0.108989101089891,0.0942405759424058,0.0223977602239776,0.0747925207479252,0.449155084491551,0.54989501049895,0.59044095590441,0.0782921707829217,0.43045695430457,0.244975502449755,0.138836116388361,0.405059494050595,0.154484551544846,0.257024297570243,0.066043395660434,0.203279672032797,0.091990800919908,0.924257574242576,0.635436456354365,0.292170782921708,0.318668133186681,0.414708529147085,0.657334266573343,0.0118988101189881,0.0123987601239876,0.718978102189781,0.413758624137586,0.0358464153584642,0.217078292170783,0.0028997100289971,0.800919908009199,0.595890410958904,0.108239176082392,0.421957804219578,0.173032696730327,0.0117488251174883,0.0637936206379362,0.0465953404659534,0.321017898210179,0.388361163883612,0.285621437856214,0.0483451654834517,0.108789121087891
"93",0.604289571042896,0.326767323267673,0.314268573142686,0.628137186281372,0.707379262073793,0.745275472452755,0.793020697930207,0.774022597740226,0.166133386661334,0.349415058494151,0.871612838716128,0.486151384861514,0.0231476852314769,0.757474252574743,0.545045495450455,0.848065193480652,0.510798920107989,0.94965503449655,0.402709729027097,0.116188381161884,0.820717928207179,0.931906809319068,0.347515248475152,0.403609639036096,0.567293270672933,0.296120387961204,0.661783821617838,0.977702229777022,0.423907609239076,0.412958704129587,0.456854314568543,0.57999200079992,0.691080891910809,0.706779322067793,0.302619738026197,0.458654134586541,0.266123387661234,0.653734626537346,0.328467153284672,0.587241275872413,0.462303769623038,0.698580141985801,0.414458554144586,0.216328367163284,0.820567943205679,0.722527747225277,0.582691730826917,0.523147685231477,0.0417958204179582,0.227427257274273
"94",0.428107189281072,0.32046795320468,0.876862313768623,0.268873112688731,0.788221177882212,0.818768123187681,0.31026897310269,0.827567243275672,0.124087591240876,0.891910808919108,0.445305469453055,0.896910308969103,0.268323167683232,0.309169083091691,0.307119288071193,0.259174082591741,0.0403959604039596,0.405259474052595,0.473302669733027,0.921407859214079,0.323617638236176,0.0553944605539446,0.778322167783222,0.327967203279672,0.611788821117888,0.131136886311369,0.0395960403959604,0.385161483851615,0.194930506949305,0.804769523047695,0.313718628137186,0.586641335866413,0.311768823117688,0.475802419758024,0.305519448055194,0.725177482251775,0.550794920507949,0.446055394460554,0.628537146285371,0.136286371362864,0.743975602439756,0.56994300569943,0.856014398560144,0.0434956504349565,0.2004799520048,0.108539146085391,0.11003899610039,0.699430056994301,0.0173982601739826,0.241525847415258
"95",0.462503749625037,0.47975202479752,0.357064293570643,0.32026797320268,0.799120087991201,0.704429557044296,0.587591240875912,0.266123387661234,0.1003899610039,0.16043395660434,0.136486351364864,0.266173382661734,0.644185581441856,0.106589341065893,0.123987601239876,0.547095290470953,0.302919708029197,0.784071592840716,0.561043895610439,0.600839916008399,0.00784921507849215,0.753474652534747,0.0256974302569743,0.378762123787621,0.348315168483152,0.185431456854315,0.520997900209979,0.093990600939906,0.647385261473853,0.71047895210479,0.0901909809019098,0.684581541845815,0.524397560243976,0.363463653634637,0.168433156684332,0.465853414658534,0.674782521747825,0.18993100689931,0.648735126487351,0.45995400459954,0.0415458454154585,0.583091690830917,0.181831816818318,0.318368163183682,0.400909909009099,0.576742325767423,0.178382161783822,0.132336766323368,0.0256974302569743,0.479002099790021
"96",0.36006399360064,0.808619138086191,0.37986201379862,0.393410658934107,0.373962603739626,0.353864613538646,0.776672332766723,0.866813318668133,0.525897410258974,0.323667633236676,0.233526647335266,0.811568843115688,0.0517448255174483,0.107439256074393,0.415608439156084,0.373362663733627,0.211978802119788,0.598590140985901,0.134736526347365,0.494700529947005,0.579242075792421,0.12968703129687,0.0913408659134087,0.465053494650535,0.579342065793421,0.316468353164684,0.550994900509949,0.712378762123788,0.162133786621338,0.302719728027197,0.440855914408559,0.331416858314169,0.292970702929707,0.207679232076792,0.600689931006899,0.511498850114989,0.28012198780122,0.868863113688631,0.411558844115588,0.762473752624737,0.0654434556544346,0.543295670432957,0.0345965403459654,0.626587341265873,0.222477752224778,0.341665833416658,0.244575542445755,0.920857914208579,0.155884411558844,0.954004599540046
"97",0.41965803419658,0.846465353464654,0.56014398560144,0.475402459754025,0.876012398760124,0.86991300869913,0.702629737026297,0.82051794820518,0.443605639436056,0.446205379462054,0.506899310068993,0.931106889311069,0.432006799320068,0.400859914008599,0.163883611638836,0.899110088991101,0.558444155584442,0.8995100489951,0.732776722327767,0.921807819218078,0.49040095990401,0.308169183081692,0.935106489351065,0.402659734026597,0.799370062993701,0.938756124387561,0.458954104589541,0.68023197680232,0.867263273672633,0.513598640135986,0.791270872912709,0.540795920407959,0.908259174082592,0.726327367263274,0.406309369063094,0.842365763423658,0.744375562443756,0.635536446355364,0.331216878312169,0.0472452754724528,0.384961503849615,0.413808619138086,0.150984901509849,0.837566243375662,0.251874812518748,0.918708129187081,0.623787621237876,0.702329767023298,0.888911108889111,0.511698830116988
"98",0.41040895910409,0.301419858014199,0.426457354264574,0.1004399560044,0.250824917508249,0.421857814218578,0.895660433956604,0.217278272172783,0.997300269973003,0.211028897110289,0.42015798420158,0.683881611838816,0.143635636436356,0.254474552544746,0.756974302569743,0.414558544145585,0.126687331266873,0.584441555844416,0.652434756524348,0.0444955504449555,0.473102689731027,0.301019898010199,0.0543945605439456,0.482601739826017,0.635786421357864,0.0540945905409459,0.852764723527647,0.754224577542246,0.674982501749825,0.730926907309269,0.418708129187081,0.0654434556544346,0.731876812318768,0.0192480751924808,0.235276472352765,0.0275472452754725,0.457804219578042,0.154034596540346,0.575242475752425,0.431106889311069,0.655284471552845,0.813868613138686,0.201879812018798,0.0666933306669333,0.846815318468153,0.502499750024997,0.0781421857814219,0.637586241375862,0.538446155384462,0.845065493450655
"99",0.0037996200379962,0.16953304669533,0.152434756524348,0.182581741825817,0.0179482051794821,0.02004799520048,0.413258674132587,0.217278272172783,0.170682931706829,0.172032796720328,0.313718628137186,0.155034496550345,0.108289171082892,0.255724427557244,0.00244975502449755,0.633736626337366,0.0557944205579442,0.23017698230177,0.0060993900609939,0.112138786121388,0.00264973502649735,0.290970902909709,0.0015998400159984,0.429007099290071,0.0038996100389961,0.569143085691431,0.173132686731327,0.00444955504449555,0.0365463453654635,0.120687931206879,0.26007399260074,0.0319468053194681,0.324317568243176,0.06004399560044,0.434356564343566,0.0852414758524148,0.646285371462854,0.0022997700229977,0.122137786221378,0.0011998800119988,0.0737426257374263,0.074042595740426,0.0830916908309169,0.948455154484552,0.659184081591841,0.822617738226177,0.0200979902009799,0.572392760723928,0.0791920807919208,0.322367763223678
"100",0.171132886711329,0.189281071892811,0.0074992500749925,0.0064993500649935,0.242175782421758,0.0507449255074493,0.110588941105889,0.431256874312569,0.163283671632837,0.153034696530347,0.0217478252174783,0.0229477052294771,0.0231476852314769,0.0965903409659034,0.0647435256474353,0.192080791920808,0.00834916508349165,0.0174982501749825,0.0060993900609939,0.155184481551845,0.0518448155184482,0.0025997400259974,0.583141685831417,0.0170982901709829,0.137236276372363,0.0816418358164184,0.0815418458154185,0.092040795920408,0.110888911108889,0.330566943305669,0.082991700829917,0.0075992400759924,0.120537946205379,0.345565443455654,0.0353464653534647,0.205379462053795,0.0028997100289971,0.324467553244676,0.00374962503749625,0.696230376962304,0.12043795620438,0.00714928507149285,0.0346965303469653,0.24002599740026,0.365063493650635,0.26007399260074,0.241675832416758,0.953204679532047,0.522547745225477,0.501499850014999
"101",0.0833416658334167,0.0968403159684032,0.0215478452154785,0.0783421657834217,0.0731426857314269,0.435906409359064,0.797220277972203,0.709079092090791,0.740625937406259,0.685431456854315,0.551244875512449,0.0665433456654335,0.0231476852314769,0.628487151284872,0.789421057894211,0.692980701929807,0.326667333266673,0.0502449755024498,0.879412058794121,0.825217478252175,0.172882711728827,0.593890610938906,0.865163483651635,0.0503949605039496,0.179382061793821,0.0474452554744526,0.182381761823818,0.0130986901309869,0.222277772222778,0.768173182681732,0.821067893210679,0.0225477452254775,0.726777322267773,0.0280971902809719,0.029047095290471,0.0402959704029597,0.270672932706729,0.575542445755424,0.0461453854614539,0.84026597340266,0.786821317868213,0.237276272372763,0.711878812118788,0.0228977102289771,0.283771622837716,0.888711128887111,0.501949805019498,0.706979302069793,0.802669733026697,0.565843415658434
"102",0.18963103689631,0.25982401759824,0.354964503549645,0.235276472352765,0.834516548345166,0.818568143185681,0.253524647535246,0.976902309769023,0.218628137186281,0.616288371162884,0.249075092490751,0.262973702629737,0.338716128387161,0.385011498850115,0.43045695430457,0.13008699130087,0.350714928507149,0.213028697130287,0.192130786921308,0.313418658134187,0.174232576742326,0.0223977602239776,0.0108489151084892,0.574892510748925,0.265573442655734,0.244325567443256,0.408959104089591,0.684831516848315,0.345315468453155,0.231576842315768,0.340515948405159,0.408309169083092,0.202529747025297,0.640935906409359,0.378812118788121,0.206329367063294,0.151034896510349,0.961103889611039,0.143385661433857,0.194730526947305,0.0724927507249275,0.3001199880012,0.363863613638636,0.107339266073393,0.350514948505149,0.228477152284772,0.499450054994501,0.900859914008599,0.347415258474153,0.198130186981302
"103",0.754174582541746,0.875562443755624,0.776722327767223,0.846315368463154,0.00364963503649635,0.0040995900409959,0.842965703429657,0.14033596640336,0.479152084791521,0.522997700229977,0.0074992500749925,0.325467453254675,0.303069693030697,0.555194480551945,0.785021497850215,0.344365563443656,0.315718428157184,0.261373862613739,0.926707329267073,0.476002399760024,0.646135386461354,0.125337466253375,0.567443255674433,0.718578142185781,0.912408759124088,0.465603439656034,0.0633936606339366,0.392360763923608,0.365463453654635,0.857964203579642,0.765373462653735,0.605689431056894,0.604889511048895,0.0316968303169683,0.138336166383362,0.0453454654534547,0.833816618338166,0.945005499450055,0.00374962503749625,0.473802619738026,0.642035796420358,0.653134686531347,0.618688131186881,0.43970602939706,0.401409859014099,0.991200879912009,0.271172882711729,0.397260273972603,0.694380561943806,0.237476252374763
"104",0.264823517648235,0.295170482951705,0.0219478052194781,0.386361363863614,0.206679332066793,0.147235276472353,0.424707529247075,0.506349365063494,0.266273372662734,0.0649435056494351,0.187781221877812,0.377062293770623,0.284371562843716,0.316868313168683,0.810968903109689,0.0583441655834417,0.387861213878612,0.223177682231777,0.204879512048795,0.00674932506749325,0.538046195380462,0.598840115988401,0.665833416658334,0.882361763823618,0.698330166983302,0.375912408759124,0.368613138686131,0.538446155384462,0.185231476852315,0.437356264373563,0.271872812718728,0.769123087691231,0.0730926907309269,0.0195480451954805,0.0097990200979902,0.276572342765723,0.570942905709429,0.347965203479652,0.786421357864214,0.0588441155884412,0.263523647635237,0.102739726027397,0.100689931006899,0.125187481251875,0.387411258874113,0.435806419358064,0.227627237276272,0.991000899910009,0.3003699630037,0.103639636036396
"105",0.361313868613139,0.0573942605739426,0.136486351364864,0.00644935506449355,0.617588241175882,0.161683831616838,0.0801419858014199,0.016998300169983,0.0103489651034897,0.312168783121688,0.0220977902209779,0.0228977102289771,0.00784921507849215,0.475402459754025,0.734876512348765,0.449355064493551,0.0845415458454155,0.081991800819918,0.0297970202979702,0.33016698330167,0.00264973502649735,0.446655334466553,0.595190480951905,0.47005299470053,0.608039196080392,0.27962203779622,0.0656934306569343,0.446955304469553,0.154134586541346,0.461203879612039,0.525047495250475,0.458604139586041,0.0124487551244876,0.0565443455654435,0.00999900009999,0.0805919408059194,0.657334266573343,0.0111988801119888,0.141885811418858,0.964653534646535,0.0765423457654235,0.00724927507249275,0.244225577442256,0.821617838216178,0.0191980801919808,0.0052994700529947,0.692430756924308,0.562993700629937,0.10998900109989,0.649435056494351
"106",0.311718828117188,0.982201779822018,0.971302869713029,0.370662933706629,0.124337566243376,0.135436456354365,0.533296670332967,0.276522347765223,0.285721427857214,0.451004899510049,0.644735526447355,0.576192380761924,0.00784921507849215,0.882861713828617,0.211128887111289,0.578242175782422,0.578142185781422,0.335766423357664,0.645285471452855,0.349365063493651,0.224077592240776,0.805269473052695,0.814868513148685,0.349165083491651,0.864563543645635,0.0941405859414059,0.319168083191681,0.337716228377162,0.435406459354065,0.211678832116788,0.0597440255974403,0.174632536746325,0.704979502049795,0.174282571742826,0.934006599340066,0.238676132386761,0.628537146285371,0.603589641035896,0.191280871912809,0.423357664233577,0.0604439556044396,0.056044395560444,0.643435656434357,0.325117488251175,0.801119888011199,0.898960103989601,0.804569543045695,0.487551244875512,0.495000499950005,0.602789721027897
"107",0.676082391760824,0.628887111288871,0.938506149385061,0.328717128287171,0.355164483551645,0.384761523847615,0.0731426857314269,0.774172582741726,0.0824417558244176,0.22047795220478,0.75997400259974,0.484351564843516,0.369313068693131,0.743025697430257,0.583291670832917,0.289121087891211,0.45985401459854,0.566943305669433,0.507499250074993,0.377512248775122,0.943055694430557,0.8000699930007,0.0741425857414259,0.57034296570343,0.822117788221178,0.584091590840916,0.841215878412159,0.0988401159884012,0.444255574442556,0.124887511248875,0.125637436256374,0.201979802019798,0.874162583741626,0.839166083391661,0.613838616138386,0.813718628137186,0.53019698030197,0.943555644435556,0.146635336466353,0.462503749625037,0.196630336966303,0.462103789621038,0.859364063593641,0.800969903009699,0.603139686031397,0.341665833416658,0.0893410658934107,0.936056394360564,0.91955804419558,0.337066293370663
"108",0.47005299470053,0.0397960203979602,0.345215478452155,0.518398160183982,0.748075192480752,0.828767123287671,0.165833416658334,0.35001499850015,0.258774122587741,0.312068793120688,0.657684231576842,0.358964103589641,0.591940805919408,0.86021397860214,0.284321567843216,0.311868813118688,0.346015398460154,0.263673632636736,0.403259674032597,0.0065993400659934,0.102989701029897,0.859464053594641,0.543145685431457,0.291270872912709,0.349065093490651,0.144735526447355,0.215028497150285,0.206929307069293,0.369363063693631,0.436806319368063,0.192980701929807,0.137286271372863,0.928107189281072,0.616588341165883,0.136986301369863,0.122737726227377,0.718028197180282,0.325067493250675,0.151334866513349,0.885361463853615,0.0017998200179982,0.234176582341766,0.753174682531747,0.108589141085891,0.34031596840316,0.195680431956804,0.378862113788621,0.312018798120188,0.773272672732727,0.104289571042896
"109",0.431806819318068,0.0811418858114189,0.553794620537946,0.0192480751924808,0.603289671032897,0.642635736426357,0.356314368563144,0.187481251874813,0.396210378962104,0.0095990400959904,0.342015798420158,0.368313168683132,0.643585641435856,0.574242575742426,0.301969803019698,0.274522547745225,0.844815518448155,0.305119488051195,0.453454654534547,0.103039696030397,0.322567743225677,0.520947905209479,0.170682931706829,0.859414058594141,0.85051494850515,0.636836316368363,0.668483151684832,0.0701929807019298,0.152334766523348,0.681681831816818,0.513498650134987,0.74982501749825,0.218028197180282,0.332216778322168,0.282421757824218,0.432406759324068,0.345365463453655,0.22972702729727,0.311968803119688,0.338566143385661,0.950804919508049,0.493300669933007,0.6996800319968,0.657384261573843,0.967403259674033,0.472602739726027,0.708129187081292,0.878912108789121,0.185881411858814,0.433456654334567
"110",0.692980701929807,0.550844915508449,0.393210678932107,0.0433456654334567,0.692930706929307,0.615738426157384,0.0031996800319968,0.645685431456854,0.0035996400359964,0.379012098790121,0.0626437356264374,0.41005899410059,0.329067093290671,0.42025797420258,0.542595740425957,0.194230576942306,0.32961703829617,0.61983801619838,0.00604939506049395,0.0064993500649935,0.0790920907909209,0.866963303669633,0.449055094490551,0.584391560843916,0.513798620137986,0.742225777422258,0.628737126287371,0.581791820817918,0.111338866113389,0.399260073992601,0.235426457354265,0.395710428957104,0.528647135286471,0.886361363863614,0.0292970702929707,0.549195080491951,0.751274872512749,0.706679332066793,0.457604239576042,0.518098190180982,0.0318468153184682,0.341915808419158,0.295170482951705,0.746975302469753,0.875712428757124,0.87991200879912,0.873712628737126,0.653784621537846,0.679132086791321,0.387761223877612
"111",0.542295770422958,0.558894110588941,0.535596440355964,0.131086891310869,0.423607639236076,0.459254074592541,0.627387261273873,0.742625737426257,0.218628137186281,0.28002199780022,0.0360963903609639,0.322167783221678,0.0381461853814619,0.204129587041296,0.642835716428357,0.513648635136486,0.642185781421858,0.0602939706029397,0.0844915508449155,0.283821617838216,0.335766423357664,0.131436856314369,0.00774922507749225,0.1000399960004,0.354164583541646,0.328317168283172,0.54029597040296,0.55039496050395,0.233476652334767,0.134686531346865,0.655234476552345,0.215628437156284,0.0583941605839416,0.543295670432957,0.554394560543946,0.198780121987801,0.355364463553645,0.924007599240076,0.155984401559844,0.404259574042596,0.432556744325567,0.0911408859114089,0.247125287471253,0.0956404359564044,0.620737926207379,0.203679632036796,0.0237976202379762,0.114938506149385,0.515298470152985,0.646335366463354
"112",0.124287571242876,0.293270672932707,0.347115288471153,0.315018498150185,0.128437156284372,0.141935806419358,0.052044795520448,0.864263573642636,0.148585141485851,0.085991400859914,0.102339766023398,0.354264573542646,0.757524247575243,0.522547745225477,0.0966903309669033,0.0119488051194881,0.126037396260374,0.345615438456154,0.851764823517648,0.462703729627037,0.746575342465753,0.686931306869313,0.737626237376262,0.304369563043696,0.137186281371863,0.698180181981802,0.356014398560144,0.413758624137586,0.443355664433557,0.124887511248875,0.667733226677332,0.477202279772023,0.102589741025897,0.157934206579342,0.047995200479952,0.936306369363064,0.633186681331867,0.513198680131987,0.677532246775322,0.0344465553444656,0.912058794120588,0.682331766823318,0.125587441255874,0.813068693130687,0.723577642235776,0.723527647235277,0.843015698430157,0.247375262473753,0.423057694230577,0.722827717228277
"113",0.0338966103389661,0.0395960403959604,0.734676532346765,0.487551244875512,0.432706729327067,0.554294570542946,0.0031996800319968,0.215078492150785,0.0753424657534247,0.168483151684832,0.112938706129387,0.282421757824218,0.157334266573343,0.0020997900209979,0.0997900209979002,0.0353964603539646,0.165233476652335,0.393210678932107,0.0292470752924708,0.848565143485651,0.0571442855714429,0.0876912308769123,0.34011598840116,0.272072792720728,0.154534546545345,0.337866213378662,0.701129887011299,0.0213978602139786,0.208029197080292,0.673932606739326,0.00174982501749825,0.296320367963204,0.457454254574543,0.741125887411259,0.658134186581342,0.568943105689431,0.0463953604639536,0.153034696530347,0.755574442555744,0.00594940505949405,0.028997100289971,0.0304469553044696,0.840765923407659,0.00544945505449455,0.816768323167683,0.0477952204779522,0.182881711828817,0.463153684631537,0.742275772422758,0.652334766523348
"114",0.454754524547545,0.211178882111789,0.266273372662734,0.418408159184082,0.95045495450455,0.740725927407259,0.44985501449855,0.923857614238576,0.444755524447555,0.391760823917608,0.58014198580142,0.276172382761724,0.930906909309069,0.0333466653334667,0.732676732326767,0.827167283271673,0.892360763923608,0.81031896810319,0.892310768923108,0.512298770122988,0.895960403959604,0.251674832516748,0.467453254674533,0.0912408759124088,0.54989501049895,0.883711628837116,0.326467353264674,0.817118288171183,0.0753424657534247,0.777272272772723,0.562493750624938,0.591740825917408,0.863663633636636,0.64028597140286,0.905209479052095,0.410708929107089,0.815218478152185,0.838316168383162,0.05999400059994,0.936156384361564,0.922057794220578,0.771272872712729,0.652484751524848,0.489301069893011,0.317868213178682,0.142835716428357,0.257574242575742,0.679232076792321,0.379162083791621,0.463953604639536
"115",0.324717528247175,0.381261873812619,0.0224977502249775,0.188731126887311,0.0251474852514749,0.0356464353564644,0.0848915108489151,0.378762123787621,0.16033396660334,0.308719128087191,0.0630436956304369,0.0665433456654335,0.0661933806619338,0.451104889511049,0.368763123687631,0.124887511248875,0.303019698030197,0.247575242475752,0.164833516648335,0.404359564043596,0.405809419058094,0.171432856714329,0.266573342665733,0.0166983301669833,0.0841915808419158,0.533896610338966,0.64003599640036,0.281171882811719,0.176232376762324,0.53974602539746,0.351364863513649,0.937156284371563,0.0354964503549645,0.170782921707829,0.372362763723628,0.231826817318268,0.156984301569843,0.27957204279572,0.555944405559444,0.166633336666333,0.0858914108589141,0.0207479252074793,0.141935806419358,0.143635636436356,0.177632236776322,0.248475152484752,0.84036596340366,0.397360263973603,0.564043595640436,0.706329367063294
"116",0.691080891910809,0.00464953504649535,0.342965703429657,0.0549445055494451,0.0036996300369963,0.00404959504049595,0.824517548245176,0.0033996600339966,0.0315468453154685,0.143085691430857,0.628287171282872,0.0378462153784622,0.0078992100789921,0.870812918708129,0.00244975502449755,0.14043595640436,0.0983401659834017,0.0057994200579942,0.005999400059994,0.0065993400659934,0.00264973502649735,0.0224477552244776,0.0015998400159984,0.0055994400559944,0.0265973402659734,0.0471952804719528,0.16993300669933,0.0043995600439956,0.121087891210879,0.651334866513349,0.474002599740026,0.0075992400759924,0.0041995800419958,0.334266573342666,0.148435156484352,0.430606939306069,0.092040795920408,0.0157984201579842,0.117988201179882,0.0591940805919408,0.32971702829717,0.0691430856914309,0.00174982501749825,0.263273672632737,0.715928407159284,0.0477452254774523,0.384111588841116,0.0263973602639736,0.292620737926207,0.0996400359964004
"117",0.0968403159684032,0.261373862613739,0.364463553644636,0.0191980801919808,0.779472052794721,0.0204479552044796,0.623787621237876,0.0232976702329767,0.375512448755124,0.25992400759924,0.258474152584742,0.0077992200779922,0.532796720327967,0.0519448055194481,0.802569743025697,0.445055494450555,0.0244975502449755,0.552144785521448,0.0412458754124588,0.568243175682432,0.0281971802819718,0.823867613238676,0.0984401559844016,0.00594940505949405,0.0117988201179882,0.0112988701129887,0.0805919408059194,0.90955904409559,0.0157984201579842,0.53019698030197,0.154434556544346,0.866313368663134,0.440555944405559,0.0398960103989601,0.413108689131087,0.0575442455754425,0.0713928607139286,0.0155984401559844,0.441055894410559,0.869113088691131,0.660683931606839,0.475902409759024,0.326367363263674,0.00534946505349465,0.768973102689731,0.106689331066893,0.756924307569243,0.421007899210079,0.0103989601039896,0.467453254674533
"118",0.041995800419958,0.195430456954305,0.0073992600739926,0.3002699730027,0.931056894310569,0.635736426357364,0.00324967503249675,0.0362463753624638,0.275272472752725,0.0750924907509249,0.074992500749925,0.0077992200779922,0.0384961503849615,0.0020997900209979,0.0255974402559744,0.0725427457254275,0.425207479252075,0.0705929407059294,0.0848915108489151,0.183081691830817,0.0230976902309769,0.185531446855314,0.0741925807419258,0.00584941505849415,0.0345965403459654,0.0327967203279672,0.29007099290071,0.16998300169983,0.0051994800519948,0.061993800619938,0.0016998300169983,0.277872212778722,0.327667233276672,0.117438256174383,0.346865313468653,0.164433556644336,0.0565943405659434,0.562043795620438,0.0036996300369963,0.0516948305169483,0.0677932206779322,0.00724927507249275,0.0050994900509949,0.03999600039996,0.941705829417058,0.0606439356064394,0.44035596440356,0.816418358164184,0.213278672132787,0.0343465653434657
"119",0.019048095190481,0.00474952504749525,0.141235876412359,0.00634936506349365,0.0246475352464754,0.295670432956704,0.0336966303369663,0.0033996600339966,0.0244475552444756,0.67013298670133,0.27007299270073,0.0376962303769623,0.517898210178982,0.438656134386561,0.012048795120488,0.195580441955804,0.00834916508349165,0.411158884111589,0.0060993900609939,0.0066993300669933,0.0383461653834617,0.51034896510349,0.0015998400159984,0.0493450654934507,0.00384961503849615,0.0261473852614739,0.175982401759824,0.0297970202979702,0.00534946505349465,0.755824417558244,0.936756324367563,0.737176282371763,0.140585941405859,0.823067693230677,0.723177682231777,0.971902809719028,0.809469053094691,0.0022997700229977,0.0036996300369963,0.883061693830617,0.0121987801219878,0.204629537046295,0.359114088591141,0.163433656634337,0.141785821417858,0.462253774622538,0.224777522247775,0.499900009999,0.0031996800319968,0.157134286571343
"120",0.39011098890111,0.0653934606539346,0.540495950404959,0.00634936506349365,0.0722427757224278,0.636936306369363,0.422207779222078,0.580791920807919,0.807969203079692,0.0156984301569843,0.103489651034897,0.023047695230477,0.0232476752324768,0.420707929207079,0.281521847815218,0.153484651534847,0.0554444555544446,0.081041895810419,0.0854414558544146,0.665433456654335,0.0177982201779822,0.246975302469753,0.56959304069593,0.121437856214379,0.728177182281772,0.846065393460654,0.808519148085191,0.733926607339266,0.0157484251574843,0.657284271572843,0.0083991600839916,0.824817518248175,0.0583941605839416,0.82041795820418,0.73012698730127,0.483501649835016,0.38976102389761,0.909209079092091,0.747025297470253,0.778272172782722,0.726777322267773,0.00244975502449755,0.471702829717028,0.954904509549045,0.262773722627737,0.344015598440156,0.0182981701829817,0.125937406259374,0.361713828617138,0.683231676832317
"121",0.636386361363864,0.142985701429857,0.514198580141986,0.260673932606739,0.257174282571743,0.404109589041096,0.836516348365164,0.958004199580042,0.544445555444456,0.636236376362364,0.0898410158984102,0.461503849615038,0.705379462053795,0.712228777122288,0.176732326767323,0.177782221777822,0.732676732326767,0.434906509349065,0.901959804019598,0.481951804819518,0.0988401159884012,0.535446455354465,0.276772322767723,0.801369863013699,0.0773922607739226,0.0471452854714529,0.947005299470053,0.495100489951005,0.336116388361164,0.0628437156284372,0.666783321667833,0.302669733026697,0.621587841215878,0.913708629137086,0.748525147485251,0.889061093890611,0.201929807019298,0.766973302669733,0.411208879112089,0.596290370962904,0.0223977602239776,0.474152584741526,0.583341665833417,0.0697430256974303,0.487201279872013,0.132686731326867,0.912908709129087,0.591090890910909,0.196430356964304,0.467603239676032
"122",0.00394960503949605,0.269423057694231,0.618188181181882,0.0429457054294571,0.188481151884812,0.621337866213379,0.127887211278872,0.708029197080292,0.140685931406859,0.24957504249575,0.37006299370063,0.275572442755724,0.166133386661334,0.377612238776122,0.00244975502449755,0.428757124287571,0.526047395260474,0.70997900209979,0.870612938706129,0.348865113488651,0.30951904809519,0.104139586041396,0.0228977102289771,0.674982501749825,0.0261473852614739,0.488501149885011,0.542695730426957,0.315118488151185,0.162383761623838,0.00314968503149685,0.0472952704729527,0.63963603639636,0.666833316668333,0.433756624337566,0.110638936106389,0.168833116688331,0.227977202279772,0.578642135786421,0.283321667833217,0.545045495450455,0.774722527747225,0.230626937306269,0.556144385561444,0.737676232376762,0.265723427657234,0.172332766723328,0.233176682331767,0.542945705429457,0.478952104789521,0.506799320067993
"123",0.00384961503849615,0.144335566443356,0.126987301269873,0.0314968503149685,0.115138486151385,0.871912808719128,0.0695430456954305,0.301119888011199,0.397560243975602,0.498250174982502,0.167183281671833,0.130686931306869,0.321267873212679,0.548045195480452,0.0023997600239976,0.481801819818018,0.00834916508349165,0.100989901009899,0.582941705829417,0.382961703829617,0.415808419158084,0.1998800119988,0.0494450554944506,0.06999300069993,0.471702829717028,0.269223077692231,0.00464953504649535,0.197930206979302,0.0360963903609639,0.0030996900309969,0.512048795120488,0.768873112688731,0.126837316268373,0.0640935906409359,0.752324767523248,0.0910908909109089,0.336616338366163,0.215928407159284,0.84031596840316,0.687931206879312,0.452954704529547,0.475552444755524,0.567993200679932,0.704079592040796,0.561493850614939,0.453204679532047,0.362163783621638,0.991300869913009,0.18988101189881,0.423007699230077
"124",0.00354964503549645,0.00424957504249575,0.00694930506949305,0.0055994400559944,0.00364963503649635,0.00384961503849615,0.00294970502949705,0.0032996700329967,0.0032996700329967,0.0031996800319968,0.006999300069993,0.00714928507149285,0.00744925507449255,0.001999800019998,0.00234976502349765,0.00394960503949605,0.00774922507749225,0.00544945505449455,0.00564943505649435,0.00614938506149385,0.00244975502449755,0.0023997600239976,0.0014998500149985,0.0054994500549945,0.00344965503449655,0.00344965503449655,0.00424957504249575,0.0038996100389961,0.00494950504949505,0.0027997200279972,0.0015998400159984,0.0023997600239976,0.00394960503949605,0.00204979502049795,0.0030996900309969,0.00304969503049695,0.0026997300269973,0.00224977502249775,0.00354964503549645,0.00124987501249875,0.00174982501749825,0.0022997700229977,0.0016998300169983,0.0958904109589041,0.0031996800319968,0.0175982401759824,0.0057994200579942,0.0005999400059994,0.0004999500049995,0.0006999300069993
"125",0.00384961503849615,0.00464953504649535,0.00734926507349265,0.0061993800619938,0.011048895110489,0.00404959504049595,0.00324967503249675,0.0033996600339966,0.00354964503549645,0.00324967503249675,0.00734926507349265,0.00774922507749225,0.00774922507749225,0.0102989701029897,0.00234976502349765,0.0040995900409959,0.0081991800819918,0.00574942505749425,0.005999400059994,0.0064993500649935,0.00254974502549745,0.00254974502549745,0.0046995300469953,0.00564943505649435,0.0038996100389961,0.00364963503649635,0.0044995500449955,0.0043995600439956,0.0051994800519948,0.002999700029997,0.0016998300169983,0.00244975502449755,0.00414958504149585,0.00214978502149785,0.0032996700329967,0.0030996900309969,0.0141485851414859,0.0022997700229977,0.0036996300369963,0.0407459254074593,0.263323667633237,0.0023997600239976,0.00174982501749825,0.616888311168883,0.565593440655934,0.0010998900109989,0.140885911408859,0.0005999400059994,0.0022997700229977,0.0007999200079992
"126",0.569143085691431,0.928557144285571,0.556194380561944,0.531296870312969,0.575742425757424,0.613338666133387,0.157134286571343,0.750824917508249,0.442405759424058,0.344715528447155,0.919108089191081,0.786971302869713,0.235026497350265,0.569193080691931,0.418608139186081,0.916958304169583,0.280921907809219,0.904159584041596,0.254974502549745,0.103489651034897,0.611488851114888,0.643235676432357,0.195480451954805,0.796070392960704,0.767423257674233,0.994700529947005,0.674682531746825,0.725577442255774,0.399460053994601,0.408059194080592,0.0893410658934107,0.847365263473653,0.384611538846115,0.60998900109989,0.199280071992801,0.569393060693931,0.278772122787721,0.393360663933607,0.341115888411159,0.964503549645035,0.505599440055994,0.011998800119988,0.44970502949705,0.586741325867413,0.56014398560144,0.856114388561144,0.807219278072193,0.660633936606339,0.185931406859314,0.385761423857614
"127",0.181081891810819,0.292670732926707,0.506449355064494,0.374362563743626,0.592440755924408,0.623337666233377,0.885311468853115,0.817168283171683,0.0103989601039896,0.887461253874612,0.405959404059594,0.302369763023698,0.539346065393461,0.663883611638836,0.617838216178382,0.803069693030697,0.782471752824717,0.348665133486651,0.707929207079292,0.485551444855514,0.642135786421358,0.20962903709629,0.727277272272773,0.919408059194081,0.697730226977302,0.390910908909109,0.283621637836216,0.20982901709829,0.160583941605839,0.566193380661934,0.2000799920008,0.918758124187581,0.702229777022298,0.485951404859514,0.795270472952705,0.59039096090391,0.270522947705229,0.55044495550445,0.166333366663334,0.401359864013599,0.501049895010499,0.238726127387261,0.366063393660634,0.472602739726027,0.473952604739526,0.554244575542446,0.815768423157684,0.278072192780722,0.301769823017698,0.251724827517248
"128",0.0266973302669733,0.0312468753124688,0.0075992400759924,0.0062993700629937,0.31976802319768,0.235726427357264,0.165633436656334,0.0908909109089091,0.0632936706329367,0.0284971502849715,0.0217978202179782,0.188581141885811,0.198580141985801,0.496550344965503,0.0166483351664834,0.00404959504049595,0.00824917508249175,0.33031696830317,0.0295470452954705,0.0194480551944806,0.273172682731727,0.443805619438056,0.47975202479752,0.100639936006399,0.378712128787121,0.221977802219778,0.387211278872113,0.0043995600439956,0.10988901109889,0.0153984601539846,0.0346965303469653,0.0176982301769823,0.105039496050395,0.00224977502249775,0.493900609939006,0.407159284071593,0.328667133286671,0.248125187481252,0.472252774722528,0.145035496450355,0.260623937606239,0.735926407359264,0.0863913608639136,0.104439556044396,0.878512148785122,0.0705929407059294,0.918658134186581,0.0005999400059994,0.568143185681432,0.456054394560544
"129",0.675132486751325,0.506849315068493,0.0073992600739926,0.0062993700629937,0.322567743225677,0.466303369663034,0.928057194280572,0.115188481151885,0.153834616538346,0.761873812618738,0.189081091890811,0.0677932206779322,0.693130686931307,0.0613438656134387,0.219128087191281,0.00404959504049595,0.0242475752424758,0.462153784621538,0.454204579542046,0.327567243275672,0.0768923107689231,0.954054594540546,0.752924707529247,0.326917308269173,0.079042095790421,0.378312168783122,0.732726727327267,0.258624137586241,0.959504049595041,0.762573742625737,0.548895110488951,0.242775722427757,0.712078792120788,0.00654934506549345,0.328067193280672,0.00944905509449055,0.305269473052695,0.152534746525347,0.518598140185981,0.868213178682132,0.0797420257974203,0.672182781721828,0.154384561543846,0.573092690730927,0.00874912508749125,0.841315868413159,0.108239176082392,0.0005999400059994,0.182781721827817,0.064993500649935
"130",0.673182681731827,0.106889311068893,0.582791720827917,0.673882611738826,0.625887411258874,0.510598940105989,0.281071892810719,0.0427957204279572,0.135936406359364,0.741425857414259,0.703079692030797,0.282571742825717,0.464553544645535,0.0494950504949505,0.497050294970503,0.366163383661634,0.725277472252775,0.13028697130287,0.274372562743726,0.661083891610839,0.161083891610839,0.668483151684832,0.632586741325867,0.204629537046295,0.514548545145485,0.0889411058894111,0.104739526047395,0.101189881011899,0.311618838116188,0.262423757624238,0.486751324867513,0.30991900809919,0.314368563143686,0.661333866613339,0.414008599140086,0.132086791320868,0.695730426957304,0.0286471352864714,0.302219778022198,0.719078092190781,0.789271072892711,0.187881211878812,0.15978402159784,0.177582241775822,0.517348265173483,0.411858814118588,0.0443955604439556,0.91045895410459,0.212778722127787,0.228527147285271
"131",0.794170582941706,0.21997800219978,0.712528747125287,0.32021797820218,0.784121587841216,0.821067893210679,0.275572442755724,0.369063093690631,0.242875712428757,0.723477652234777,0.724177582241776,0.372162783721628,0.476552344765523,0.928607139286071,0.768673132686731,0.339316068393161,0.960553944605539,0.253824617538246,0.441755824417558,0.47955204479552,0.716028397160284,0.274722527747225,0.0225977402259774,0.662683731626837,0.0191980801919808,0.821567843215678,0.209479052094791,0.176482351764824,0.953904609539046,0.904059594040596,0.589341065893411,0.0324967503249675,0.841065893410659,0.264723527647235,0.153184681531847,0.343915608439156,0.368313168683132,0.689131086891311,0.0589441055894411,0.953354664533547,0.0885911408859114,0.392160783921608,0.657284271572843,0.347665233476652,0.132936706329367,0.606539346065394,0.515848415158484,0.785671432856714,0.683881611838816,0.621237876212379
"132",0.281771822817718,0.172582741725827,0.264173582641736,0.76977302269773,0.584891510848915,0.296970302969703,0.22002799720028,0.253524647535246,0.246775322467753,0.378012198780122,0.44015598440156,0.0230976902309769,0.544495550444955,0.724377562243776,0.192030796920308,0.322117788221178,0.582091790820918,0.566843315668433,0.4005099490051,0.58034196580342,0.395160483951605,0.701129887011299,0.358014198580142,0.359014098590141,0.587391260873913,0.278072192780722,0.409359064093591,0.386461353864614,0.246875312468753,0.0614438556144386,0.555994400559944,0.309119088091191,0.342515748425157,0.370512948705129,0.248775122487751,0.467703229677032,0.444105589441056,0.444155584441556,0.813368663133687,0.281671832816718,0.557044295570443,0.22047795220478,0.741375862413759,0.658584141585841,0.121687831216878,0.548995100489951,0.348415158484152,0.0461453854614539,0.0474952504749525,0.565893410658934
"133",0.687031296870313,0.144435556444356,0.00754924507549245,0.0187481251874813,0.230576942305769,0.371062893710629,0.592290770922908,0.0792920707929207,0.0570942905709429,0.586341365863414,0.397410258974103,0.0384461553844616,0.310668933106689,0.0687931206879312,0.0577942205779422,0.387161283871613,0.0243975602439756,0.174332566743326,0.0060993900609939,0.305569443055694,0.0624437556244376,0.146085391460854,0.573142685731427,0.0288971102889711,0.248475152484752,0.121187881211879,0.143535646435356,0.134586541345865,0.24987501249875,0.0499450054994501,0.392110788921108,0.772822717728227,0.849215078492151,0.0154484551544846,0.23002699730027,0.0219478052194781,0.716778322167783,0.153984601539846,0.445305469453055,0.931106889311069,0.476752324767523,0.092040795920408,0.414358564143586,0.131986801319868,0.210878912108789,0.583941605839416,0.168633136686331,0.373262673732627,0.542245775422458,0.878762123787621
"134",0.536446355364464,0.52954704529547,0.736526347365263,0.629337066293371,0.521047895210479,0.509049095090491,0.348265173482652,0.497500249975002,0.383961603839616,0.626187381261874,0.191580841915808,0.748475152484751,0.131386861313869,0.712728727127287,0.395910408959104,0.534446555344466,0.657134286571343,0.601039896010399,0.725877412258774,0.0066993300669933,0.778772122787721,0.11973802619738,0.44040595940406,0.0615938406159384,0.538246175382462,0.810568943105689,0.775272472752725,0.122187781221878,0.816968303169683,0.464403559644036,0.265673432656734,0.84956504349565,0.168533146685331,0.343365663433657,0.767523247675233,0.464403559644036,0.124437556244376,0.492500749925007,0.516298370162984,0.202779722027797,0.0412458754124588,0.388161183881612,0.155534446555344,0.293320667933207,0.634236576342366,0.232426757324268,0.74007599240076,0.648085191480852,0.325667433256674,0.173132686731327
"135",0.468503149685031,0.41995800419958,0.490650934906509,0.0665433456654335,0.189381061893811,0.7000799920008,0.477202279772023,0.304569543045695,0.571292870712929,0.0582441755824418,0.732626737326267,0.0521947805219478,0.263623637636236,0.224177582241776,0.336716328367163,0.178332166783322,0.0837416258374163,0.485801419858014,0.372862713728627,0.0443455654434557,0.799070092990701,0.851314868513149,0.62028797120288,0.0393460653934607,0.468603139686031,0.125487451254875,0.0313968603139686,0.293770622937706,0.0051994800519948,0.43025697430257,0.0311968803119688,0.293770622937706,0.544245575442456,0.857214278572143,0.718928107189281,0.924307569243076,0.583641635836416,0.395510448955105,0.467353264673533,0.828717128287171,0.90955904409559,0.219378062193781,0.0308469153084692,0.706479352064794,0.145635436456354,0.0382961703829617,0.52034796520348,0.685131486851315,0.801869813018698,0.672732726727327
"136",0.488801119888011,0.175882411758824,0.945455454454555,0.543195680431957,0.93040695930407,0.257624237576242,0.138036196380362,0.528697130286971,0.135686431356864,0.123637636236376,0.831016898310169,0.145935406459354,0.169433056694331,0.190980901909809,0.144435556444356,0.816818318168183,0.190830916908309,0.794770522947705,0.402709729027097,0.467603239676032,0.153484651534847,0.445205479452055,0.84961503849615,0.3003699630037,0.150534946505349,0.353064693530647,0.598840115988401,0.0922907709229077,0.421307869213079,0.725627437256274,0.346965303469653,0.598890110988901,0.14003599640036,0.170532946705329,0.141635836416358,0.688081191880812,0.941255874412559,0.605139486051395,0.652284771522848,0.841215878412159,0.408459154084592,0.0856414358564144,0.0775422457754225,0.712228777122288,0.55009499050095,0.732176782321768,0.0196480351964804,0.618488151184882,0.581241875812419,0.350814918508149
"137",0.520947905209479,0.458654134586541,0.546095390460954,0.0667933206679332,0.606939306069393,0.618638136186381,0.744325567443256,0.316768323167683,0.901259874012599,0.448955104489551,0.157434256574343,0.513648635136486,0.133286671332867,0.747175282471753,0.185381461853815,0.594240575942406,0.0851914808519148,0.521047895210479,0.66973302669733,0.0682431756824318,0.759274072592741,0.194680531946805,0.171332866713329,0.747525247475253,0.241675832416758,0.436056394360564,0.4003099690031,0.102389761023898,0.881161883811619,0.442805719428057,0.470952904709529,0.916758324167583,0.0737926207379262,0.417308269173083,0.953404659534047,0.515598440155984,0.804369563043696,0.115788421157884,0.255424457554245,0.0982901709829017,0.774072592740726,0.176382361763824,0.142285771422858,0.166883311668833,0.407659234076592,0.793320667933207,0.120687931206879,0.623837616238376,0.622287771222878,0.429157084291571
"138",0.0490950904909509,0.0578942105789421,0.196830316968303,0.27017298270173,0.0453954604539546,0.885911408859114,0.837416258374163,0.237726227377262,0.566593340665933,0.174782521747825,0.661433856614339,0.204229577042296,0.916558344165583,0.711828817118288,0.662683731626837,0.546045395460454,0.308119188081192,0.390960903909609,0.371812818718128,0.494950504949505,0.465353464653535,0.571092890710929,0.561043895610439,0.410608939106089,0.178982101789821,0.49020097990201,0.421357864213579,0.941055894410559,0.144635536446355,0.681131886811319,0.465603439656034,0.556994300569943,0.277022297770223,0.370962903709629,0.424407559244076,0.468453154684532,0.601439856014399,0.166583341665833,0.592090790920908,0.913058694130587,0.982601739826017,0.68998100189981,0.937056294370563,0.314868513148685,0.0848415158484152,0.374412558744126,0.642485751424858,0.221827817218278,0.474752524747525,0.311368863113689
"139",0.299020097990201,0.23027697230277,0.280821917808219,0.0063993600639936,0.0964403559644036,0.107839216078392,0.276122387761224,0.599440055994401,0.34016598340166,0.133886611338866,0.0877912208779122,0.192830716928307,0.425057494250575,0.0568943105689431,0.165833416658334,0.0506949305069493,0.00834916508349165,0.241375862413759,0.02999700029997,0.330916908309169,0.0077992200779922,0.751374862513749,0.0015998400159984,0.157434256574343,0.0118988101189881,0.0111988801119888,0.45035496450355,0.231576842315768,0.576542345765423,0.611638836116388,0.203829617038296,0.327867213278672,0.0282971702829717,0.628137186281372,0.0896910308969103,0.734326567343266,0.305419458054195,0.77027297270273,0.0184481551844816,0.00364963503649635,0.250674932506749,0.0437956204379562,0.148535146485351,0.13038696130387,0.034996500349965,0.0295470452954705,0.836816318368163,0.504849515048495,0.189131086891311,0.154084591540846
"140",0.604689531046895,0.186731326867313,0.646135386461354,0.691730826917308,0.843715628437156,0.823467653234677,0.536746325367463,0.155184481551845,0.748425157484252,0.0582941705829417,0.554744525547445,0.243975602439756,0.118038196180382,0.038046195380462,0.0446955304469553,0.365763423657634,0.456504349565043,0.542695730426957,0.481351864813519,0.724077592240776,0.0484951504849515,0.843465653434657,0.302169783021698,0.557744225577442,0.538296170382962,0.0684431556844316,0.321367863213679,0.867963203679632,0.534296570342966,0.119088091190881,0.0314468553144686,0.901909809019098,0.299170082991701,0.177482251774823,0.338416158384162,0.242275772422758,0.47950204979502,0.568843115688431,0.14968503149685,0.380861913808619,0.362413758624138,0.356064393560644,0.885111488851115,0.136886311368863,0.0908409159084092,0.482651734826517,0.6997800219978,0.138936106389361,0.0085991400859914,0.375512448755124
"141",0.0114488551144886,0.106489351064894,0.12998700129987,0.697780221977802,0.420807919208079,0.457104289571043,0.673582641735826,0.377362263773623,0.0833416658334167,0.137736226377362,0.236676332366763,0.894910508949105,0.579292070792921,0.584141585841416,0.475052494750525,0.44975502449755,0.225177482251775,0.26017398260174,0.561593840615938,0.797020297970203,0.651584841515848,0.73017698230177,0.520697930206979,0.547995200479952,0.706629337066293,0.159184081591841,0.48990100989901,0.662083791620838,0.846415358464154,0.67018298170183,0.0757924207579242,0.799170082991701,0.143485651434857,0.589191080891911,0.72027797220278,0.37996200379962,0.345015498450155,0.274622537746225,0.756774322567743,0.483251674832517,0.600839916008399,0.412758724127587,0.499600039996,0.902559744025597,0.524447555244476,0.0438956104389561,0.64998500149985,0.418508149185082,0.368713128687131,0.553244675532447
"142",0.0688931106889311,0.24017598240176,0.743625637436256,0.474852514748525,0.201529847015298,0.220977902209779,0.593340665933407,0.791620837916208,0.696430356964304,0.0519448055194481,0.637486251374862,0.022997700229977,0.11958804119588,0.94010598940106,0.0441455854414559,0.807169283071693,0.863213678632137,0.0914908509149085,0.2995700429957,0.785071492850715,0.0478952104789521,0.957754224577542,0.162333766623338,0.977452254774523,0.87031296870313,0.0676432356764324,0.963353664633537,0.0704429557044296,0.814018598140186,0.742875712428757,0.433206679332067,0.786321367863214,0.654634536546345,0.782471752824717,0.922757724227577,0.863913608639136,0.0084991500849915,0.701579842015798,0.201179882011799,0.53014698530147,0.674432556744326,0.816718328167183,0.739076092390761,0.795520447955204,0.499050094990501,0.407959204079592,0.704479552044796,0.376312368763124,0.927607239276072,0.311918808119188
"143",0.0689431056894311,0.370962903709629,0.0902909709029097,0.623137686231377,0.761623837616238,0.413758624137586,0.704579542045795,0.558944105589441,0.715178482151785,0.0575942405759424,0.81021897810219,0.093040695930407,0.494900509949005,0.197430256974303,0.457504249575042,0.0725927407259274,0.691580841915808,0.728477152284772,0.286221377862214,0.4000099990001,0.591990800919908,0.298570142985701,0.367013298670133,0.213428657134287,0.441105889411059,0.324267573242676,0.411908809119088,0.091990800919908,0.0992900709929007,0.631436856314369,0.613738626137386,0.175432456754325,0.0865913408659134,0.375262473752625,0.58009199080092,0.46990300969903,0.618588141185881,0.434356564343566,0.731176882311769,0.122437756224378,0.801519848015198,0.178382161783822,0.870562943705629,0.831266873312669,0.100889911008899,0.7995700429957,0.297770222977702,0.551744825517448,0.597290270972903,0.960503949605039
"144",0.00394960503949605,0.00464953504649535,0.0074992500749925,0.0769423057694231,0.00374962503749625,0.0040995900409959,0.341165883411659,0.0231976802319768,0.367613238676132,0.00324967503249675,0.00744925507449255,0.00784921507849215,0.0078992100789921,0.00994900509949005,0.0023997600239976,0.0040995900409959,0.0081991800819918,0.0057994200579942,0.040995900409959,0.0065993400659934,0.0126987301269873,0.0226977302269773,0.326667333266673,0.0501949805019498,0.00384961503849615,0.0184981501849815,0.00464953504649535,0.0301969803019698,0.00534946505349465,0.00314968503149685,0.00174982501749825,0.0511448855114489,0.135086491350865,0.0192980701929807,0.242025797420258,0.291320867913209,0.0572442755724428,0.0157984201579842,0.00374962503749625,0.448605139486051,0.0017998200179982,0.0023997600239976,0.503849615038496,0.521097890210979,0.292120787921208,0.0297970202979702,0.0067993200679932,0.625187481251875,0.0022997700229977,0.893660633936606
"145",0.864863513648635,0.0407959204079592,0.291570842915708,0.0548445155484452,0.914508549145086,0.936606339366063,0.643585641435856,0.700579942005799,0.516998300169983,0.892360763923608,0.62948705129487,0.304469553044696,0.169333066693331,0.187781221877812,0.21952804719528,0.0349465053494651,0.0705429457054295,0.824067593240676,0.716678332166783,0.865913408659134,0.724477552244776,0.831716828317168,0.29037096290371,0.238026197380262,0.521797820217978,0.524447555244476,0.921557844215578,0.557094290570943,0.616588341165883,0.027047295270473,0.732326767323268,0.634986501349865,0.171432856714329,0.399160083991601,0.407359264073593,0.0750924907509249,0.742675732426757,0.56984301569843,0.804569543045695,0.931356864313569,0.316368363163684,0.821267873212679,0.125037496250375,0.311268873112689,0.694530546945305,0.891010898910109,0.652984701529847,0.891410858914109,0.719178082191781,0.816818318168183
"146",0.649235076492351,0.148135186481352,0.704229577042296,0.225677432256774,0.384311568843116,0.0662933706629337,0.93030696930307,0.306019398060194,0.111588841115888,0.00324967503249675,0.2997700229977,0.0076992300769923,0.0077992200779922,0.0718928107189281,0.283671632836716,0.011998800119988,0.451104889511049,0.180931906809319,0.268323167683232,0.817218278172183,0.244925507449255,0.00254974502549745,0.0106489351064894,0.286971302869713,0.384911508849115,0.00384961503849615,0.146485351464854,0.142035796420358,0.145685431456854,0.728627137286271,0.0050994900509949,0.0733926607339266,0.02004799520048,0.68008199180082,0.121637836216378,0.154834516548345,0.321867813218678,0.222377762223778,0.380811918808119,0.0629437056294371,0.190680931906809,0.00244975502449755,0.0996400359964004,0.091040895910409,0.062993700629937,0.0010998900109989,0.733326667333267,0.751274872512749,0.226577342265773,0.408959104089591
"147",0.649285071492851,0.0574442555744426,0.139086091390861,0.455454454554545,0.294070592940706,0.322167783221678,0.57044295570443,0.557194280571943,0.0240975902409759,0.552244775522448,0.716928307169283,0.781571842815718,0.0928907109289071,0.134086591340866,0.499500049995,0.159034096590341,0.226227377262274,0.904509549045096,0.0934406559344066,0.156234376562344,0.352564743525647,0.00764923507649235,0.621137886211379,0.0396460353964604,0.0642435756424358,0.142635736426357,0.467903209679032,0.257224277572243,0.162233776622338,0.0387961203879612,0.448005199480052,0.215778422157784,0.796620337966203,0.0323467653234677,0.412858714128587,0.558344165583442,0.801919808019198,0.43980601939806,0.0394960503949605,0.00364963503649635,0.517698230176982,0.201579842015798,0.0443455654434557,0.20987901209879,0.783221677832217,0.384261573842616,0.834516548345166,0.0038996100389961,0.031996800319968,0.0250974902509749
"148",0.414758524147585,0.136086391360864,0.41035896410359,0.00644935506449355,0.494000599940006,0.689281071892811,0.63983601639836,0.101739826017398,0.277872212778722,0.357614238576142,0.410708929107089,0.0077992200779922,0.0077992200779922,0.466303369663034,0.197430256974303,0.122337766223378,0.0080991900809919,0.560543945605439,0.176532346765323,0.0571442855714429,0.203079692030797,0.223227677232277,0.242725727427257,0.0394460553944606,0.117538246175382,0.228377162283772,0.433656634336566,0.728377162283772,0.634836516348365,0.742425757424258,0.806669333066693,0.82951704829517,0.311418858114189,0.87021297870213,0.666083391660834,0.449105089491051,0.165233476652335,0.184831516848315,0.161983801619838,0.508749125087491,0.332916708329167,0.0695430456954305,0.454254574542546,0.00184981501849815,0.218178182181782,0.0731426857314269,0.922407759224078,0.95030496950305,0.123587641235876,0.455104489551045
"149",0.0914908509149085,0.0738926107389261,0.0221977802219778,0.551044895510449,0.662033796620338,0.771722827717228,0.133686631336866,0.0302469753024698,0.248875112488751,0.0155984401559844,0.0218478152184782,0.0231476852314769,0.75962403759624,0.0335466453354665,0.0569443055694431,0.333116688331167,0.288821117888211,0.0915908409159084,0.00604939506049395,0.00674932506749325,0.0608439156084392,0.2000799920008,0.26957304269573,0.0171482851714829,0.0908909109089091,0.0611438856114389,0.0478452154784522,0.0710928907109289,0.292870712928707,0.0152484751524848,0.00834916508349165,0.768173182681732,0.255824417558244,0.746725327467253,0.00999900009999,0.842565743425657,0.0718928107189281,0.0532946705329467,0.427057294270573,0.0291970802919708,0.247375262473753,0.117188281171883,0.278622137786221,0.0781421857814219,0.127637236276372,0.666133386661334,0.142585741425857,0.725977402259774,0.407159284071593,0.614688531146885
"150",0.0556444355564444,0.0046995300469953,0.0073992600739926,0.00634936506349365,0.0036996300369963,0.00414958504149585,0.302469753024698,0.00344965503449655,0.125537446255374,0.0395960403959604,0.0073992600739926,0.0661433856614339,0.0078992100789921,0.463603639636036,0.516948305169483,0.00404959504049595,0.00824917508249175,0.0058994100589941,0.0519448055194481,0.00654934506549345,0.0801419858014199,0.0472952704729527,0.531696830316968,0.0286971302869713,0.00384961503849615,0.0685431456854315,0.0044995500449955,0.0043995600439956,0.0470952904709529,0.198330166983302,0.439356064393561,0.0654434556544346,0.0040995900409959,0.0021997800219978,0.0482451754824518,0.00324967503249675,0.0028997100289971,0.738926107389261,0.00364963503649635,0.545845415458454,0.0487451254874513,0.0908409159084092,0.0016998300169983,0.652884711528847,0.244625537446255,0.0239476052394761,0.675032496750325,0.0005999400059994,0.0346965303469653,0.304469553044696
"151",0.00394960503949605,0.0046995300469953,0.0074992500749925,0.0063993600639936,0.238226177382262,0.261173882611739,0.254624537546245,0.00334966503349665,0.287721227877212,0.442205779422058,0.00744925507449255,0.0077992200779922,0.0378462153784622,0.388361163883612,0.0395960403959604,0.0040995900409959,0.00834916508349165,0.05004499550045,0.0515948405159484,0.00654934506549345,0.0423957604239576,0.246575342465753,0.12018798120188,0.0285971402859714,0.003999600039996,0.00384961503849615,0.0309469053094691,0.00444955504449555,0.0155984401559844,0.00314968503149685,0.142635736426357,0.16993300669933,0.484101589841016,0.0021997800219978,0.0033996600339966,0.00324967503249675,0.203279672032797,0.0022997700229977,0.0181981801819818,0.848015198480152,0.274022597740226,0.20967903209679,0.459154084591541,0.505399460053995,0.461953804619538,0.735176482351765,0.526097390260974,0.0005999400059994,0.0155984401559844,0.261523847615239
"152",0.915758424157584,0.632586741325867,0.502249775022498,0.547245275472453,0.452004799520048,0.475452454754525,0.924307569243076,0.690580941905809,0.593140685931407,0.4003599640036,0.65973402659734,0.0077992200779922,0.182681731826817,0.235276472352765,0.809169083091691,0.851714828517148,0.561593840615938,0.629087091290871,0.133986601339866,0.492550744925507,0.857764223577642,0.946055394460554,0.494600539946005,0.426657334266573,0.853264673532647,0.221777822217778,0.559344065593441,0.91960803919608,0.0742925707429257,0.786471352864713,0.242625737426257,0.747675232476752,0.0508949105089491,0.736576342365763,0.844315568443156,0.902109789021098,0.574692530746925,0.560993900609939,0.353614638536146,0.635686431356864,0.0289471052894711,0.537396260373963,0.108239176082392,0.0469453054694531,0.887861213878612,0.847265273472653,0.762073792620738,0.152284771522848,0.144185581441856,0.23017698230177
"153",0.804519548045195,0.761773822617738,0.512298770122988,0.0674432556744326,0.936406359364064,0.948855114488551,0.274672532746725,0.765373462653735,0.0104989501049895,0.436506349365063,0.0760923907609239,0.00794920507949205,0.578842115788421,0.611188881111889,0.258074192580742,0.566993300669933,0.754674532546745,0.434206579342066,0.418458154184582,0.504099590040996,0.69043095690431,0.67018298170183,0.644835516448355,0.411658834116588,0.351964803519648,0.0882911708829117,0.607839216078392,0.759224077592241,0.755824417558244,0.860913908609139,0.89041095890411,0.367263273672633,0.405059494050595,0.380961903809619,0.268573142685731,0.497650234976502,0.757374262573743,0.240925907409259,0.739076092390761,0.384111588841116,0.341665833416658,0.568043195680432,0.0182981701829817,0.016048395160484,0.468503149685031,0.337516248375162,0.0881911808819118,0.286871312868713,0.276922307769223,0.478852114788521
"154",0.909159084091591,0.429257074292571,0.586191380861914,0.293220677932207,0.232976702329767,0.927857214278572,0.0339466053394661,0.404709529047095,0.274322567743226,0.436706329367063,0.261623837616238,0.354314568543146,0.276172382761724,0.0643935606439356,0.614038596140386,0.0426957304269573,0.355214478552145,0.0607439256074393,0.462703729627037,0.0685431456854315,0.0524447555244476,0.382311768823118,0.47960203979602,0.306119388061194,0.118788121187881,0.332166783321668,0.812518748125187,0.245775422457754,0.084041595840416,0.808569143085691,0.51979802019798,0.328967103289671,0.696430356964304,0.866913308669133,0.392910708929107,0.605139486051395,0.292420757924208,0.384161583841616,0.534546545345465,0.68043195680432,0.216778322167783,0.0992900709929007,0.282821717828217,0.635486451354864,0.422957704229577,0.3000699930007,0.523497650234977,0.175982401759824,0.060993900609939,0.592240775922408
"155",0.488101189881012,0.481551844815518,0.375962403759624,0.0557444255574443,0.496950304969503,0.316868313168683,0.00964903509649035,0.515848415158484,0.411558844115588,0.16968303169683,0.280621937806219,0.133236676332367,0.00774922507749225,0.151884811518848,0.417008299170083,0.171032896710329,0.0081991800819918,0.254024597540246,0.0627937206279372,0.0199480051994801,0.0278972102789721,0.0174482551744826,0.0491450854914509,0.101039896010399,0.003999600039996,0.152684731526847,0.338766123387661,0.0467453254674533,0.292420757924208,0.186881311868813,0.237576242375762,0.0076992300769923,0.00414958504149585,0.579442055794421,0.141285871412859,0.21977802219778,0.0083991600839916,0.743525647435257,0.158784121587841,0.188081191880812,0.169083091690831,0.221227877212279,0.899160083991601,0.313268673132687,0.97990200979902,0.0917408259174083,0.955204479552045,0.221227877212279,0.132236776322368,0.421707829217078
"156",0.447205279472053,0.156934306569343,0.226977302269773,0.598390160983902,0.364213578642136,0.754774522547745,0.336816318368163,0.583891610838916,0.740825917408259,0.386961303869613,0.496250374962504,0.235426457354265,0.306669333066693,0.336716328367163,0.53014698530147,0.451604839516048,0.515998400159984,0.187181281871813,0.594790520947905,0.143335666433357,0.460503949605039,0.0914408559144086,0.0602939706029397,0.476902309769023,0.971502849715029,0.0472952704729527,0.424507549245075,0.338266173382662,0.110938906109389,0.905359464053595,0.490950904909509,0.0175482451754825,0.201079892010799,0.589291070892911,0.212678732126787,0.317018298170183,0.183181681831817,0.407709229077092,0.236726327367263,0.48040195980402,0.155234476552345,0.116588341165883,0.652584741525847,0.876712328767123,0.991300869913009,0.0134986501349865,0.906009399060094,0.941605839416058,0.289071092890711,0.0582441755824418
"157",0.547245275472453,0.364613538646135,0.84016598340166,0.578392160783922,0.688181181881812,0.772422757724228,0.495950404959504,0.387311268873113,0.146685331466853,0.373112688731127,0.494400559944006,0.528697130286971,0.861463853614639,0.603389661033897,0.766623337666233,0.0786421357864214,0.955054494550545,0.112388761123888,0.868813118688131,0.691930806919308,0.265173482651735,0.212328767123288,0.916058394160584,0.808019198080192,0.666233376662334,0.0543445655434457,0.0894910508949105,0.655734426557344,0.424457554244576,0.760973902609739,0.534646535346465,0.60983901609839,0.826217378262174,0.0445955404459554,0.282671732826717,0.0642435756424358,0.281971802819718,0.28977102289771,0.827117288271173,0.10953904609539,0.331866813318668,0.111938806119388,0.82976702329767,0.934606539346065,0.597540245975402,0.696580341965803,0.325117488251175,0.723727627237276,0.396660333966603,0.0767923207679232
"158",0.286571342865713,0.203329667033297,0.38016198380162,0.404209579042096,0.666083391660834,0.0436456354364564,0.0684931506849315,0.107939206079392,0.197280271972803,0.248525147485251,0.456804319568043,0.0379462053794621,0.00784921507849215,0.469403059694031,0.192330766923308,0.125137486251375,0.00824917508249175,0.362263773622638,0.182631736826317,0.164133586641336,0.0889411058894111,0.307969203079692,0.480651934806519,0.360513948605139,0.422157784221578,0.266473352664734,0.928057194280572,0.0042995700429957,0.0263473652634737,0.841865813418658,0.954154584541546,0.447555244475552,0.003999600039996,0.946655334466553,0.607889211078892,0.734276572342766,0.331016898310169,0.0735426457354265,0.0181481851814819,0.176482351764824,0.218428157184282,0.218128187181282,0.133886611338866,0.555194480551945,0.234076592340766,0.088041195880412,0.42980701929807,0.7997700229977,0.381211878812119,0.865413458654135
"159",0.851364863513649,0.0313968603139686,0.141735826417358,0.285271472852715,0.482301769823018,0.316718328167183,0.0753924607539246,0.0033996600339966,0.0311468853114689,0.25017498250175,0.0501449855014499,0.146435356464354,0.145335466453355,0.0490950904909509,0.405409459054095,0.254424557544246,0.0081991800819918,0.0396960303969603,0.00604939506049395,0.126087391260874,0.61003899610039,0.432506749325067,0.00154984501549845,0.324567543245675,0.0267973202679732,0.488201179882012,0.454504549545045,0.0541445855414459,0.146585341465853,0.272222777722228,0.914758524147585,0.146235376462354,0.0815918408159184,0.627887211278872,0.722077792220778,0.971402859714029,0.865863413658634,0.0022997700229977,0.0521947805219478,0.792420757924208,0.0447455254474553,0.0165983401659834,0.28027197280272,0.0431956804319568,0.482451754824518,0.091040895910409,0.514248575142486,0.632436756324368,0.50964903509649,0.27047295270473
"160",0.152084791520848,0.645585441455854,0.770972902709729,0.591590840915908,0.438306169383062,0.985651434856514,0.0977402259774023,0.581591840815918,0.101989801019898,0.309119088091191,0.806319368063194,0.63978602139786,0.768273172682732,0.114438556144386,0.91960803919608,0.67028297170283,0.26997300269973,0.547895210478952,0.743275672432757,0.0446455354464554,0.995400459954005,0.453504649535046,0.808069193080692,0.957104289571043,0.314668533146685,0.584391560843916,0.17983201679832,0.713928607139286,0.838866113388661,0.840815918408159,0.919008099190081,0.660933906609339,0.501149885011499,0.834316568343166,0.618088191180882,0.743725627437256,0.381561843815618,0.46030396960304,0.945505449455055,0.525247475252475,0.435256474352565,0.295020497950205,0.332716728327167,0.881261873812619,0.115588441155884,0.684631536846315,0.682481751824818,0.0975902409759024,0.893910608939106,0.722177782221778
"161",0.0624437556244376,0.440855914408559,0.126637336266373,0.0883911608839116,0.205779422057794,0.227727227277272,0.133386661333867,0.124187581241876,0.198580141985801,0.178582141785821,0.24012598740126,0.0794920507949205,0.496300369963004,0.242225777422258,0.563793620637936,0.348615138486151,0.297120287971203,0.439056094390561,0.257624237576242,0.00674932506749325,0.419258074192581,0.0073992600739926,0.107389261073893,0.0610938906109389,0.583991600839916,0.175282471752825,0.433456654334567,0.100589941005899,0.473252674732527,0.587341265873413,0.644385561443856,0.820567943205679,0.0592940705929407,0.513048695130487,0.733226677332267,0.578892110788921,0.644285571442856,0.0861913808619138,0.0651434856514349,0.443405659434057,0.0052994700529947,0.0306969303069693,0.275122487751225,0.311168883111689,0.651034896510349,0.41010898910109,0.882011798820118,0.727427257274273,0.173182681731827,0.538846115388461
"162",0.543295670432957,0.253774622537746,0.364013598640136,0.21022897710229,0.368213178682132,0.395360463953605,0.826417358264174,0.495850414958504,0.372312768723128,0.736276372362764,0.428157184281572,0.022997700229977,0.585741425857414,0.491650834916508,0.394210578942106,0.506599340065993,0.563093690630937,0.3002699730027,0.736626337366263,0.255424457554245,0.542995700429957,0.231626837316268,0.41955804419558,0.0827917208279172,0.54979502049795,0.693030696930307,0.421507849215079,0.769373062693731,0.958054194580542,0.468553144685531,0.560793920607939,0.196380361963804,0.647135286471353,0.663083691630837,0.838816118388161,0.773472652734727,0.590840915908409,0.645085491450855,0.691280871912809,0.413358664133587,0.0897910208979102,0.397810218978102,0.671082891710829,0.813868613138686,0.244975502449755,0.191680831916808,0.413458654134587,0.703729627037296,0.204579542045795,0.0492950704929507
"163",0.47980201979802,0.241025897410259,0.893510648935106,0.315118488151185,0.266573342665733,0.256574342565743,0.217128287171283,0.0605939406059394,0.662283771622838,0.771172882711729,0.127487251274873,0.211078892110789,0.43005699430057,0.622337766223378,0.420557944205579,0.816118388161184,0.392760723927607,0.551794820517948,0.628937106289371,0.542595740425957,0.722827717228277,0.33031696830317,0.563693630636936,0.673432656734327,0.213028697130287,0.253274672532747,0.298170182981702,0.732576742325767,0.155384461553845,0.838566143385661,0.458604139586041,0.427857214278572,0.401559844015598,0.314768523147685,0.516048395160484,0.400859914008599,0.188531146885311,0.0411458854114589,0.321417858214179,0.421507849215079,0.511998800119988,0.167133286671333,0.725577442255774,0.247075292470753,0.467553244675532,0.0817918208179182,0.504749525047495,0.525947405259474,0.410858914108589,0.059044095590441
"164",0.0697430256974303,0.080991900809919,0.0075992400759924,0.0064993500649935,0.326767323267673,0.0121987801219878,0.252074792520748,0.182031796820318,0.0242975702429757,0.387861213878612,0.161283871612839,0.18953104689531,0.0078992100789921,0.0377962203779622,0.134286571342866,0.274972502749725,0.327367263273673,0.128787121287871,0.00614938506149385,0.00654934506549345,0.18988101189881,0.0791420857914209,0.378712128787121,0.15003499650035,0.268273172682732,0.0110988901109889,0.0045995400459954,0.00444955504449555,0.169133086691331,0.178332166783322,0.241475852414759,0.0025997400259974,0.003999600039996,0.00224977502249775,0.0033996600339966,0.00324967503249675,0.578292170782922,0.166333366663334,0.0036996300369963,0.0225477452254775,0.0052994700529947,0.0647935206479352,0.0709429057094291,0.401009899010099,0.011998800119988,0.494200579942006,0.305919408059194,0.285971402859714,0.216078392160784,0.158584141585841
"165",0.00384961503849615,0.0490950904909509,0.0072992700729927,0.0063993600639936,0.0183981601839816,0.0040995900409959,0.0031996800319968,0.0033996600339966,0.00344965503449655,0.0031996800319968,0.00734926507349265,0.00764923507649235,0.0075992400759924,0.00204979502049795,0.00244975502449755,0.01999800019998,0.00824917508249175,0.0611438856114389,0.005999400059994,0.00664933506649335,0.00264973502649735,0.00254974502549745,0.0046995300469953,0.00564943505649435,0.00384961503849615,0.0036996300369963,0.00454954504549545,0.00424957504249575,0.00534946505349465,0.00304969503049695,0.00174982501749825,0.00244975502449755,0.0040995900409959,0.00224977502249775,0.00334966503349665,0.00314968503149685,0.00854914508549145,0.00224977502249775,0.00344965503449655,0.122787721227877,0.00174982501749825,0.0023997600239976,0.0016998300169983,0.00184981501849815,0.0004999500049995,0.0010998900109989,0.216128387161284,0.772572742725727,0.0355964403559644,0.0258974102589741
"166",0.643085691430857,0.175132486751325,0.397210278972103,0.46035396460354,0.671882811718828,0.706829317068293,0.709479052094791,0.959554044595541,0.126937306269373,0.521397860213979,0.384661533846615,0.259074092590741,0.865813418658134,0.153834616538346,0.561743825617438,0.322667733226677,0.203779622037796,0.718678132186781,0.754774522547745,0.195480451954805,0.129387061293871,0.50999900009999,0.0846915308469153,0.368063193680632,0.85976402359764,0.382811718828117,0.234826517348265,0.70967903209679,0.191230876912309,0.888411158884112,0.329017098290171,0.176882311768823,0.324717528247175,0.413908609139086,0.990900909909009,0.540545945405459,0.216778322167783,0.892210778922108,0.258974102589741,0.360663933606639,0.214728527147285,0.532996700329967,0.422557744225577,0.826917308269173,0.944805519448055,0.271722827717228,0.754974502549745,0.571442855714429,0.440905909409059,0.61013898610139
"167",0.844515548445156,0.093040695930407,0.288271172882712,0.282121787821218,0.345965403459654,0.792070792920708,0.464003599640036,0.671332866713329,0.323117688231177,0.914408559144086,0.0213478652134787,0.543945605439456,0.432856714328567,0.865313468653135,0.418908109189081,0.364613538646135,0.377212278772123,0.114438556144386,0.107789221077892,0.347915208479152,0.712978702129787,0.928607139286071,0.553644635536446,0.77992200779922,0.613088691130887,0.837766223377662,0.376412358764124,0.868463153684632,0.239426057394261,0.703079692030797,0.747475252474753,0.934456554344566,0.0849415058494151,0.546245375462454,0.682931706829317,0.293070692930707,0.0126987301269873,0.701529847015299,0.198130186981302,0.54014598540146,0.0555444455554445,0.898760123987601,0.450704929507049,0.6997800219978,0.824267573242676,0.559494050594941,0.546045395460454,0.746375362463754,0.846165383461654,0.412358764123588
"168",0.0704929507049295,0.348415158484152,0.265973402659734,0.227377262273773,0.44995500449955,0.488001199880012,0.0741425857414259,0.0491450854914509,0.0938906109389061,0.397210278972103,0.286521347865213,0.0383461653834617,0.169233076692331,0.511248875112489,0.125687431256874,0.0117488251174883,0.177432256774323,0.407209279072093,0.0060993900609939,0.187581241875812,0.148585141485851,0.061043895610439,0.13998600139986,0.0174482551744826,0.0769423057694231,0.00384961503849615,0.0797920207979202,0.133586641335866,0.026047395260474,0.0847415258474153,0.305369463053695,0.0732426757324268,0.0654434556544346,0.0841415858414159,0.256824317568243,0.118938106189381,0.383711628837116,0.0328467153284672,0.41970802919708,0.316868313168683,0.0323967603239676,0.00724927507249275,0.0212978702129787,0.575092490750925,0.522097790220978,0.0010998900109989,0.233626637336266,0.0547945205479452,0.136436356364364,0.0211978802119788
"169",0.276772322767723,0.747375262473753,0.444105589441056,0.123837616238376,0.670832916708329,0.117338266173383,0.457304269573043,0.24967503249675,0.595190480951905,0.201379862013799,0.723727627237276,0.74982501749825,0.888011198880112,0.801069893010699,0.183181681831817,0.24977502249775,0.274922507749225,0.111438856114389,0.317618238176182,0.365163483651635,0.517248275172483,0.34011598840116,0.872062793720628,0.473052694730527,0.666833316668333,0.0327967203279672,0.429407059294071,0.773972602739726,0.188931106889311,0.229027097290271,0.114538546145385,0.339216078392161,0.61978802119788,0.0454954504549545,0.835566443355664,0.0641435856414359,0.363363663633637,0.409009099090091,0.0732926707329267,0.318018198180182,0.712078792120788,0.891960803919608,0.0151484851514849,0.0367963203679632,0.367863213678632,0.272572742725727,0.636186381361864,0.812568743125687,0.12968703129687,0.211528847115288
"170",0.463503649635036,0.646035396460354,0.501549845015498,0.0431956804319568,0.185681431856814,0.785971402859714,0.607989201079892,0.2000299970003,0.117988201179882,0.217328267173283,0.427357264273573,0.0656934306569343,0.0668933106689331,0.117188281171883,0.623287671232877,0.773372662733727,0.00824917508249175,0.918858114188581,0.384661533846615,0.21997800219978,0.618588141185881,0.447555244475552,0.0196480351964804,0.13978602139786,0.458254174582542,0.179132086791321,0.257374262573743,0.415958404159584,0.194180581941806,0.593690630936906,0.122137786221378,0.282471752824718,0.64988501149885,0.829117088291171,0.495150484951505,0.512748725127487,0.584841515848415,0.142235776422358,0.0108989101089891,0.818168183181682,0.0604939506049395,0.108189181081892,0.747825217478252,0.015998400159984,0.198730126987301,0.478402159784022,0.866213378662134,0.474952504749525,0.0237476252374763,0.715028497150285
"171",0.0116988301169883,0.0227477252274773,0.292570742925707,0.0316968303169683,0.0254474552544746,0.264623537646235,0.515848415158484,0.0101489851014899,0.0103489651034897,0.0803419658034197,0.0359464053594641,0.00784921507849215,0.11963803619638,0.0224977502249775,0.0071992800719928,0.01999800019998,0.03999600039996,0.0286471352864714,0.374412558744126,0.069043095690431,0.00774922507749225,0.208029197080292,0.0857914208579142,0.102139786021398,0.0703429657034297,0.0187481251874813,0.00464953504649535,0.012998700129987,0.0052994700529947,0.072992700729927,0.538796120387961,0.533096690330967,0.0666933306669333,0.00224977502249775,0.714478552144786,0.0031996800319968,0.736276372362764,0.166333366663334,0.0036996300369963,0.462453754624538,0.0937406259374063,0.012048795120488,0.191580841915808,0.243825617438256,0.465453454654535,0.0596440355964404,0.194830516948305,0.718878112188781,0.505549445055494,0.117838216178382
"172",0.136836316368363,0.607789221077892,0.815818418158184,0.955954404559544,0.0733426657334267,0.0724427557244276,0.284171582841716,0.12013798620138,0.312118788121188,0.35021497850215,0.331816818318168,0.131786821317868,0.343165683431657,0.447005299470053,0.0872912708729127,0.407159284071593,0.224177582241776,0.0914908509149085,0.813118688131187,0.415208479152085,0.0426957304269573,0.0647435256474353,0.363113688631137,0.745875412458754,0.0772422757724228,0.0931906809319068,0.324417558244176,0.6995800419958,0.354014598540146,0.107589241075892,0.663333666633337,0.852464753524648,0.555244475552445,0.939156084391561,0.95010498950105,0.0630436956304369,0.0725927407259274,0.176882311768823,0.425607439256074,0.756324367563244,0.460903909609039,0.476652334766523,0.52969703029697,0.622737726227377,0.512148785121488,0.166483351664834,0.761523847615239,0.470802919708029,0.131186881311869,0.488601139886011
"173",0.85971402859714,0.677332266773323,0.80986901309869,0.444355564443556,0.61018898110189,0.296520347965203,0.434406559344066,0.362813718628137,0.0698430156984302,0.405709429057094,0.682181781821818,0.278122187781222,0.785371462853715,0.292270772922708,0.335266473352665,0.904359564043596,0.478202179782022,0.562593740625937,0.214178582141786,0.787271272872713,0.350764923507649,0.502299770022998,0.228977102289771,0.204629537046295,0.563343665633437,0.460603939606039,0.315068493150685,0.18963103689631,0.522497750224977,0.727527247275273,0.251424857514249,0.182581741825817,0.501049895010499,0.176682331766823,0.524397560243976,0.0689431056894311,0.404759524047595,0.267623237676232,0.0973402659734027,0.0586441355864414,0.210878912108789,0.694880511948805,0.254524547545245,0.417558244175582,0.793520647935206,0.792420757924208,0.907059294070593,0.75032496750325,0.0796920307969203,0.743525647435257
"174",0.239076092390761,0.845915408459154,0.561593840615938,0.51994800519948,0.224827517248275,0.246575342465753,0.198530146985301,0.88021197880212,0.463953604639536,0.384761523847615,0.125187481251875,0.582141785821418,0.0803919608039196,0.138436156384362,0.119338066193381,0.964003599640036,0.845065493450655,0.2002799720028,0.346615338466153,0.746475352464753,0.601739826017398,0.706979302069793,0.0137486251374863,0.492550744925507,0.169283071692831,0.952954704529547,0.862313768623138,0.0461953804619538,0.820567943205679,0.57039296070393,0.230526947305269,0.275222477752225,0.401559844015598,0.0404959504049595,0.304769523047695,0.0582441755824418,0.050994900509949,0.776372362763724,0.81981801819818,0.200929907009299,0.743825617438256,0.8004199580042,0.0808919108089191,0.397110288971103,0.162733726627337,0.712578742125787,0.397010298970103,0.81966803319668,0.365963403659634,0.833266673332667
"175",0.635636436356364,0.578192180781922,0.688981101889811,0.100689931006899,0.621137886211379,0.875312468753125,0.23967603239676,0.561893810618938,0.0635436456354365,0.144135586441356,0.790820917908209,0.702529747025297,0.762423757624238,0.344065593440656,0.714978502149785,0.814268573142686,0.12963703629637,0.241625837416258,0.322117788221178,0.137336266373363,0.0857914208579142,0.540595940405959,0.136136386361364,0.683581641835816,0.548445155484452,0.326317368263174,0.197230276972303,0.564093590640936,0.172682731726827,0.592640735926407,0.0816418358164184,0.614788521147885,0.776622337766223,0.661433856614339,0.62968703129687,0.599240075992401,0.776572342765723,0.429107089291071,0.43975602439756,0.686831316868313,0.292320767923208,0.385461453854615,0.566843315668433,0.871012898710129,0.267273272672733,0.280821917808219,0.801069893010699,0.923857614238576,0.46970302969703,0.5
"176",0.702279772022798,0.0398460153984602,0.0636436356364364,0.683581641835816,0.91025897410259,0.694530546945305,0.364863513648635,0.0297470252974703,0.322767723227677,0.00314968503149685,0.159084091590841,0.454354564543546,0.18988101189881,0.407059294070593,0.0023997600239976,0.0347465253474653,0.296070392960704,0.224827517248275,0.817368263173683,0.754124587541246,0.184081591840816,0.822667733226677,0.325917408259174,0.470602939706029,0.234576542345765,0.0112988701129887,0.776422357764224,0.281221877812219,0.245075492450755,0.632736726327367,0.519348065193481,0.332616738326167,0.556444355564444,0.822867713228677,0.637236276372363,0.873712628737126,0.446405359464054,0.72977702229777,0.084991500849915,0.305619438056194,0.906359364063594,0.312118788121188,0.112838716128387,0.107189281071893,0.100689931006899,0.348015198480152,0.536596340365963,0.618088191180882,0.396310368963104,0.674732526747325
"177",0.324017598240176,0.374162583741626,0.88981101889811,0.241425857414259,0.798370162983702,0.208179182081792,0.341865813418658,0.713778622137786,0.0035996400359964,0.00324967503249675,0.701179882011799,0.785971402859714,0.451254874512549,0.854664533546645,0.00244975502449755,0.204079592040796,0.0973902609739026,0.222227777222278,0.444455554444556,0.112688731126887,0.557544245575442,0.71962803719628,0.47040295970403,0.501099890010999,0.324317568243176,0.388811118888111,0.182531746825317,0.750624937506249,0.603889611038896,0.554194580541946,0.98990100989901,0.824467553244676,0.366813318668133,0.771522847715228,0.190630936906309,0.227577242275772,0.363013698630137,0.582941705829417,0.776472352764723,0.721977802219778,0.723877612238776,0.418208179182082,0.0628437156284372,0.716678332166783,0.453804619538046,0.532746725327467,0.0963903609639036,0.62973702629737,0.252874712528747,0.505349465053495
"178",0.287771222877712,0.855814418558144,0.404959504049595,0.56044395560444,0.213228677132287,0.220877912208779,0.213278672132787,0.511898810118988,0.810518948105189,0.473952604739526,0.548945105489451,0.700779922007799,0.624837516248375,0.23982601739826,0.557294270572943,0.217228277172283,0.298120187981202,0.855764423557644,0.954304569543046,0.277322267773223,0.294020597940206,0.561843815618438,0.394710528947105,0.344815518448155,0.0416958304169583,0.252674732526747,0.244725527447255,0.176832316768323,0.369213078692131,0.843415658434157,0.124287571242876,0.826117388261174,0.37956204379562,0.705329467053295,0.813418658134187,0.135436456354365,0.181781821817818,0.956704329567043,0.765723427657234,0.343065693430657,0.915958404159584,0.880961903809619,0.128037196280372,0.818568143185681,0.82006799320068,0.516998300169983,0.774672532746725,0.858164183581642,0.717378262173783,0.771722827717228
"179",0.298270172982702,0.409409059094091,0.346565343465653,0.112738726127387,0.282271772822718,0.420957904209579,0.66013398660134,0.408509149085092,0.0579442055794421,0.179482051794821,0.523697630236976,0.496700329967003,0.928907109289071,0.60963903609639,0.208279172082792,0.207329267073293,0.139086091390861,0.451054894510549,0.590940905909409,0.243325667433257,0.493600639936006,0.244525547445255,0.215228477152285,0.0925407459254075,0.366063393660634,0.805919408059194,0.637636236376362,0.404759524047595,0.00534946505349465,0.762973702629737,0.102839716028397,0.0515948405159484,0.348415158484152,0.82001799820018,0.727127287271273,0.754974502549745,0.446055394460554,0.828417158284172,0.761573842615738,0.92050794920508,0.0155984401559844,0.886311368863114,0.147885211478852,0.709179082091791,0.924757524247575,0.761023897610239,0.111888811118888,0.828667133286671,0.376862313768623,0.487751224877512
"180",0.123837616238376,0.0046995300469953,0.00754924507549245,0.00634936506349365,0.0036996300369963,0.00404959504049595,0.201229877012299,0.00344965503449655,0.00354964503549645,0.0341965803419658,0.0073992600739926,0.00774922507749225,0.0075992400759924,0.0020997900209979,0.0790920907909209,0.003999600039996,0.00804919508049195,0.00594940505949405,0.00604939506049395,0.00664933506649335,0.041995800419958,0.00254974502549745,0.0015998400159984,0.00584941505849415,0.003999600039996,0.0468453154684532,0.00454954504549545,0.00444955504449555,0.0053994600539946,0.0999900009999,0.1002899710029,0.00754924507549245,0.0201979802019798,0.0021997800219978,0.00334966503349665,0.00324967503249675,0.629337066293371,0.0022997700229977,0.00364963503649635,0.00124987501249875,0.612788721127887,0.0023997600239976,0.0622937706229377,0.576092390760924,0.613888611138886,0.0136986301369863,0.585841415858414,0.0413958604139586,0.0287971202879712,0.14043595640436
"181",0.168233176682332,0.248225177482252,0.151234876512349,0.0064993500649935,0.159384061593841,0.0593440655934407,0.00964903509649035,0.0670932906709329,0.251274872512749,0.0094990500949905,0.191730826917308,0.0077992200779922,0.00774922507749225,0.122537746225377,0.10993900609939,0.837366263373663,0.00834916508349165,0.0285971402859714,0.113938606139386,0.0198480151984802,0.106889311068893,0.0024997500249975,0.0137986201379862,0.0171482851714829,0.00394960503949605,0.143885611438856,0.0225977402259774,0.0624437556244376,0.188531146885311,0.135086491350865,0.490600939906009,0.0658434156584342,0.115238476152385,0.208729127087291,0.627787221277872,0.674532546745325,0.100989901009899,0.0454954504549545,0.0837416258374163,0.00124987501249875,0.0646935306469353,0.0071992800719928,0.228477152284772,0.367863213678632,0.583691630836916,0.0010998900109989,0.306019398060194,0.615388461153885,0.733476652334767,0.536296370362964
"182",0.398610138986101,0.624537546245375,0.362713728627137,0.182381761823818,0.823217678232177,0.458504149585041,0.215078492150785,0.293370662933707,0.130836916308369,0.707379262073793,0.413008699130087,0.522297770222978,0.56049395060494,0.0486951304869513,0.432206779322068,0.561043895610439,0.580741925807419,0.872512748725128,0.175082491750825,0.186731326867313,0.0801919808019198,0.819418058194181,0.571742825717428,0.2002299770023,0.116238376162384,0.114788521147885,0.606539346065394,0.131386861313869,0.81951804819518,0.737376262373763,0.325467453254675,0.393610638936106,0.58049195080492,0.43995600439956,0.521797820217978,0.55029497050295,0.0862913708629137,0.211328867113289,0.152384761523848,0.0384461553844616,0.112388761123888,0.213478652134787,0.415858414158584,0.591640835916408,0.497250274972503,0.407359264073593,0.526897310268973,0.951204879512049,0.526347365263474,0.498550144985501
"183",0.155184481551845,0.110938906109389,0.151284871512849,0.0064993500649935,0.0392460753924608,0.191030896910309,0.0794920507949205,0.00344965503449655,0.407109289071093,0.00324967503249675,0.307169283071693,0.0078992100789921,0.203079692030797,0.158234176582342,0.276322367763224,0.0716928307169283,0.04004599540046,0.0058994100589941,0.0060993900609939,0.032046795320468,0.155984401559844,0.0025997400259974,0.44950504949505,0.165983401659834,0.098040195980402,0.0686431356864314,0.111188881111889,0.00444955504449555,0.152584741525847,0.474952504749525,0.157334266573343,0.0319468053194681,0.0733426657334267,0.367863213678632,0.258224177582242,0.460803919608039,0.266573342665733,0.0022997700229977,0.0666433356664334,0.0035996400359964,0.15953404659534,0.0070992900709929,0.00514948505149485,0.0464953504649535,0.25032496750325,0.0196980301969803,0.643535646435356,0.504399560043996,0.698730126987301,0.0358464153584642
"184",0.856214378562144,0.4000599940006,0.595890410958904,0.346565343465653,0.468203179682032,0.126887311268873,0.0568443155684432,0.0294970502949705,0.651834816518348,0.232476752324768,0.111088891110889,0.517148285171483,0.224277572242776,0.159084091590841,0.188431156884312,0.424257574242576,0.0237476252374763,0.268623137686231,0.0959404059594041,0.0326967303269673,0.196630336966303,0.585341465853415,0.0374962503749625,0.481551844815518,0.00394960503949605,0.269323067693231,0.71977802219778,0.595790420957904,0.501399860013999,0.897510248975102,0.135986401359864,0.857514248575142,0.205279472052795,0.172632736726327,0.232176782321768,0.232326767323268,0.0917408259174083,0.0365963403659634,0.941305869413059,0.0108489151084892,0.0708429157084292,0.0741425857414259,0.238276172382762,0.0333466653334667,0.104739526047395,0.146385361463854,0.728777122287771,0.871762823717628,0.0388461153884612,0.86016398360164
"185",0.0038996100389961,0.0898410158984102,0.0074992500749925,0.00644935506449355,0.0036996300369963,0.00404959504049595,0.00324967503249675,0.0233476652334767,0.00354964503549645,0.0346965303469653,0.0073992600739926,0.00764923507649235,0.00784921507849215,0.00204979502049795,0.065993400659934,0.003999600039996,0.0080991900809919,0.130536946305369,0.0060993900609939,0.0195980401959804,0.00264973502649735,0.00254974502549745,0.0015998400159984,0.00584941505849415,0.276722327767223,0.0113988601139886,0.365763423657634,0.013048695130487,0.00524947505249475,0.00314968503149685,0.199230076992301,0.0025997400259974,0.0512448755124488,0.25962403759624,0.0164983501649835,0.128187181281872,0.00284971502849715,0.0156484351564844,0.00374962503749625,0.0177982201779822,0.0017998200179982,0.00234976502349765,0.0345965403459654,0.0841415858414159,0.144635536446355,0.0031996800319968,0.182381761823818,0.0843915608439156,0.19013098690131,0.033996600339966
"186",0.389061093890611,0.836116388361164,0.103989601039896,0.489251074892511,0.707329267073293,0.743575642435756,0.758424157584242,0.0971902809719028,0.686431356864314,0.520647935206479,0.34956504349565,0.106339366063394,0.874412558744126,0.253124687531247,0.753224677532247,0.132636736326367,0.404309569043096,0.0813918608139186,0.0060993900609939,0.0566943305669433,0.257724227577242,0.566243375662434,0.480551944805519,0.187631236876312,0.633136686331367,0.383211678832117,0.683981601839816,0.356314368563144,0.21047895210479,0.785721427857214,0.271472852714729,0.151384861513849,0.782421757824218,0.609439056094391,0.458654134586541,0.658434156584342,0.623137686231377,0.066993300669933,0.543795620437956,0.353514648535146,0.795670432956704,0.0303469653034697,0.00514948505149485,0.766873312668733,0.0354464553544646,0.206729327067293,0.250524947505249,0.413508649135087,0.0645435456454355,0.557344265573443
"187",0.0899410058994101,0.014048595140486,0.0902909709029097,0.0192480751924808,0.328317168283172,0.109089091090891,0.0579442055794421,0.0792420757924208,0.0571442855714429,0.164183581641836,0.18013198680132,0.0673432656734327,0.092990700929907,0.370912908709129,0.0572442755724428,0.165583441655834,0.186981301869813,0.157234276572343,0.00614938506149385,0.0066993300669933,0.0923407659234077,0.0221977802219778,0.516248375162484,0.05004499550045,0.0117988201179882,0.335816418358164,0.0799420057994201,0.231576842315768,0.259424057594241,0.0269473052694731,0.0927407259274073,0.589091090890911,0.217678232176782,0.0403459654034597,0.0658934106589341,0.0573942605739426,0.0771922807719228,0.265673432656734,0.0107989201079892,0.370912908709129,0.00524947505249475,0.0571942805719428,0.12018798120188,0.735576442355764,0.554494550544945,0.28002199780022,0.406959304069593,0.110788921107889,0.103239676032397,0.53024697530247
"188",0.63953604639536,0.505349465053495,0.235676432356764,0.593490650934906,0.32036796320368,0.808769123087691,0.797870212978702,0.588391160883912,0.592640735926407,0.884061593840616,0.847015298470153,0.39026097390261,0.873562643735626,0.628637136286371,0.485251474852515,0.198480151984802,0.319118088191181,0.883261673832617,0.250974902509749,0.79027097290271,0.506149385061494,0.763623637636236,0.56004399560044,0.271572842715728,0.386361363863614,0.166883311668833,0.8000199980002,0.665783421657834,0.623187681231877,0.705179482051795,0.841365863413659,0.622237776222378,0.46965303469653,0.701629837016298,0.923257674232577,0.720677932206779,0.438356164383562,0.588641135886411,0.714928507149285,0.440755924407559,0.5998900109989,0.00244975502449755,0.695530446955304,0.515248475152485,0.92955704429557,0.675282471752825,0.952704729527047,0.988301169883012,0.52029797020298,0.104589541045895
"189",0.83996600339966,0.253374662533747,0.81991800819918,0.316118388161184,0.184881511848815,0.218578142185781,0.57979202079792,0.587491250874912,0.178832116788321,0.67018298170183,0.403709629037096,0.0075992400759924,0.794770522947705,0.620887911208879,0.53969603039696,0.0040995900409959,0.124337566243376,0.472002799720028,0.313918608139186,0.396310368963104,0.462153784621538,0.0316968303169683,0.516798320167983,0.202529747025297,0.659334066593341,0.173682631736826,0.639286071392861,0.0294970502949705,0.00534946505349465,0.4000599940006,0.674582541745825,0.0692930706929307,0.375862413758624,0.366813318668133,0.22047795220478,0.467003299670033,0.376512348765123,0.671232876712329,0.0246975302469753,0.0915408459154085,0.164283571642836,0.00244975502449755,0.053994600539946,0.0885911408859114,0.195630436956304,0.516048395160484,0.572192780721928,0.15023497650235,0.0261473852614739,0.362263773622638
"190",0.548745125487451,0.0985401459854015,0.00754924507549245,0.00644935506449355,0.00374962503749625,0.0040995900409959,0.35036496350365,0.683681631836816,0.627287271272873,0.062043795620438,0.0072992700729927,0.00784921507849215,0.0526447355264474,0.0020997900209979,0.41010898910109,0.00404959504049595,0.00824917508249175,0.0172482751724828,0.0628437156284372,0.385161483851615,0.0522447755224478,0.173382661733827,0.325267473252675,0.233626637336266,0.174132586741326,0.350864913508649,0.251724827517248,0.202629737026297,0.101539846015398,0.00314968503149685,0.638836116388361,0.496350364963504,0.109089091090891,0.663083691630837,0.0658934106589341,0.413458654134587,0.404259574042596,0.550544945505449,0.010998900109989,0.0892910708929107,0.593190680931907,0.0527447255274473,0.00504949505049495,0.197480251974803,0.484851514848515,0.119488051194881,0.439106089391061,0.684931506849315,0.215878412158784,0.715028497150285
"191",0.308369163083692,0.106489351064894,0.308819118088191,0.0432956704329567,0.058044195580442,0.064993500649935,0.122237776222378,0.337316268373163,0.408259174082592,0.257174282571743,0.514698530146985,0.1999300069993,0.0382461753824618,0.126787321267873,0.204529547045295,0.228527147285271,0.0550944905509449,0.376712328767123,0.0295470452954705,0.22022797720228,0.00264973502649735,0.0126487351264874,0.27032296770323,0.242575742425757,0.167733226677332,0.145585441455854,0.327167283271673,0.710628937106289,0.129037096290371,0.223727627237276,0.862063793620638,0.156834316568343,0.284471552844716,0.713428657134287,0.175132486751325,0.192930706929307,0.477552244775522,0.490650934906509,0.115188481151885,0.0107989201079892,0.0289471052894711,0.311368863113689,0.0117988201179882,0.207079292070793,0.938256174382562,0.373862613738626,0.231276872312769,0.174032596740326,0.109339066093391,0.0687431256874313
"192",0.182131786821318,0.643835616438356,0.621087891210879,0.278422157784222,0.528197180281972,0.136836316368363,0.415158484151585,0.517848215178482,0.452254774522548,0.874912508749125,0.201829817018298,0.188831116888311,0.203229677032297,0.633936606339366,0.61008899110089,0.524497550244975,0.0696930306969303,0.294470552944706,0.173432656734327,0.322867713228677,0.393860613938606,0.834066593340666,0.210628937106289,0.0611438856114389,0.202129787021298,0.113138686131387,0.757224277572243,0.221327867213279,0.883261673832617,0.421407859214079,0.715478452154785,0.20982901709829,0.115588441155884,0.0679432056794321,0.3004699530047,0.307969203079692,0.84051594840516,0.55039496050395,0.201929807019298,0.0693430656934307,0.49035096490351,0.107289271072893,0.0183481651834817,0.0268473152684732,0.528397160283972,0.416308369163084,0.644285571442856,0.955404459554045,0.50959904009599,0.83991600839916
"193",0.787821217878212,0.332766723327667,0.259174082591741,0.785471452854715,0.808119188081192,0.0359464053594641,0.602789721027897,0.752574742525747,0.737726227377262,0.466103389661034,0.533246675332467,0.35041495850415,0.107889211078892,0.781521847815218,0.652534746525347,0.735026497350265,0.856564343565643,0.159084091590841,0.381461853814619,0.713078692130787,0.241825817418258,0.858164183581642,0.734126587341266,0.926007399260074,0.174332566743326,0.757374262573743,0.397860213978602,0.522947705229477,0.468553144685531,0.119088091190881,0.451554844515548,0.446255374462554,0.80996900309969,0.224727527247275,0.197230276972303,0.303769623037696,0.277272272772723,0.654734526547345,0.849215078492151,0.228927107289271,0.182031796820318,0.485751424857514,0.601439856014399,0.726127387261274,0.913608639136086,0.21962803719628,0.463503649635036,0.56049395060494,0.865063493650635,0.155584441555844
"194",0.195930406959304,0.0493450654934507,0.31036896310369,0.438456154384562,0.0452454754524548,0.050994900509949,0.0154984501549845,0.0358964103589641,0.178132186781322,0.243775622437756,0.0360963903609639,0.0228977102289771,0.202929707029297,0.238726127387261,0.127087291270873,0.163833616638336,0.00814918508149185,0.157634236576342,0.0627437256274373,0.143285671432857,0.0751924807519248,0.0698930106989301,0.00764923507649235,0.711678832116788,0.270822917708229,0.133586641335866,0.183881611838816,0.216928307169283,0.015998400159984,0.243975602439756,0.141485851414859,0.418158184181582,0.834066593340666,0.545895410458954,0.55004499550045,0.117038296170383,0.0141985801419858,0.0244475552444756,0.103639636036396,0.0339466053394661,0.0086991300869913,0.00244975502449755,0.00514948505149485,0.0695930406959304,0.306019398060194,0.0404959504049595,0.79012098790121,0.828867113288671,0.0825917408259174,0.181981801819818
"195",0.448905109489051,0.155884411558844,0.0368963103689631,0.539296070392961,0.066993300669933,0.00404959504049595,0.234976502349765,0.0727927207279272,0.178332166783322,0.118788121187881,0.145135486451355,0.00784921507849215,0.200579942005799,0.313618638136186,0.500699930006999,0.359414058594141,0.0695930406959304,0.12998700129987,0.262123787621238,0.715828417158284,0.0748925107489251,0.0025997400259974,0.103989601039896,0.0280971902809719,0.0491950804919508,0.00384961503849615,0.433256674332567,0.417008299170083,0.0921907809219078,0.0387961203879612,0.271722827717228,0.241075892410759,0.134136586341366,0.558294170582942,0.57044295570443,0.348065193480652,0.118488151184882,0.0497450254974503,0.535296470352965,0.024997500249975,0.0939406059394061,0.0988401159884012,0.0312468753124688,0.0906409359064094,0.366663333666633,0.0197480251974803,0.613888611138886,0.303869613038696,0.551044895510449,0.131836816318368
"196",0.75967403259674,0.818868113188681,0.336766323367663,0.110688931106889,0.63973602639736,0.56014398560144,0.27967203279672,0.0357964203579642,0.504049595040496,0.741825817418258,0.264273572642736,0.037996200379962,0.0078992100789921,0.62023797620238,0.863963603639636,0.241275872412759,0.0239476052394761,0.812268773122688,0.25987401259874,0.577542245775422,0.120787921207879,0.0124487551244876,0.587291270872913,0.426607339266073,0.0193480651934807,0.426607339266073,0.327067293270673,0.0219478052194781,0.0260973902609739,0.832616738326167,0.847965203479652,0.606389361063894,0.260723927607239,0.0237476252374763,0.222227777222278,0.0156984301569843,0.47045295470453,0.37976202379762,0.614638536146385,0.526597340265973,0.0153984601539846,0.038996100389961,0.160533946605339,0.15978402159784,0.202529747025297,0.152534746525347,0.855214478552145,0.624087591240876,0.826567343265673,0.748875112488751
"197",0.234826517348265,0.697430256974303,0.40975902409759,0.256874312568743,0.0251974802519748,0.0281471852814719,0.246275372462754,0.842765723427657,0.152184781521848,0.206929307069293,0.114538546145385,0.0382961703829617,0.0378962103789621,0.360863913608639,0.27047295270473,0.707579242075792,0.264073592640736,0.563743625637436,0.507949205079492,0.288121187881212,0.402459754024598,0.285021497850215,0.703979602039796,0.381961803819618,0.739226077392261,0.680581941805819,0.413058694130587,0.0706929307069293,0.130736926307369,0.23032696730327,0.315568443155684,0.200729927007299,0.445005499450055,0.356364363563644,0.274722527747225,0.316118388161184,0.517448255174483,0.363463653634637,0.807619238076192,0.385161483851615,0.0120987901209879,0.420607939206079,0.724177582241776,0.008999100089991,0.808569143085691,0.141885811418858,0.0342965703429657,0.510598940105989,0.471102889711029,0.0966903309669033
"198",0.102639736026397,0.120987901209879,0.692680731926807,0.15958404159584,0.11008899110089,0.122087791220878,0.00314968503149685,0.323317668233177,0.112688731126887,0.419408059194081,0.32026797320268,0.568443155684432,0.0377462253774623,0.0259474052594741,0.277122287771223,0.165983401659834,0.246125387461254,0.182481751824818,0.282771722827717,0.62023797620238,0.0177982201779822,0.190530946905309,0.283021697830217,0.173282671732827,0.466653334666533,0.188281171882812,0.095990400959904,0.0298970102989701,0.563843615638436,0.0942405759424058,0.432156784321568,0.0601439856014399,0.605039496050395,0.0491950804919508,0.0228477152284772,0.0685931406859314,0.387111288871113,0.506599340065993,0.0182481751824818,0.601039896010399,0.663933606639336,0.346315368463154,0.31966803319668,0.736626337366263,0.0834916508349165,0.49005099490051,0.637936206379362,0.953104689531047,0.183331666833317,0.24962503749625
"199",0.0340965903409659,0.391460853914609,0.00754924507549245,0.0189481051894811,0.12978702129787,0.0122487751224878,0.429057094290571,0.0907909209079092,0.0035996400359964,0.205879412058794,0.0494950504949505,0.023047695230477,0.00774922507749225,0.143735626437356,0.648985101489851,0.356414358564144,0.125837416258374,0.0815918408159184,0.00604939506049395,0.202379762023798,0.0661933806619338,0.360563943605639,0.0046995300469953,0.00574942505749425,0.0038996100389961,0.382711728827117,0.0136986301369863,0.0042995700429957,0.0158484151584842,0.0391960803919608,0.117438256174383,0.0314468553144686,0.237976202379762,0.0282471752824718,0.0228477152284772,0.0158984101589841,0.395610438956104,0.0619438056194381,0.134136586341366,0.744675532446755,0.0017998200179982,0.102489751024898,0.683631636836316,0.0627937206279372,0.145135486451355,0.0132986701329867,0.784921507849215,0.906159384061594,0.0348965103489651,0.0154484551544846
"200",0.127787221277872,0.150534946505349,0.516298370162984,0.426807319268073,0.435356464353565,0.474202579742026,0.257824217578242,0.0032996700329967,0.112038796120388,0.807819218078192,0.750474952504749,0.0077992200779922,0.0381461853814619,0.353614638536146,0.0898410158984102,0.0638936106389361,0.0550944905509449,0.0811918808119188,0.0060993900609939,0.265123487651235,0.0127987201279872,0.0272472752724728,0.0935406459354065,0.172432756724328,0.003999600039996,0.0183481651834817,0.333616638336166,0.0468953104689531,0.0052994700529947,0.0991900809919008,0.527097290270973,0.243725627437256,0.648185181481852,0.755224477552245,0.162133786621338,0.034046595340466,0.753524647535247,0.0022997700229977,0.0651934806519348,0.0656934306569343,0.407209279072093,0.00244975502449755,0.214328567143286,0.693280671932807,0.836466353364664,0.0052994700529947,0.0435956404359564,0.654284571542846,0.388761123887611,0.71972802719728
"201",0.648835116488351,0.315268473152685,0.0367963203679632,0.153734626537346,0.326917308269173,0.354714528547145,0.904659534046595,0.03004699530047,0.256624337566243,0.185481451854815,0.496000399960004,0.133286671332867,0.0945405459454055,0.0487951204879512,0.619138086191381,0.886961303869613,0.0853914608539146,0.128287171282872,0.0526947305269473,0.64008599140086,0.358314168583142,0.227677232276772,0.0138986101389861,0.00584941505849415,0.003999600039996,0.273122687731227,0.447905209479052,0.305269473052695,0.0943905609439056,0.229177082291771,0.522047795220478,0.358714128587141,0.483051694830517,0.212128787121288,0.415408459154085,0.271322867713229,0.429257074292571,0.02004799520048,0.234976502349765,0.892260773922608,0.505849415058494,0.0390960903909609,0.0084991500849915,0.023047695230477,0.412208779122088,0.0052994700529947,0.242925707429257,0.458504149585041,0.105789421057894,0.438706129387061
"202",0.420757924207579,0.0897410258974103,0.115488451154885,0.233976602339766,0.0713928607139286,0.421157884211579,0.0630936906309369,0.268373162683732,0.0242475752424758,0.578092190780922,0.520947905209479,0.464003599640036,0.464153584641536,0.173882611738826,0.199180081991801,0.551394860513949,0.0992900709929007,0.109039096090391,0.674282571742826,0.514298570142986,0.214728527147285,0.0272472752724728,0.0077992200779922,0.944005599440056,0.0418458154184582,0.232776722327767,0.221977802219778,0.34966503349665,0.436856314368563,0.515698430156984,0.521597840215978,0.314518548145185,0.0794920507949205,0.117588241175882,0.289221077892211,0.161733826617338,0.233376662333767,0.191580841915808,0.243225677432257,0.166583341665833,0.326317368263174,0.514448555144486,0.112788721127887,0.132636736326367,0.114638536146385,0.0938406159384062,0.747875212478752,0.839066093390661,0.291070892910709,0.373862613738626
"203",0.0484451554844516,0.0574442555744426,0.0637436256374363,0.463503649635036,0.16978302169783,0.321767823217678,0.492300769923008,0.0297970202979702,0.0686431356864314,0.462253774622538,0.0074992500749925,0.066043395660434,0.537446255374463,0.372912708729127,0.0303969603039696,0.484751524847515,0.055044495550445,0.164583541645835,0.226677332266773,0.00664933506649335,0.196830316968303,0.821467853214679,0.378462153784622,0.352414758524148,0.003999600039996,0.476752324767523,0.03999600039996,0.448105189481052,0.523097690230977,0.30976902309769,0.321267873212679,0.195330466953305,0.685131486851315,0.0194980501949805,0.128587141285871,0.0278972102789721,0.11028897110289,0.757974202579742,0.133286671332867,0.156684331566843,0.437306269373063,0.118438156184382,0.225777422257774,0.564343565643436,0.0366963303669633,0.00304969503049695,0.869163083691631,0.976602339766023,0.428357164283572,0.376512348765123
"204",0.00394960503949605,0.50994900509949,0.174932506749325,0.0063993600639936,0.0846915308469153,0.127737226277372,0.448405159484052,0.937606239376062,0.188531146885311,0.0463453654634537,0.326617338266173,0.0078992100789921,0.0232476752324768,0.536746325367463,0.0612438756124388,0.00404959504049595,0.152584741525847,0.00584941505849415,0.00604939506049395,0.517698230176982,0.00774922507749225,0.0025997400259974,0.178932106789321,0.14998500149985,0.0037996200379962,0.0614938506149385,0.421307869213079,0.233526647335266,0.0052994700529947,0.00924907509249075,0.0253474652534747,0.0025997400259974,0.148935106489351,0.471802819718028,0.106189381061894,0.816618338166183,0.229127087291271,0.220627937206279,0.0035996400359964,0.127387261273873,0.123637636236376,0.0023997600239976,0.004999500049995,0.756474352564743,0.0784921507849215,0.0534446555344466,0.0085991400859914,0.685631436856314,0.0210978902109789,0.266423357664234
"205",0.0626937306269373,0.0228977102289771,0.064043595640436,0.0063993600639936,0.229027097290271,0.198130186981302,0.0337966203379662,0.218428157184282,0.0503449655034497,0.0223477652234777,0.0217978202179782,0.066043395660434,0.0808419158084192,0.274572542745725,0.0394960503949605,0.251174882511749,0.0557944205579442,0.55989401059894,0.105189481051895,0.0321967803219678,0.457454254574543,0.0025997400259974,0.0961403859614039,0.0387961203879612,0.0038996100389961,0.149385061493851,0.186831316868313,0.0216478352164784,0.0159484051594841,0.322867713228677,0.0117488251174883,0.188631136886311,0.206579342065793,0.44950504949505,0.0228477152284772,0.0563443655634437,0.0302969703029697,0.0452954704529547,0.0321467853214679,0.0202479752024798,0.0188981101889811,0.62013798620138,0.00844915508449155,0.0635936406359364,0.0978902109789021,0.604989501049895,0.0183981601839816,0.0689431056894311,0.0013998600139986,0.264673532646735
"206",0.586341365863414,0.298820117988201,0.792420757924208,0.880861913808619,0.512398760123988,0.102439756024398,0.573992600739926,0.361963803619638,0.366213378662134,0.962403759624038,0.627187281271873,0.782421757824218,0.022997700229977,0.924807519248075,0.53044695530447,0.468703129687031,0.706329367063294,0.505599440055994,0.778422157784222,0.688031196880312,0.0413458654134587,0.964653534646535,0.887961203879612,0.514148585141486,0.00384961503849615,0.206479352064794,0.499800019998,0.732226777322268,0.101889811018898,0.0598440155984402,0.78987101289871,0.92955704429557,0.542995700429957,0.286071392860714,0.0822917708229177,0.390710928907109,0.357714228577142,0.266523347665234,0.151634836516348,0.817218278172183,0.0455454454554545,0.388961103889611,0.64988501149885,0.985151484851515,0.956404359564044,0.794220577942206,0.608239176082392,0.371412858714129,0.13963603639636,0.108589141085891
"207",0.526347365263474,0.00474952504749525,0.00754924507549245,0.452904709529047,0.0667933206679332,0.588941105889411,0.0094990500949905,0.351714828517148,0.387611238876112,0.124687531246875,0.835966403359664,0.00774922507749225,0.594490550944906,0.2004799520048,0.206429357064294,0.751174882511749,0.0842915708429157,0.731126887311269,0.0180981901809819,0.0700929907009299,0.0616438356164384,0.605239476052395,0.83031696830317,0.111488851114889,0.253224677532247,0.0037996200379962,0.417608239176082,0.721527847215279,0.421307869213079,0.00314968503149685,0.0684931506849315,0.235026497350265,0.704529547045295,0.158234176582342,0.00334966503349665,0.352214778522148,0.087041295870413,0.254674532546745,0.555044495550445,0.907259274072593,0.837316268373163,0.0213478652134787,0.121637836216378,0.132836716328367,0.772222777722228,0.345665433456654,0.781471852814719,0.912308769123088,0.287171282871713,0.193680631936806
"208",1,1,1,1,1,1,1,1,1,1,1,1,1,1,1,1,1,1,1,1,1,1,1,1,1,1,1,1,1,1,1,1,1,1,1,1,1,1,1,1,1,1,1,1,1,1,1,1,1,1
