"","HALLMARK_TNFA_SIGNALING_VIA_NFKB","HALLMARK_HYPOXIA","HALLMARK_G2M_CHECKPOINT","HALLMARK_ADIPOGENESIS","HALLMARK_ESTROGEN_RESPONSE_EARLY","HALLMARK_ESTROGEN_RESPONSE_LATE","HALLMARK_MYOGENESIS","HALLMARK_INTERFERON_GAMMA_RESPONSE","HALLMARK_APICAL_JUNCTION","HALLMARK_COMPLEMENT","HALLMARK_MTORC1_SIGNALING","HALLMARK_E2F_TARGETS","HALLMARK_MYC_TARGETS_V1","HALLMARK_EPITHELIAL_MESENCHYMAL_TRANSITION","HALLMARK_INFLAMMATORY_RESPONSE","HALLMARK_XENOBIOTIC_METABOLISM","HALLMARK_OXIDATIVE_PHOSPHORYLATION","HALLMARK_GLYCOLYSIS","HALLMARK_P53_PATHWAY","HALLMARK_HEME_METABOLISM","HALLMARK_ALLOGRAFT_REJECTION","HALLMARK_KRAS_SIGNALING_UP","HALLMARK_KRAS_SIGNALING_DN","HALLMARK_MITOTIC_SPINDLE","HALLMARK_IL2_STAT5_SIGNALING","HALLMARK_APOPTOSIS","HALLMARK_FATTY_ACID_METABOLISM","HALLMARK_UV_RESPONSE_UP","HALLMARK_DNA_REPAIR","HALLMARK_UV_RESPONSE_DN","HALLMARK_COAGULATION","HALLMARK_SPERMATOGENESIS","HALLMARK_UNFOLDED_PROTEIN_RESPONSE","HALLMARK_BILE_ACID_METABOLISM","HALLMARK_PI3K_AKT_MTOR_SIGNALING","HALLMARK_PEROXISOME","HALLMARK_ANDROGEN_RESPONSE","HALLMARK_INTERFERON_ALPHA_RESPONSE","HALLMARK_PROTEIN_SECRETION","HALLMARK_IL6_JAK_STAT3_SIGNALING","HALLMARK_CHOLESTEROL_HOMEOSTASIS","HALLMARK_MYC_TARGETS_V2","HALLMARK_TGF_BETA_SIGNALING","HALLMARK_REACTIVE_OXYGEN_SPECIES_PATHWAY","HALLMARK_APICAL_SURFACE","HALLMARK_WNT_BETA_CATENIN_SIGNALING","HALLMARK_PANCREAS_BETA_CELLS","HALLMARK_HEDGEHOG_SIGNALING","HALLMARK_ANGIOGENESIS","HALLMARK_NOTCH_SIGNALING"
"SNP-1_1",0.147085291470853,0.159184081591841,0.0623437656234377,0.320767923207679,0.246725327467253,0.754724527547245,0.116238376162384,0.144635536446355,0.361763823617638,0.167033296670333,0.222227777222278,0.233876612338766,0.295620437956204,0.62973702629737,0.0886411358864114,0.624787521247875,0.294120587941206,0.329167083291671,0.225427457254275,0.355664433556644,0.309119088091191,0.339216078392161,0.124037596240376,0.0497450254974503,0.497750224977502,0.146385361463854,0.735726427357264,0.315968403159684,0.6997800219978,0.793370662933707,0.107689231076892,0.385511448855115,0.389211078892111,0.72957704229577,0.131436856314369,0.670782921707829,0.285871412858714,0.332366763323668,0.512548745125487,0.349215078492151,0.0790920907909209,0.416258374162584,0.212028797120288,0.916108389161084,0.16028397160284,0.159034096590341,0.113588641135886,0.527897210278972,0.156234376562344,0.736676332366763
"SNP-1_2",0.676382361763824,0.111138886111389,0.170732926707329,0.194030596940306,0.346865313468653,0.0406959304069593,0.15048495150485,0.194330566943306,0.604139586041396,0.326667333266673,0.262773722627737,0.0925907409259074,0.0414458554144586,0.175532446755324,0.517848215178482,0.166833316668333,0.409159084091591,0.0514448555144486,0.365913408659134,0.351414858514149,0.11958804119588,0.460703929607039,0.63033696630337,0.161583841615838,0.640635936406359,0.115838416158384,0.146835316468353,0.176182381761824,0.276072392760724,0.0845915408459154,0.431106889311069,0.885611438856114,0.134336566343366,0.364663533646635,0.0565943405659434,0.133886611338866,0.287471252874713,0.122737726227377,0.155334466553345,0.498700129987001,0.76982301769823,0.278772122787721,0.555844415558444,0.683981601839816,0.193080691930807,0.329267073292671,0.21982801719828,0.210728927107289,0.331716828317168,0.615388461153885
"SNP-2_1",0.454854514548545,0.266023397660234,0.381711828817118,0.265323467653235,0.572292770722928,0.594040595940406,0.156484351564844,0.226177382261774,0.138786121387861,0.0416458354164584,0.228927107289271,0.112088791120888,0.53034696530347,0.0449455054494551,0.270972902709729,0.183081691830817,0.5999900009999,0.0364463553644636,0.238326167383262,0.397360263973603,0.268973102689731,0.170582941705829,0.262473752624738,0.419508049195081,0.181731826817318,0.418708129187081,0.531196880311969,0.0674432556744326,0.0779422057794221,0.447505249475052,0.352914708529147,0.336366363363664,0.270972902709729,0.415358464153585,0.242475752424758,0.416458354164584,0.363713628637136,0.46955304469553,0.168583141685831,0.0253474652534747,0.574142585741426,0.0884411558844116,0.612788721127887,0.364263573642636,0.824667533246675,0.423107689231077,0.269373062693731,0.745925407459254,0.187281271872813,0.351864813518648
"SNP-2_2",0.441955804419558,0.28962103789621,0.598540145985402,0.306319368063194,0.835916408359164,0.599190080991901,0.841815818418158,0.252974702529747,0.547195280471953,0.396260373962604,0.22982701729827,0.243775622437756,0.328417158284172,0.68023197680232,0.524897510248975,0.425657434256574,0.185881411858814,0.291770822917708,0.550894910508949,0.719028097190281,0.595640435956404,0.233126687331267,0.0483451654834517,0.67958204179582,0.785921407859214,0.678232176782322,0.278772122787721,0.519498050194981,0.27027297270273,0.088041195880412,0.84021597840216,0.655234476552345,0.322567743225677,0.874662533746625,0.227877212278772,0.62023797620238,0.734776522347765,0.13048695130487,0.0681431856814319,0.666633336666333,0.975502449755025,0.734426557344266,0.221727827217278,0.773922607739226,0.33966603339666,0.302019798020198,0.321067893210679,0.455304469553045,0.629187081291871,0.0792920707929207
"SNP-3_1",0.0450954904509549,0.124837516248375,0.439456054394561,0.206079392060794,0.727977202279772,0.730726927307269,0.78977102289771,0.192530746925307,0.383511648835117,0.238476152384762,0.218728127187281,0.293020697930207,0.241275872412759,0.597140285971403,0.708329167083292,0.201529847015298,0.378412158784122,0.0338966103389661,0.134186581341866,0.424807519248075,0.157984201579842,0.488301169883012,0.455154484551545,0.276372362763724,0.273372662733727,0.713728627137286,0.36951304869513,0.275272472752725,0.455454454554545,0.71042895710429,0.735826417358264,0.632486751324868,0.745725427457254,0.377212278772123,0.264823517648235,0.38961103889611,0.585641435856414,0.823217678232177,0.308119188081192,0.0853414658534147,0.491800819918008,0.0923907609239076,0.356014398560144,0.628337166283372,0.1003399660034,0.105789421057894,0.845815418458154,0.862613738626137,0.462853714628537,0.0800919908009199
"SNP-3_2",0.0904409559044096,0.44990500949905,0.0834916508349165,0.303219678032197,0.207529247075292,0.438806119388061,0.398460153984602,0.206529347065293,0.189281071892811,0.777822217778222,0.476202379762024,0.0882411758824118,0.393310668933107,0.242725727427257,0.372062793720628,0.51999800019998,0.302769723027697,0.276072392760724,0.0373962603739626,0.557994200579942,0.188531146885311,0.149435056494351,0.518498150184981,0.384711528847115,0.327367263273673,0.416108389161084,0.0665933406659334,0.511448855114489,0.122287771222878,0.562743725627437,0.75027497250275,0.193630636936306,0.385511448855115,0.306669333066693,0.677782221777822,0.204129587041296,0.248525147485251,0.0585941405859414,0.162833716628337,0.560793920607939,0.263773622637736,0.346665333466653,0.684831516848315,0.592640735926407,0.309319068093191,0.0744925507449255,0.827217278272173,0.997800219978002,0.25007499250075,0.65003499650035
"SNP-4_1",0.406359364063594,0.0305969403059694,0.227627237276272,0.182881711828817,0.30981901809819,0.311018898110189,0.0255974402559744,0.77002299770023,0.406059394060594,0.112388761123888,0.554794520547945,0.193330666933307,0.266823317668233,0.258524147585241,0.807319268073193,0.373462653734627,0.378162183781622,0.380861913808619,0.493050694930507,0.268823117688231,0.282071792820718,0.0216978302169783,0.0518448155184482,0.102339766023398,0.0295970402959704,0.642585741425857,0.0326967303269673,0.106839316068393,0.197780221977802,0.676832316768323,0.325517448255174,0.464553544645535,0.438006199380062,0.458554144585541,0.724177582241776,0.516198380161984,0.15983401659834,0.593690630936906,0.128937106289371,0.392360763923608,0.191930806919308,0.465553444655534,0.50984901509849,0.528997100289971,0.384011598840116,0.0513448655134487,0.742225777422258,0.937956204379562,0.375312468753125,0.399110088991101
"SNP-4_2",0.663533646635336,0.286721327867213,0.114288571142886,0.18038196180382,0.463603639636036,0.0275972402759724,0.520897910208979,0.0401459854014599,0.0729427057294271,0.126537346265373,0.174632536746325,0.108689131086891,0.11958804119588,0.0856914308569143,0.192430756924308,0.558744125587441,0.139436056394361,0.193680631936806,0.172332766723328,0.284171582841716,0.15003499650035,0.3003699630037,0.0329467053294671,0.0631436856314369,0.134586541345865,0.201529847015298,0.0516948305169483,0.0104489551044896,0.0794920507949205,0.429407059294071,0.182431756824318,0.416008399160084,0.225627437256274,0.115938406159384,0.393710628937106,0.149085091490851,0.300969903009699,0.111938806119388,0.157134286571343,0.115238476152385,0.0276972302769723,0.316268373162684,0.0311468853114689,0.0386461353864614,0.479052094790521,0.260723927607239,0.184481551844816,0.300669933006699,0.151034896510349,0.188531146885311
"SNP-5_1",0.740525947405259,0.605739426057394,0.647935206479352,0.303569643035696,0.474602539746025,0.133536646335366,0.183381661833817,0.689031096890311,0.516898310168983,0.673432656734327,0.431206879312069,0.606489351064894,0.124937506249375,0.571492850714929,0.67048295170483,0.497050294970503,0.532196780321968,0.562693730626937,0.71972802719728,0.511598840115988,0.562493750624938,0.642035796420358,0.184181581841816,0.387311268873113,0.363663633636636,0.804019598040196,0.738126187381262,0.131536846315368,0.385361463853615,0.760823917608239,0.614838516148385,0.503899610038996,0.242225777422258,0.690980901909809,0.607289271072893,0.631686831316868,0.285221477852215,0.593940605939406,0.602039796020398,0.301469853014699,0.166333366663334,0.492200779922008,0.370712928707129,0.211428857114289,0.575092490750925,0.013998600139986,0.116188381161884,0.65993400659934,0.442905709429057,0.802369763023698
"SNP-5_2",0.14028597140286,0.0868913108689131,0.32006799320068,0.123187681231877,0.314118588141186,0.333116688331167,0.368213178682132,0.119038096190381,0.0832416758324168,0.0653934606539346,0.0535946405359464,0.343565643435656,0.164583541645835,0.520747925207479,0.15048495150485,0.0647935206479352,0.126387361263874,0.0397460253974603,0.0941905809419058,0.167983201679832,0.204579542045795,0.455654434556544,0.047995200479952,0.134536546345365,0.133386661333867,0.353264673532647,0.131786821317868,0.0435456454354565,0.357214278572143,0.168083191680832,0.367613238676132,0.397660233976602,0.33041695830417,0.0567943205679432,0.20977902209779,0.0527447255274473,0.125737426257374,0.208329167083292,0.503199680031997,0.0376962303769623,0.267523247675233,0.0448455154484552,0.110738926107389,0.276122387761224,0.121137886211379,0.256874312568743,0.388811118888111,0.128787121287871,0.208379162083792,0.317818218178182
"SNP-6_1",0.0231976802319768,0.0391460853914609,0.00494950504949505,0.0177982201779822,0.0645935406459354,0.00024997500249975,0.0048995100489951,0.0289471052894711,0.0005999400059994,0.00104989501049895,0.00724927507249275,0.0422957704229577,0.00044995500449955,0.282771722827717,0.0435456454354565,0.00814918508149185,0.0326967303269673,0.0080991900809919,0.0001999800019998,0.156184381561844,0.0047995200479952,0.075992400759924,0.04999500049995,0.00104989501049895,0.0691430856914309,0.0246475352464754,0.0109489051094891,0.00344965503449655,0.00444955504449555,0.0824917508249175,0.0001999800019998,0.0401459854014599,0.00094990500949905,0.0002999700029997,0.0005999400059994,0.0036996300369963,0.00044995500449955,0.0435456454354565,0.000999900009999,0.594140585941406,0.0493450654934507,0.0214478552144786,0.0304969503049695,0.0690930906909309,0.282721727827217,0.0954904509549045,0.0630436956304369,0.136836316368363,0.00024997500249975,0.0392960703929607
"SNP-6_2",0.625587441255874,0.74967503249675,0.724377562243776,0.544895510448955,0.658084191580842,0.798720127987201,0.516298370162984,0.154084591540846,0.458904109589041,0.621337866213379,0.764023597640236,0.59049095090491,0.515948405159484,0.759224077592241,0.667733226677332,0.723927607239276,0.382861713828617,0.434756524347565,0.617138286171383,0.541645835416458,0.535496450354965,0.736276372362764,0.185481451854815,0.797270272972703,0.597190280971903,0.635786421357864,0.553194680531947,0.759174082591741,0.501199880011999,0.714278572142786,0.427307269273073,0.561343865613439,0.712828717128287,0.35986401359864,0.903659634036596,0.662233776622338,0.818418158184182,0.0813918608139186,0.959004099590041,0.532796720327967,0.475652434756524,0.742925707429257,0.461503849615038,0.257124287571243,0.731826817318268,0.285021497850215,0.162733726627337,0.137286271372863,0.345015498450155,0.634836516348365
"SNP-7_1",0.271722827717228,0.652984701529847,0.410758924107589,0.61993800619938,0.354864513548645,0.365263473652635,0.263523647635237,0.18978102189781,0.462303769623038,0.717728227177282,0.345965403459654,0.202679732026797,0.213178682131787,0.0781921807819218,0.157784221577842,0.597040295970403,0.0836416358364164,0.77982201779822,0.347965203479652,0.0373462653734627,0.338616138386161,0.528397160283972,0.352114788521148,0.751224877512249,0.700729927007299,0.607889211078892,0.327817218278172,0.0506949305069493,0.518798120187981,0.61038896110389,0.335816418358164,0.506099390060994,0.204029597040296,0.502799720027997,0.199180081991801,0.0368963103689631,0.497550244975502,0.641835816418358,0.494650534946505,0.440705929407059,0.117188281171883,0.53044695530447,0.505649435056494,0.393260673932607,0.95980401959804,0.158634136586341,0.517348265173483,0.593190680931907,0.270922907709229,0.451704829517048
"SNP-7_2",0.674382561743826,0.632086791320868,0.211778822117788,0.385961403859614,0.732226777322268,0.494850514948505,0.59049095090491,0.58999100089991,0.119388061193881,0.530696930306969,0.421107889211079,0.599340065993401,0.376462353764624,0.557594240575942,0.487851214878512,0.723727627237276,0.352514748525147,0.392510748925108,0.718028197180282,0.152784721527847,0.206779322067793,0.453504649535046,0.351114888511149,0.0520947905209479,0.30996900309969,0.376762323767623,0.583491650834916,0.569493050694931,0.553544645535446,0.134886511348865,0.648135186481352,0.874912508749125,0.567243275672433,0.727277272272773,0.287071292870713,0.547895210478952,0.166533346665333,0.484401559844016,0.169433056694331,0.413858614138586,0.833666633336666,0.474952504749525,0.940755924407559,0.13973602639736,0.0772422757724228,0.189431056894311,0.145185481451855,0.833016698330167,0.548795120487951,0.718428157184282
"SNP-8_1",0.716128387161284,0.706179382061794,0.461753824617538,0.832016798320168,0.705779422057794,0.592440755924408,0.124687531246875,0.381661833816618,0.314768523147685,0.5004499550045,0.571142885711429,0.116938306169383,0.5994900509949,0.732876712328767,0.523447655234477,0.3999100089991,0.665533446655334,0.590890910908909,0.0922407759224078,0.0800919908009199,0.0400959904009599,0.33981601839816,0.388311168883112,0.271922807719228,0.0446455354464554,0.713528647135287,0.445405459454055,0.0608939106089391,0.382111788821118,0.802219778022198,0.636186381361864,0.597590240975902,0.665683431656834,0.518748125187481,0.290770922907709,0.149385061493851,0.0387461253874613,0.484651534846515,0.720527947205279,0.486301369863014,0.854014598540146,0.738076192380762,0.357264273572643,0.072042795720428,0.30961903809619,0.401859814018598,0.545245475452455,0.667533246675332,0.103489651034897,0.215078492150785
"SNP-8_2",0.166983301669833,0.513698630136986,0.277122287771223,0.655684431556844,0.491950804919508,0.0845415458454155,0.0605939406059394,0.841115888411159,0.661683831616838,0.417308269173083,0.328167183281672,0.957604239576042,0.0552444755524448,0.0231976802319768,0.121037896210379,0.557194280571943,0.655734426557344,0.307069293070693,0.733076692330767,0.0825417458254175,0.518748125187481,0.138236176382362,0.0807419258074193,0.576492350764924,0.204579542045795,0.921607839216078,0.569193080691931,0.098990100989901,0.7997700229977,0.326517348265173,0.848515148485152,0.201629837016298,0.339216078392161,0.494550544945505,0.13043695630437,0.183231676832317,0.164683531646835,0.78977102289771,0.657234276572343,0.290670932906709,0.767273272672733,0.0388961103889611,0.776672332766723,0.533796620337966,0.0691430856914309,0.583741625837416,0.98040195980402,0.522647735226477,0.0888911108889111,0.285121487851215
"SNP-9_1",0.607789221077892,0.360863913608639,0.746875312468753,0.584841515848415,0.676332366763324,0.287121287871213,0.302519748025197,0.511598840115988,0.356564343565643,0.667333266673333,0.342415758424158,0.711828817118288,0.454054594540546,0.278822117788221,0.617438256174383,0.314368563143686,0.508199180081992,0.340965903409659,0.41970802919708,0.355064493550645,0.421007899210079,0.272622737726227,0.324267573242676,0.527847215278472,0.54974502549745,0.58044195580442,0.15028497150285,0.126387361263874,0.395560443955604,0.393710628937106,0.661133886611339,0.204129587041296,0.42950704929507,0.505299470052995,0.316668333166683,0.0970902909709029,0.575592440755924,0.615238476152385,0.273772622737726,0.536796320367963,0.382311768823118,0.246925307469253,0.361363863613639,0.444305569443056,0.157784221577842,0.602489751024898,0.685681431856814,0.226727327267273,0.754674532546745,0.747775222477752
"SNP-9_2",0.602489751024898,0.302119788021198,0.124137586241376,0.0882411758824118,0.187381261873813,0.107389261073893,0.618438156184382,0.575592440755924,0.32951704829517,0.3003199680032,0.312468753124688,0.071042895710429,0.0448955104489551,0.0538446155384462,0.205429457054295,0.511898810118988,0.0548945105489451,0.214528547145285,0.0969403059694031,0.347315268473153,0.103739626037396,0.199180081991801,0.357164283571643,0.583241675832417,0.684781521847815,0.166083391660834,0.218928107189281,0.0944405559444056,0.352414758524148,0.249025097490251,0.359014098590141,0.125087491250875,0.377812218778122,0.156434356564344,0.238276172382762,0.192080791920808,0.194380561943806,0.551294870512949,0.304269573042696,0.0436956304369563,0.123587641235876,0.488501149885011,0.170682931706829,0.0138986101389861,0.513648635136486,0.15008499150085,0.637936206379362,0.306169383061694,0.0186481351864814,0.102039796020398
"SNP-10_1",0.0638436156384362,0.107389261073893,0.615038496150385,0.341815818418158,0.184881511848815,0.751624837516248,0.450504949505049,0.275672432756724,0.478302169783022,0.516298370162984,0.405459454054595,0.361713828617138,0.347165283471653,0.688981101889811,0.229227077292271,0.250874912508749,0.463703629637036,0.131636836316368,0.271172882711729,0.37026297370263,0.415308469153085,0.411258874112589,0.513748625137486,0.62988701129887,0.23042695730427,0.832116788321168,0.512048795120488,0.31046895310469,0.356214378562144,0.823367663233677,0.67978202179782,0.15978402159784,0.0929407059294071,0.702729727027297,0.867763223677632,0.588341165883412,0.170932906709329,0.474552544745525,0.431556844315568,0.254824517548245,0.771872812718728,0.142385761423858,0.101639836016398,0.410558944105589,0.302719728027197,0.730976902309769,0.718378162183782,0.508349165083492,0.125237476252375,0.304619538046195
"SNP-10_2",0.296920307969203,0.572192780721928,0.55994400559944,0.206829317068293,0.236226377362264,0.276172382761724,0.595840415958404,0.643785621437856,0.0123987601239876,0.632836716328367,0.787871212878712,0.606439356064394,0.406059394060594,0.287471252874713,0.387761223877612,0.289471052894711,0.158184181581842,0.370612938706129,0.466553344665533,0.459204079592041,0.398660133986601,0.644885511448855,0.668733126687331,0.525797420257974,0.279372062793721,0.856064393560644,0.446005399460054,0.472802719728027,0.491850814918508,0.844865513448655,0.623887611238876,0.72977702229777,0.606539346065394,0.237476252374763,0.511998800119988,0.715428457154285,0.846515348465154,0.257274272572743,0.385311468853115,0.182281771822818,0.433556644335566,0.0403459654034597,0.656584341565843,0.326167383261674,0.153884611538846,0.978902109789021,0.364863513648635,0.0941405859414059,0.244575542445755,0.901109889011099
"SNP-11_1",0.847465253474653,0.572592740725927,0.571292870712929,0.598540145985402,0.723277672232777,0.672232776722328,0.48995100489951,0.364063593640636,0.0173482651734827,0.454304569543046,0.451554844515548,0.444555544445555,0.0645435456454355,0.374262573742626,0.725627437256274,0.427907209279072,0.621637836216378,0.637686231376862,0.806869313068693,0.643935606439356,0.269223077692231,0.84991500849915,0.395810418958104,0.544645535446455,0.531696830316968,0.772772722727727,0.61048895110489,0.758474152584741,0.531046895310469,0.0101489851014899,0.294070592940706,0.03004699530047,0.680881911808819,0.387511248875113,0.0136486351364864,0.356964303569643,0.567693230676932,0.816518348165183,0.270622937706229,0.116938306169383,0.396560343965603,0.0431956804319568,0.524447555244476,0.331516848315168,0.311118888111189,0.915808419158084,0.472002799720028,0.900909909009099,0.262823717628237,0.453504649535046
"SNP-11_2",0.3998100189981,0.445555444455554,0.666533346665333,0.478702129787021,0.553594640535946,0.517398260173983,0.427257274272573,0.606089391060894,0.397660233976602,0.698030196980302,0.502649735026497,0.342115788421158,0.34016598340166,0.754974502549745,0.361263873612639,0.503399660033997,0.347415258474153,0.711328867113289,0.652334766523348,0.555244475552445,0.71987801219878,0.419058094190581,0.465153484651535,0.343215678432157,0.223527647235276,0.637686231376862,0.605689431056894,0.72972702729727,0.368963103689631,0.183431656834317,0.167583241675832,0.435006499350065,0.53964603539646,0.510998900109989,0.169283071692831,0.464603539646035,0.0990900909909009,0.365563443655634,0.673632636736326,0.576192380761924,0.344715528447155,0.396710328967103,0.804019598040196,0.595440455954405,0.725027497250275,0.508899110088991,0.288321167883212,0.199230076992301,0.396760323967603,0.0859414058594141
"SNP-12_1",0.101339866013399,0.44000599940006,0.0319468053194681,0.487501249875012,0.0589441055894411,0.293820617938206,0.641235876412359,0.329067093290671,0.0344465553444656,0.0475452454754525,0.267173282671733,0.19028097190281,0.383311668833117,0.245075492450755,0.0325967403259674,0.387561243875612,0.143835616438356,0.395810418958104,0.711528847115289,0.650684931506849,0.343515648435156,0.295070492950705,0.498850114988501,0.555194480551945,0.298770122987701,0.308819118088191,0.100689931006899,0.216478352164784,0.129287071292871,0.284121587841216,0.444155584441556,0.456954304569543,0.38046195380462,0.28957104289571,0.648535146485351,0.792520747925207,0.0602439756024398,0.252624737526247,0.029047095290471,0.276072392760724,0.0926907309269073,0.0573942605739426,0.181881811818818,0.543095690430957,0.674832516748325,0.236626337366263,0.00184981501849815,0.91015898410159,0.0082991700829917,0.384811518848115
"SNP-12_2",0.600939906009399,0.165583441655834,0.207979202079792,0.627637236276372,0.590890910908909,0.640735926407359,0.0857414258574143,0.622287771222878,0.476552344765523,0.0395460453954605,0.441005899410059,0.354464553544646,0.35011498850115,0.22022797720228,0.504149585041496,0.877112288771123,0.0310968903109689,0.394210578942106,0.58954104589541,0.442155784421558,0.435806419358064,0.0198980101989801,0.68028197180282,0.298520147985201,0.211528847115288,0.0263473652634737,0.694630536946305,0.307169283071693,0.527947205279472,0.841715828417158,0.0613938606139386,0.371412858714129,0.106339366063394,0.737026297370263,0.414108589141086,0.743825617438256,0.0242475752424758,0.458704129587041,0.614388561143886,0.543845615438456,0.453604639536046,0.177382261773823,0.141835816418358,0.315218478152185,0.502849715028497,0.318718128187181,0.191680831916808,0.888111188881112,0.315218478152185,0.453454654534547
"SNP-13_1",0.590640935906409,0.64008599140086,0.115588441155884,0.276022397760224,0.414358564143586,0.311118888111189,0.0558944105589441,0.51974802519748,0.0595940405959404,0.317918208179182,0.544845515448455,0.0116988301169883,0.0125987401259874,0.0117488251174883,0.354564543545645,0.358414158584142,0.504149585041496,0.48030196980302,0.570592940705929,0.408109189081092,0.908309169083092,0.304119588041196,0.499300069993001,0.0874412558744126,0.316818318168183,0.362313768623138,0.397610238976102,0.377862213778622,0.731676832316768,0.23952604739526,0.107339266073393,0.14003599640036,0.580641935806419,0.371212878712129,0.661933806619338,0.285421457854215,0.213628637136286,0.440505949405059,0.467103289671033,0.483251674832517,0.681481851814819,0.0862413758624138,0.828917108289171,0.59039096090391,0.0565443455654435,0.291920807919208,0.0406459354064594,0.246625337466253,0.107439256074393,0.554694530546945
"SNP-13_2",0.152684731526847,0.399410058994101,0.287721227877212,0.226327367263274,0.153134686531347,0.176982301769823,0.71967803219678,0.707629237076292,0.242725727427257,0.264273572642736,0.441255874412559,0.451854814518548,0.11008899110089,0.587191280871913,0.223927607239276,0.280771922807719,0.286371362863714,0.367713228677132,0.778522147785221,0.258124187581242,0.221177882211779,0.52994700529947,0.14033596640336,0.33996600339966,0.302269773022698,0.258274172582742,0.506999300069993,0.162283771622838,0.347015298470153,0.417258274172583,0.308469153084692,0.127437256274373,0.497700229977002,0.856664333566643,0.375012498750125,0.176732326767323,0.293570642935706,0.141685831416858,0.711328867113289,0.0838416158384162,0.26972302769723,0.0558944105589441,0.315368463153685,0.208929107089291,0.216328367163284,0.703229677032297,0.259324067593241,0.475602439756024,0.0171482851714829,0.405459454054595
"SNP-14_1",0.338016198380162,0.613888611138886,0.315118488151185,0.387211278872113,0.456304369563044,0.143135686431357,0.129487051294871,0.0382961703829617,0.534096590340966,0.36006399360064,0.28997100289971,0.0261973802619738,0.367963203679632,0.398760123987601,0.432256774322568,0.0372962703729627,0.29012098790121,0.247225277472253,0.0725427457254275,0.237276272372763,0.128687131286871,0.714578542145785,0.421957804219578,0.213478652134787,0.225477452254775,0.684131586841316,0.0713428657134287,0.399060093990601,0.112138786121388,0.558394160583942,0.383161683831617,0.144035596440356,0.776572342765723,0.640735926407359,0.426857314268573,0.0493950604939506,0.195930406959304,0.716628337166283,0.801319868013199,0.772672732726727,0.406159384061594,0.360613938606139,0.289471052894711,0.0437956204379562,0.222777722227777,0.139286071392861,0.586041395860414,0.0498950104989501,0.21047895210479,0.711928807119288
"SNP-14_2",0.992600739926007,0.750924907509249,0.318618138186181,0.0533446655334467,0.323567643235676,0.100639936006399,0.536246375362464,0.0151484851514849,0.665133486651335,0.240625937406259,0.0508449155084492,0.834366563343666,0.1997300269973,0.846465353464654,0.856214378562144,0.613038696130387,0.723927607239276,0.417658234176582,0.91030896910309,0.141385861413859,0.749275072492751,0.25957404259574,0.779372062793721,0.265523447655235,0.846215378462154,0.891710828917108,0.44950504949505,0.984801519848015,0.159384061593841,0.127537246275372,0.739226077392261,0.745075492450755,0.164333566643336,0.0127987201279872,0.255724427557244,0.0158984101589841,0.912858714128587,0.859314068593141,0.236426357364264,0.89006099390061,0.823217678232177,0.821467853214679,0.237926207379262,0.824917508249175,0.623687631236876,0.129387061293871,0.00204979502049795,0.275672432756724,0.827067293270673,0.592090790920908
"SNP-15_1",0.310668933106689,0.14978502149785,0.298770122987701,0.0292470752924708,0.339416058394161,0.386211378862114,0.125587441255874,0.283971602839716,0.0945405459454055,0.114788521147885,0.0334966503349665,0.138836116388361,0.102139786021398,0.034046595340466,0.231576842315768,0.431356864313569,0.189481051894811,0.0740925907409259,0.181631836816318,0.420607939206079,0.0661433856614339,0.311118888111189,0.0342965703429657,0.188731126887311,0.0873912608739126,0.0793920607939206,0.148935106489351,0.277072292770723,0.228077192280772,0.513748625137486,0.14968503149685,0.258274172582742,0.0914408559144086,0.765573442655734,0.0126987301269873,0.493800619938006,0.0543945605439456,0.636236376362364,0.433056694330567,0.677382261773823,0.151484851514849,0.0406459354064594,0.284421557844216,0.216478352164784,0.0116488351164884,0.476552344765523,0.25987401259874,0.46985301469853,0.548595140485951,0.127137286271373
"SNP-15_2",0.197480251974803,0.364863513648635,0.318918108189181,0.42040795920408,0.195680431956804,0.484901509849015,0.372812718728127,0.274622537746225,0.442905709429057,0.245075492450755,0.360813918608139,0.331016898310169,0.336616338366163,0.421857814218578,0.176832316768323,0.622337766223378,0.265823417658234,0.186331366863314,0.372562743725627,0.235826417358264,0.55954404559544,0.187631236876312,0.457404259574043,0.43980601939806,0.234526547345265,0.388911108889111,0.0456954304569543,0.485101489851015,0.48980101989801,0.205679432056794,0.411208879112089,0.352014798520148,0.607439256074393,0.522497750224977,0.341965803419658,0.287071292870713,0.221077892210779,0.19008099190081,0.271122887711229,0.891810818918108,0.22037796220378,0.181981801819818,0.578342165783422,0.0674432556744326,0.122087791220878,0.78027197280272,0.54984501549845,0.111088891110889,0.709029097090291,0.686531346865313
"SNP-16_1",0.478452154784522,0.630886911308869,0.292320767923208,0.434856514348565,0.44960503949605,0.465653434656534,0.777772222777722,0.243875612438756,0.344915508449155,0.561793820617938,0.748975102489751,0.292270772922708,0.464403559644036,0.344665533446655,0.213578642135786,0.218878112188781,0.225427457254275,0.23032696730327,0.535546445355464,0.470702929707029,0.30976902309769,0.466303369663034,0.385861413858614,0.56009399060094,0.132636736326367,0.643585641435856,0.474052594740526,0.547395260473953,0.24992500749925,0.759124087591241,0.461653834616538,0.244125587441256,0.621537846215378,0.866413358664134,0.210728927107289,0.230626937306269,0.762573742625737,0.457804219578042,0.572142785721428,0.0613938606139386,0.249375062493751,0.245225477452255,0.771872812718728,0.208729127087291,0.557994200579942,0.897860213978602,0.831066893310669,0.118038196180382,0.909359064093591,0.181331866813319
"SNP-16_2",0.0733426657334267,0.151384861513849,0.0328967103289671,0.448655134486551,0.192930706929307,0.22972702729727,0.0452954704529547,0.470702929707029,0.101339866013399,0.128237176282372,0.235076492350765,0.261323867613239,0.162783721627837,0.0863413658634137,0.414008599140086,0.212128787121288,0.262523747625238,0.0925407459254075,0.0076992300769923,0.0813418658134187,0.0772422757724228,0.118588141185881,0.0516448355164484,0.0404459554044596,0.0777422257774223,0.237576242375762,0.576592340765923,0.281171882811719,0.00784921507849215,0.252374762523748,0.088041195880412,0.105639436056394,0.18018198180182,0.809019098090191,0.366063393660634,0.385661433856614,0.296720327967203,0.383261673832617,0.136636336366363,0.0133986601339866,0.415358464153585,0.0874412558744126,0.213078692130787,0.0563443655634437,0.898310168983102,0.0958404159584042,0.564893510648935,0.626237376262374,0.649285071492851,0.562893710628937
"SNP-17_1",0.568043195680432,0.544095590440956,0.731326867313269,0.243175682431757,0.0904409559044096,0.0898910108989101,0.185981401859814,0.568893110688931,0.397960203979602,0.207329267073293,0.539446055394461,0.732476752324767,0.0527947205279472,0.244625537446255,0.0998900109989001,0.689081091890811,0.481101889811019,0.621587841215878,0.572992700729927,0.7000799920008,0.409209079092091,0.188181181881812,0.496300369963004,0.356014398560144,0.34961503849615,0.237376262373763,0.517998200179982,0.638986101389861,0.434606539346065,0.578842115788421,0.100739926007399,0.187731226877312,0.373712628737126,0.751124887511249,0.570792920707929,0.171232876712329,0.53984601539846,0.292870712928707,0.249475052494751,0.462953704629537,0.0966903309669033,0.18008199180082,0.252724727527247,0.45990400959904,0.614888511148885,0.269423057694231,0.47040295970403,0.927307269273073,0.583091690830917,0.236626337366263
"SNP-17_2",0.510648935106489,0.192730726927307,0.756224377562244,0.103989601039896,0.204829517048295,0.237476252374763,0.768023197680232,0.382361763823618,0.0918408159184082,0.35996400359964,0.293970602939706,0.526147385261474,0.472552744725527,0.443755624437556,0.746825317468253,0.0757424257574243,0.145935406459354,0.26027397260274,0.168133186681332,0.336416358364164,0.404209579042096,0.287771222877712,0.136236376362364,0.464703529647035,0.194780521947805,0.775122487751225,0.313018698130187,0.377212278772123,0.102989701029897,0.75997400259974,0.230976902309769,0.227677232276772,0.577242275772423,0.752824717528247,0.326667333266673,0.0817918208179182,0.496250374962504,0.714878512148785,0.275322467753225,0.874812518748125,0.564793520647935,0.0591940805919408,0.17023297670233,0.913408659134087,0.477952204779522,0.192980701929807,0.117538246175382,0.841165883411659,0.231826817318268,0.721677832216778
"SNP-18_1",0.217478252174783,0.235776422357764,0.351914808519148,0.497750224977502,0.373412658734127,0.210578942105789,0.14998500149985,0.246175382461754,0.618788121187881,0.216578342165783,0.543495650434957,0.0781421857814219,0.0802919708029197,0.257624237576242,0.292520747925207,0.41015898410159,0.381061893810619,0.262173782621738,0.31021897810219,0.108239176082392,0.206729327067293,0.526647335266473,0.373862613738626,0.588991100889911,0.212228777122288,0.218678132186781,0.0922907709229077,0.0896910308969103,0.35961403859614,0.536696330366963,0.196480351964804,0.591290870912909,0.11033896610339,0.423857614238576,0.578592140785921,0.481851814818518,0.428007199280072,0.84036596340366,0.0211478852114789,0.146235376462354,0.198730126987301,0.143385661433857,0.401159884011599,0.0285971402859714,0.133786621337866,0.72022797720228,0.634136586341366,0.703529647035297,0.690880911908809,0.0060993900609939
"SNP-18_2",0.381911808819118,0.336266373362664,0.187831216878312,0.154784521547845,0.261323867613239,0.194980501949805,0.263173682631737,0.106339366063394,0.373162683731627,0.158784121587841,0.516098390160984,0.203829617038296,0.118688131186881,0.443505649435056,0.249075092490751,0.420957904209579,0.326967303269673,0.24997500249975,0.438656134386561,0.092040795920408,0.342565743425657,0.282121787821218,0.024997500249975,0.103739626037396,0.215578442155784,0.125637436256374,0.501949805019498,0.106639336066393,0.116638336166383,0.644585541445855,0.723477652234777,0.386611338866113,0.181231876812319,0.24982501749825,0.459454054594541,0.18043195680432,0.269223077692231,0.0824917508249175,0.511298870112989,0.502499750024997,0.616288371162884,0.263173682631737,0.208729127087291,0.354564543545645,0.0193480651934807,0.314168583141686,0.172432756724328,0.544345565443456,0.23977602239776,0.903359664033597
"SNP-19_1",0.0527447255274473,0.161083891610839,0.802119788021198,0.856014398560144,0.261023897610239,0.065043495650435,0.648385161483852,0.121937806219378,0.575342465753425,0.12993700629937,0.288621137886211,0.803319668033197,0.836016398360164,0.0904909509049095,0.0758424157584242,0.619288071192881,0.791620837916208,0.196480351964804,0.975702429757024,0.828517148285172,0.760973902609739,0.240775922407759,0.835866413358664,0.179382061793821,0.921107889211079,0.467253274672533,0.668983101689831,0.17023297670233,0.0787421257874213,0.192380761923808,0.85026497350265,0.433056694330567,0.588641135886411,0.311318868113189,0.0971402859714029,0.483601639836016,0.777722227777222,0.0817418258174183,0.111038896110389,0.250774922507749,0.231176882311769,0.344515548445155,0.713728627137286,0.517948205179482,0.635386461353865,0.502599740025997,0.65983401659834,0.382561743825617,0.757674232576742,0.755474452554745
"SNP-19_2",0.688581141885811,0.757074292570743,0.716828317168283,0.595440455954405,0.185531446855314,0.433806619338066,0.343115688431157,0.712078792120788,0.556444355564444,0.131386861313869,0.531546845315468,0.805919408059194,0.42035796420358,0.462403759624038,0.46950304969503,0.403709629037096,0.510748925107489,0.395860413958604,0.587691230876912,0.187981201879812,0.580641935806419,0.642435756424358,0.401659834016598,0.338466153384662,0.671232876712329,0.72972702729727,0.698430156984302,0.424457554244576,0.458204179582042,0.204029597040296,0.0823417658234177,0.536646335366463,0.479252074792521,0.686181381861814,0.325017498250175,0.761323867613239,0.721177882211779,0.0920907909209079,0.67008299170083,0.628987101289871,0.765873412658734,0.704529547045295,0.198080191980802,0.657184281571843,0.877612238776122,0.515348465153485,0.277322267773223,0.577292270772923,0.468653134686531,0.274022597740226
"SNP-20_1",0.136836316368363,0.247475252474753,0.294570542945705,0.454604539546045,0.182581741825817,0.0690930906909309,0.627637236276372,0.0754924507549245,0.426257374262574,0.275522447755224,0.285671432856714,0.127287271272873,0.531296870312969,0.338466153384662,0.161383861613839,0.115288471152885,0.254924507549245,0.235576442355764,0.58049195080492,0.247525247475252,0.498700129987001,0.0806419358064194,0.798470152984701,0.577842215778422,0.444005599440056,0.398910108989101,0.498250174982502,0.258974102589741,0.23002699730027,0.323417658234177,0.505149485051495,0.535496450354965,0.575742425757424,0.0605939406059394,0.685631436856314,0.344465553444656,0.558344165583442,0.117688231176882,0.344715528447155,0.22987701229877,0.096990300969903,0.312668733126687,0.255174482551745,0.204529547045295,0.104439556044396,0.507699230076992,0.0953404659534047,0.692380761923808,0.759074092590741,0.546295370462954
"SNP-20_2",0.144885511448855,0.124687531246875,0.180981901809819,0.336516348365163,0.463253674632537,0.275922407759224,0.528497150284971,0.274522547745225,0.573142685731427,0.426707329267073,0.214528547145285,0.354814518548145,0.174982501749825,0.309319068093191,0.264173582641736,0.554444555544446,0.454304569543046,0.339266073392661,0.175732426757324,0.719028097190281,0.386611338866113,0.103939606039396,0.144935506449355,0.506449355064494,0.515848415158484,0.436356364363564,0.13023697630237,0.433356664333567,0.626537346265373,0.118138186181382,0.302569743025697,0.641985801419858,0.117338266173383,0.184881511848815,0.142635736426357,0.626987301269873,0.636836316368363,0.10983901609839,0.192180781921808,0.202279772022798,0.214828517148285,0.126787321267873,0.0714928507149285,0.536846315368463,0.753174682531747,0.395760423957604,0.825717428257174,0.983551644835516,0.108989101089891,0.75037496250375
"SNP-21_1",0.651684831516848,0.431056894310569,0.0372962703729627,0.321117888211179,0.00154984501549845,0.0016998300169983,0.191330866913309,0.288421157884212,0.692130786921308,0.0990900909909009,0.507299270072993,0.0918408159184082,0.307869213078692,0.00054994500549945,0.549395060493951,0.000999900009999,0.245275472452755,0.6003899610039,0.331216878312169,0.383611638836116,0.0494950504949505,0.344115588441156,0.814368563143686,0.26972302769723,0.523547645235476,0.484951504849515,0.380611938806119,0.535296470352965,0.261423857614239,0.484051594840516,0.0626937306269373,0.0128487151284872,0.660883911608839,0.235176482351765,0.461453854614539,0.397110288971103,0.553394660533947,0.841565843415658,0.413808619138086,0.0201979802019798,0.84021597840216,0.022997700229977,0.0668433156684332,0.387561243875612,0.475702429757024,0.0616438356164384,0.742275772422758,0.543395660433957,0.462853714628537,0.273722627737226
"SNP-21_2",0.452004799520048,0.342415758424158,0.250824917508249,0.762223777622238,0.178632136786321,0.117238276172383,0.755124487551245,0.0941905809419058,0.608439156084392,0.186281371862814,0.447755224477552,0.72012798720128,0.504349565043496,0.124387561243876,0.475002499750025,0.506549345065493,0.697380261973803,0.365563443655634,0.719478052194781,0.510948905109489,0.607639236076392,0.309119088091191,0.498400159984002,0.625737426257374,0.312718728127187,0.604639536046395,0.461853814618538,0.186881311868813,0.551144885511449,0.201729827017298,0.358064193580642,0.783921607839216,0.445105489451055,0.0822917708229177,0.641385861413859,0.102889711028897,0.631886811318868,0.762073792620738,0.765473452654735,0.234276572342766,0.54014598540146,0.288721127887211,0.419108089191081,0.175332466753325,0.820817918208179,0.383061693830617,0.636086391360864,0.82971702829717,0.86956304369563,0.469003099690031
"SNP-22_1",0.711328867113289,0.624787521247875,0.108539146085391,0.555894410558944,0.744575542445755,0.708779122087791,0.698530146985301,0.692180781921808,0.234076592340766,0.0057994200579942,0.0033996600339966,0.105789421057894,0.504099590040996,0.499450054994501,0.338366163383662,0.626537346265373,0.45970402959704,0.0161483851614839,0.675332466753325,0.175582441755824,0.640635936406359,0.409259074092591,0.402059794020598,0.074992500749925,0.509499050094991,0.38021197880212,0.471102889711029,0.705429457054295,0.127537246275372,0.502549745025497,0.44035596440356,0.762923707629237,0.0823417658234177,0.372812718728127,0.408459154084592,0.452754724527547,0.526047395260474,0.559344065593441,0.291920807919208,0.315018498150185,0.00094990500949905,0.0263473652634737,0.311018898110189,0.412908709129087,0.228627137286271,0.327267273272673,0.97045295470453,0.863813618638136,0.297120287971203,0.782071792820718
"SNP-22_2",0.484351564843516,0.477952204779522,0.427357264273573,0.243075692430757,0.541145885411459,0.22997700229977,0.606939306069393,0.512448755124488,0.445805419458054,0.492300769923008,0.136386361363864,0.12983701629837,0.097990200979902,0.202479752024798,0.753174682531747,0.294570542945705,0.316118388161184,0.297820217978202,0.372112788721128,0.42025797420258,0.0151484851514849,0.405509449055095,0.336016398360164,0.60973902609739,0.201979802019798,0.171282871712829,0.796120387961204,0.439356064393561,0.215228477152285,0.699380061993801,0.476752324767523,0.398110188981102,0.33986601339866,0.0702929707029297,0.0154484551544846,0.579392060793921,0.498200179982002,0.472752724727527,0.504649535046495,0.604039596040396,0.0495950404959504,0.663933606639336,0.222927707229277,0.121137886211379,0.263223677632237,0.0631436856314369,0.0704429557044296,0.724627537246275,0.103439656034397,0.133236676332367
"SNP-23_1",0.248725127487251,0.421957804219578,0.371362863713629,0.465903409659034,0.119388061193881,0.384011598840116,0.157184281571843,0.11988801119888,0.276272372762724,0.326817318268173,0.281021897810219,0.421707829217078,0.471452854714529,0.17968203179682,0.058044195580442,0.256274372562744,0.471902809719028,0.567743225677432,0.293120687931207,0.185781421857814,0.465553444655534,0.391110888911109,0.0758424157584242,0.33996600339966,0.185181481851815,0.296070392960704,0.151584841515848,0.314318568143186,0.272822717728227,0.388561143885611,0.298270172982702,0.334116588341166,0.7000799920008,0.209029097090291,0.502749725027497,0.269223077692231,0.0282471752824718,0.132736726327367,0.137886211378862,0.293570642935706,0.0581941805819418,0.349465053494651,0.107289271072893,0.609239076092391,0.718678132186781,0.0955904409559044,0.157584241575842,0.0094990500949905,0.094040595940406,0.785071492850715
"SNP-23_2",0.358164183581642,0.277572242775722,0.738826117388261,0.31971802819718,0.783021697830217,0.377112288771123,0.517398260173983,0.321617838216178,0.393760623937606,0.61048895110489,0.382361763823618,0.37006299370063,0.235776422357764,0.505499450054995,0.204479552044796,0.17033296670333,0.215528447155284,0.325817418258174,0.293420657934207,0.647785221477852,0.0811918808119188,0.861463853614639,0.48990100989901,0.277472252774723,0.517898210178982,0.208029197080292,0.389161083891611,0.221877812218778,0.629087091290871,0.311818818118188,0.440655934406559,0.506949305069493,0.278972102789721,0.206679332066793,0.443605639436056,0.272372762723728,0.357864213578642,0.493700629937006,0.706529347065293,0.196130386961304,0.183681631836816,0.111738826117388,0.064043595640436,0.184231576842316,0.269073092690731,0.144135586441356,0.785221477852215,0.0835916408359164,0.758624137586241,0.23967603239676
"SNP-24_1",0.413308669133087,0.0891910808919108,0.477452254774523,0.128387161283872,0.308969103089691,0.229077092290771,0.312318768123188,0.232926707329267,0.806919308069193,0.440655934406559,0.403959604039596,0.289171082891711,0.740925907409259,0.273322667733227,0.564693530646935,0.241175882411759,0.321417858214179,0.64003599640036,0.0923907609239076,0.111338866113389,0.388911108889111,0.0323467653234677,0.276972302769723,0.563243675632437,0.064993500649935,0.215628437156284,0.849315068493151,0.846265373462654,0.431856814318568,0.458704129587041,0.66023397660234,0.183431656834317,0.347465253474653,0.275572442755724,0.451954804519548,0.252524747525247,0.275722427757224,0.362963703629637,0.115788421157884,0.127987201279872,0.701829817018298,0.202529747025297,0.713128687131287,0.72017798220178,0.882611738826117,0.0349465053494651,0.213128687131287,0.514148585141486,0.171582841715828,0.503599640035996
"SNP-24_2",0.0777422257774223,0.351614838516148,0.207129287071293,0.304119588041196,0.127987201279872,0.0623937606239376,0.16003399660034,0.0842415758424158,0.491950804919508,0.127337266273373,0.170582941705829,0.231076892310769,0.216728327167283,0.184031596840316,0.011998800119988,0.532346765323468,0.291870812918708,0.210878912108789,0.0483951604839516,0.0464953504649535,0.0193480651934807,0.0182981701829817,0.511648835116488,0.0865913408659134,0.0973402659734027,0.106439356064394,0.193980601939806,0.023997600239976,0.0417458254174583,0.0518448155184482,0.137136286371363,0.0326967303269673,0.345265473452655,0.573242675732427,0.122887711228877,0.562093790620938,0.441855814418558,0.117438256174383,0.106739326067393,0.15028497150285,0.132936706329367,0.237026297370263,0.241325867413259,0.403309669033097,0.708379162083792,0.158734126587341,0.925707429257074,0.275322467753225,0.281421857814219,0.495050494950505
"SNP-25_1",0.36976302369763,0.392460753924608,0.433656634336566,0.23962603739626,0.241925807419258,0.364463553644636,0.571642835716428,0.44010598940106,0.354864513548645,0.341265873412659,0.248925107489251,0.344015598440156,0.281471852814719,0.612638736126387,0.267023297670233,0.221127887211279,0.531096890310969,0.366363363663634,0.485051494850515,0.128037196280372,0.580641935806419,0.63993600639936,0.733776622337766,0.464603539646035,0.315768423157684,0.451254874512549,0.397610238976102,0.525947405259474,0.428157184281572,0.506999300069993,0.307619238076192,0.58994100589941,0.252524747525247,0.0534946505349465,0.287621237876212,0.318418158184182,0.393610638936106,0.86951304869513,0.342415758424158,0.141035896410359,0.058044195580442,0.445755424457554,0.618788121187881,0.0400959904009599,0.214528547145285,0.173182681731827,0.384261573842616,0.674582541745825,0.158784121587841,0.161283871612839
"SNP-25_2",0.22017798220178,0.367513248675132,0.227627237276272,0.242875712428757,0.200829917008299,0.235026497350265,0.13043695630437,0.492900709929007,0.305869413058694,0.0180981901809819,0.226927307269273,0.0523447655234477,0.109339066093391,0.0167483251674833,0.534246575342466,0.328567143285671,0.51984801519848,0.165733426657334,0.39026097390261,0.465503449655034,0.203829617038296,0.165233476652335,0.150834916508349,0.256524347565243,0.441555844415558,0.253824617538246,0.548845115488451,0.21002899710029,0.362763723627637,0.405559444055594,0.0708429157084292,0.0814918508149185,0.242525747425257,0.287171282871713,0.186131386861314,0.337516248375162,0.241675832416758,0.682031796820318,0.191080891910809,0.0728927107289271,0.520647935206479,0.208629137086291,0.0742925707429257,0.0845415458454155,0.429307069293071,0.665733426657334,0.154634536546345,0.454604539546045,0.435706429357064,0.165333466653335
"SNP-26_1",0.144535546445355,0.431656834316568,0.275222477752225,0.122237776222378,0.163283671632837,0.0861913808619138,0.253274672532747,0.0410958904109589,0.0589441055894411,0.0364463553644636,0.306069393060694,0.292770722927707,0.219078092190781,0.0154484551544846,0.0843915608439156,0.640785921407859,0.0512448755124488,0.125387461253875,0.333166683331667,0.301919808019198,0.223677632236776,0.453004699530047,0.399410058994101,0.211328867113289,0.0500949905009499,0.582991700829917,0.235326467353265,0.101989801019898,0.179432056794321,0.411258874112589,0.0434956504349565,0.125887411258874,0.36026397360264,0.277872212778722,0.0694930506949305,0.348515148485151,0.509449055094491,0.107389261073893,0.208529147085291,0.0251974802519748,0.119488051194881,0.136486351364864,0.35981401859814,0.366313368663134,0.512648735126487,0.523147685231477,0.0811418858114189,0.13993600639936,0.436306369363064,0.4004099590041
"SNP-26_2",0.488301169883012,0.0717928207179282,0.185381461853815,0.451004899510049,0.206779322067793,0.246075392460754,0.183731626837316,0.147235276472353,0.256674332566743,0.0002999700029997,0.0001999800019998,0.368263173682632,0.311218878112189,0.0396960303969603,0.0742425757424258,0.445455454454555,0.567893210678932,0.0915408459154085,0.494750524947505,0.332616738326167,0.429407059294071,0.0377462253774623,0.504099590040996,0.252274772522748,0.695680431956804,0.0577442255774423,0.0761423857614239,0.505799420057994,0.471552844715528,0.191680831916808,0.465903409659034,0.452804719528047,0.926507349265073,0.00024997500249975,0.101789821017898,0.659234076592341,0.0523447655234477,0.284671532846715,0.0001999800019998,0.717528247175283,0.719128087191281,0.830716928307169,0.526047395260474,0.135636436356364,0.334716528347165,0.173132686731327,0.71022897710229,0.303619638036196,0.18008199180082,0.384661533846615
"SNP-27_1",0.669033096690331,0.496700329967003,0.571342865713429,0.494150584941506,0.593790620937906,0.484251574842516,0.206329367063294,0.314868513148685,0.681481851814819,0.642635736426357,0.739176082391761,0.474502549745025,0.456154384561544,0.458304169583042,0.813968603139686,0.762623737626237,0.57044295570443,0.538696130386961,0.552194780521948,0.464253574642536,0.594590540945905,0.437606239376062,0.795670432956704,0.484701529847015,0.237126287371263,0.601139886011399,0.602639736026397,0.845815418458154,0.353614638536146,0.335066493350665,0.350614938506149,0.718028197180282,0.672232776722328,0.501099890010999,0.486801319868013,0.025997400259974,0.381211878812119,0.89051094890511,0.531896810318968,0.666133386661334,0.473202679732027,0.248175182481752,0.270822917708229,0.554494550544945,0.0397460253974603,0.161983801619838,0.166683331666833,0.722377762223778,0.301319868013199,0.977502249775023
"SNP-27_2",0.897910208979102,0.684731526847315,0.700679932006799,0.442405759424058,0.595390460953905,0.580891910808919,0.346715328467153,0.241375862413759,0.554844515548445,0.554944505549445,0.416358364163584,0.445905409459054,0.352064793520648,0.318618138186181,0.421457854214579,0.345265473452655,0.444955504449555,0.445605439456054,0.675032496750325,0.446305369463054,0.394260573942606,0.879462053794621,0.682081791820818,0.654884511548845,0.749125087491251,0.514498550144985,0.308219178082192,0.795420457954205,0.315568443155684,0.196680331966803,0.403159684031597,0.641785821417858,0.296270372962704,0.452254774522548,0.497000299970003,0.515648435156484,0.666933306669333,0.447055294470553,0.234876512348765,0.678582141785821,0.514598540145985,0.408559144085591,0.53969603039696,0.0531446855314469,0.195230476952305,0.514598540145985,0.414258574142586,0.34036596340366,0.456254374562544,0.473952604739526
"SNP-28_1",0.596890310968903,0.363113688631137,0.593790620937906,0.494850514948505,0.467053294670533,0.617888211178882,0.435056494350565,0.771722827717228,0.336116388361164,0.156834316568343,0.437656234376562,0.565493450654935,0.453854614538546,0.143285671432857,0.528997100289971,0.326217378262174,0.164433556644336,0.243175682431757,0.174982501749825,0.113138686131387,0.26007399260074,0.491550844915508,0.151884811518848,0.236776322367763,0.0289471052894711,0.547445255474453,0.241225877412259,0.403809619038096,0.232926707329267,0.454554544545545,0.0343965603439656,0.324867513248675,0.555544445555444,0.0723927607239276,0.693930606939306,0.276822317768223,0.280521947805219,0.704929507049295,0.410558944105589,0.433456654334567,0.64963503649635,0.256824317568243,0.184381561843816,0.592090790920908,0.105039496050395,0.109039096090391,0.194780521947805,0.619088091190881,0.488951104889511,0.0700929907009299
"SNP-28_2",0.52024797520248,0.707279272072793,0.31956804319568,0.575292470752925,0.245075492450755,0.276122387761224,0.15048495150485,0.422207779222078,0.367213278672133,0.423107689231077,0.408959104089591,0.259024097590241,0.33956604339566,0.394160583941606,0.447305269473053,0.535996400359964,0.671032896710329,0.856964303569643,0.0948405159484052,0.075042495750425,0.755474452554745,0.314868513148685,0.777272272772723,0.0202979702029797,0.511248875112489,0.445855414458554,0.536146385361464,0.554694530546945,0.657934206579342,0.56039396060394,0.547795220477952,0.308819118088191,0.377512248775122,0.441505849415058,0.381811818818118,0.563293670632937,0.237676232376762,0.926407359264074,0.0424957504249575,0.242375762423758,0.716328367163284,0.327467253274673,0.135736426357364,0.345665433456654,0.63978602139786,0.62038796120388,0.607089291070893,0.855164483551645,0.388111188881112,0.572742725727427
"SNP-29_1",0.243625637436256,0.207179282071793,0.595640435956404,0.400659934006599,0.283621637836216,0.200979902009799,0.187781221877812,0.315968403159684,0.571742825717428,0.142735726427357,0.134936506349365,0.367213278672133,0.537946205379462,0.236226377362264,0.163383661633837,0.239476052394761,0.413708629137086,0.253624637536246,0.569243075692431,0.673782621737826,0.63038696130387,0.0984901509849015,0.641935806419358,0.241825817418258,0.206029397060294,0.473852614738526,0.274072592740726,0.0350964903509649,0.141935806419358,0.478002199780022,0.287721227877212,0.246275372462754,0.294370562943706,0.292820717928207,0.282171782821718,0.464253574642536,0.261123887611239,0.302119788021198,0.532246775322468,0.249025097490251,0.232726727327267,0.0763923607639236,0.0126987301269873,0.207079292070793,0.868713128687131,0.491100889911009,0.303319668033197,0.853714628537146,0.310768923107689,0.580641935806419
"SNP-29_2",0.395710428957104,0.586791320867913,0.699080091990801,0.672282771722828,0.173332666733327,0.204979502049795,0.701929807019298,0.394160583941606,0.553894610538946,0.707179282071793,0.268273172682732,0.505249475052495,0.356964303569643,0.799320067993201,0.236626337366263,0.551394860513949,0.623587641235876,0.63983601639836,0.631736826317368,0.753374662533747,0.080991900809919,0.329067093290671,0.641735826417358,0.551494850514949,0.207229277072293,0.773222677732227,0.433056694330567,0.748425157484252,0.117838216178382,0.551444855514449,0.772822717728227,0.109139086091391,0.197130286971303,0.168783121687831,0.66003399660034,0.747875212478752,0.249275072492751,0.788321167883212,0.238826117388261,0.0583941605839416,0.402709729027097,0.33956604339566,0.527747225277472,0.228677132286771,0.312768723127687,0.538046195380462,0.406259374062594,0.225177482251775,0.911458854114588,0.743525647435257
"SNP-30_1",0.647485251474852,0.351464853514649,0.269023097690231,0.706229377062294,0.284021597840216,0.80991900809919,0.732026797320268,0.478652134786521,0.727577242275772,0.507449255074493,0.196830316968303,0.573842615738426,0.259274072592741,0.795520447955204,0.320517948205179,0.515898410158984,0.432556744325567,0.516898310168983,0.521947805219478,0.65013498650135,0.198180181981802,0.34981501849815,0.561743825617438,0.0735926407359264,0.598340165983402,0.282171782821718,0.639236076392361,0.328467153284672,0.363763623637636,0.48990100989901,0.347165283471653,0.596990300969903,0.520897910208979,0.76017398260174,0.551994800519948,0.74032596740326,0.663033696630337,0.44960503949605,0.172482751724828,0.235826417358264,0.248775122487751,0.276222377762224,0.0595440455954405,0.61973802619738,0.77992200779922,0.0110988901109889,0.612238776122388,0.0929407059294071,0.728977102289771,0.698030196980302
"SNP-30_2",0.541045895410459,0.329467053294671,0.763973602639736,0.454004599540046,0.477552244775522,0.783871612838716,0.870612938706129,0.513248675132487,0.354814518548145,0.727727227277272,0.482601739826017,0.888011198880112,0.493100689931007,0.691530846915308,0.551894810518948,0.837316268373163,0.176232376762324,0.406959304069593,0.484301569843016,0.222877712228777,0.648035196480352,0.190880911908809,0.813868613138686,0.804019598040196,0.58969103089691,0.503099690030997,0.713928607139286,0.73032696730327,0.687731226877312,0.865313468653135,0.743425657434257,0.478552144785521,0.334766523347665,0.696080391960804,0.396510348965104,0.457004299570043,0.784621537846215,0.52044795520448,0.413508649135087,0.496350364963504,0.753274672532747,0.652434756524348,0.290920907909209,0.0707929207079292,0.397810218978102,0.278872112788721,0.813668633136686,0.620937906209379,0.814718528147185,0.368413158684132
"SNP-31_1",0.341665833416658,0.476102389761024,0.127037296270373,0.79032096790321,0.0822417758224178,0.0731926807319268,0.482351764823518,0.735976402359764,0.699480051994801,0.655584441555844,0.403509649035097,0.472702729727027,0.11013898610139,0.953104689531047,0.549245075492451,0.299220077992201,0.883511648835116,0.541645835416458,0.0602439756024398,0.126887311268873,0.734676532346765,0.006999300069993,0.566143385661434,0.131086891310869,0.345115488451155,0.832316768323168,0.759024097590241,0.684931506849315,0.0507949205079492,0.240675932406759,0.410708929107089,0.726527347265273,0.819268073192681,0.874312568743126,0.771772822717728,0.950654934506549,0.192330766923308,0.564693530646935,0.306319368063194,0.896960303969603,0.369463053694631,0.705229477052295,0.873012698730127,0.523597640235976,0.377512248775122,0.313368663133687,0.0258474152584742,0.171632836716328,0.322267773222678,0.688531146885311
"SNP-31_2",0.598990100989901,0.397510248975103,0.647235276472353,0.704129587041296,0.731726827317268,0.906209379062094,0.362763723627637,0.542395760423958,0.412658734126587,0.301119888011199,0.695830416958304,0.641635836416358,0.470752924707529,0.290520947905209,0.515748425157484,0.67033296670333,0.88041195880412,0.37991200879912,0.518048195180482,0.669433056694331,0.580741925807419,0.788971102889711,0.351114888511149,0.684181581841816,0.392160783921608,0.220777922207779,0.720577942205779,0.461153884611539,0.439356064393561,0.396560343965603,0.180831916808319,0.609039096090391,0.446055394460554,0.671932806719328,0.357264273572643,0.277072292770723,0.511248875112489,0.561993800619938,0.737826217378262,0.584241575842416,0.622237776222378,0.692330766923308,0.322267773222678,0.446855314468553,0.156584341565843,0.755674432556744,0.947605239476052,0.422357764223578,0.628637136286371,0.553444655534447
"SNP-32_1",0.756024397560244,0.253074692530747,0.582691730826917,0.627137286271373,0.480601939806019,0.307319268073193,0.182481751824818,0.123187681231877,0.703679632036796,0.597240275972403,0.802669733026697,0.394910508949105,0.729427057294271,0.145985401459854,0.568693130686931,0.493950604939506,0.586291370862914,0.502649735026497,0.382811718828117,0.752674732526747,0.580991900809919,0.440655934406559,0.755824417558244,0.717278272172783,0.189081091890811,0.116938306169383,0.246475352464754,0.706879312068793,0.323517648235176,0.287871212878712,0.66963303669633,0.472402759724028,0.668583141685831,0.646135386461354,0.525797420257974,0.697780221977802,0.647035296470353,0.0929407059294071,0.728377162283772,0.546495350464953,0.544745525447455,0.57009299070093,0.618338166183382,0.630836916308369,0.353364663533647,0.086991300869913,0.71002899710029,0.819318068193181,0.708679132086791,0.391060893910609
"SNP-32_2",0.3998600139986,0.382061793820618,0.512698730126987,0.492750724927507,0.294770522947705,0.407059294070593,0.656734326567343,0.447855214478552,0.0497450254974503,0.33971602839716,0.481851814818518,0.405309469053095,0.560743925607439,0.678332166783322,0.636536346365363,0.317368263173683,0.605089491050895,0.286171382861714,0.404459554044596,0.244175582441756,0.413358664133587,0.224427557244276,0.801519848015198,0.0704429557044296,0.0758924107589241,0.514598540145985,0.531846815318468,0.78957104289571,0.225177482251775,0.200929907009299,0.327867213278672,0.638836116388361,0.378712128787121,0.353864613538646,0.702529747025297,0.600639936006399,0.530746925307469,0.698430156984302,0.607439256074393,0.587941205879412,0.0471952804719528,0.0328967103289671,0.694730526947305,0.563293670632937,0.577992200779922,0.191830816918308,0.689031096890311,0.285871412858714,0.466103389661034,0.428257174282572
"SNP-33_1",0.609139086091391,0.716278372162784,0.288971102889711,0.362113788621138,0.662583741625837,0.563793620637936,0.122287771222878,0.126387361263874,0.283421657834217,0.102089791020898,0.551894810518948,0.276622337766223,0.42965703429657,0.362213778622138,0.927407259274073,0.635786421357864,0.443505649435056,0.317518248175182,0.652734726527347,0.44955504449555,0.706829317068293,0.27952204779522,0.258974102589741,0.242625737426257,0.106339366063394,0.678082191780822,0.106589341065893,0.693880611938806,0.0943405659434057,0.0822917708229177,0.0539446055394461,0.684031596840316,0.655334466553345,0.296570342965703,0.408709129087091,0.543445655434457,0.241375862413759,0.47040295970403,0.297370262973703,0.815718428157184,0.307019298070193,0.565493450654935,0.10973902609739,0.385961403859614,0.444405559444056,0.436456354364564,0.17958204179582,0.752224777522248,0.887411258874113,0.886661333866613
"SNP-33_2",0.124437556244376,0.130536946305369,0.117238276172383,0.0107489251074893,0.389261073892611,0.434756524347565,0.0793420657934207,0.273972602739726,0.309469053094691,0.103239676032397,0.518948105189481,0.163583641635836,0.0591940805919408,0.0657434256574343,0.0920907909209079,0.2995700429957,0.219028097190281,0.395460453954605,0.521647835216478,0.188181181881812,0.093990600939906,0.205579442055794,0.428257174282572,0.151234876512349,0.442555744425557,0.113088691130887,0.31006899310069,0.208879112088791,0.0317468253174683,0.205579442055794,0.0613438656134387,0.421057894210579,0.0073992600739926,0.253574642535746,0.601639836016398,0.189481051894811,0.0149485051494851,0.391060893910609,0.0458954104589541,0.416458354164584,0.268623137686231,0.0509449055094491,0.31981801819818,0.122987701229877,0.76977302269773,0.0832916708329167,0.925957404259574,0.0137986201379862,0.0231976802319768,0.813218678132187
"SNP-34_1",0.482151784821518,0.3000699930007,0.459154084591541,0.176182381761824,0.515798420157984,0.731626837316268,0.495600439956004,0.185081491850815,0.151134886511349,0.201479852014799,0.0634936506349365,0.288721127887211,0.0682931706829317,0.0836416358364164,0.165883411658834,0.163983601639836,0.222027797220278,0.153434656534347,0.257574242575742,0.355564443555644,0.152534746525347,0.0738426157384262,0.571492850714929,0.145235476452355,0.476402359764024,0.497450254974503,0.0313468653134687,0.326517348265173,0.320867913208679,0.0035996400359964,0.275072492750725,0.414258574142586,0.494600539946005,0.228527147285271,0.448155184481552,0.0199480051994801,0.422407759224078,0.465603439656034,0.547795220477952,0.459254074592541,0.117938206179382,0.0125987401259874,0.278322167783222,0.134586541345865,0.333816618338166,0.289371062893711,0.497250274972503,0.436756324367563,0.139336066393361,0.174682531746825
"SNP-34_2",0.525797420257974,0.203229677032297,0.442805719428057,0.0985401459854015,0.145135486451355,0.281371862813719,0.134136586341366,0.0327967203279672,0.176182381761824,0.418608139186081,0.0842915708429157,0.292820717928207,0.0809419058094191,0.771222877712229,0.302419758024198,0.531396860313969,0.044045595440456,0.413058694130587,0.212778722127787,0.0518448155184482,0.3004199580042,0.77967203279672,0.434756524347565,0.161283871612839,0.341415858414159,0.0977902209779022,0.176682331766823,0.263823617638236,0.511248875112489,0.283821617838216,0.636736326367363,0.421757824217578,0.13048695130487,0.198230176982302,0.114138586141386,0.0706929307069293,0.326767323267673,0.037996200379962,0.0894910508949105,0.0603939606039396,0.0527947205279472,0.113638636136386,0.283771622837716,0.577892210778922,0.204729527047295,0.0770922907709229,0.503549645035496,0.703629637036296,0.0402459754024598,0.12953704629537
"SNP-35_1",0.483101689831017,0.263423657634237,0.526697330266973,0.0221477852214779,0.131486851314869,0.134836516348365,0.270722927707229,0.472352764723528,0.111938806119388,0.207829217078292,0.109189081091891,0.211228877112289,0.112538746125387,0.527197280271973,0.636036396360364,0.0175982401759824,0.228627137286271,0.305719428057194,0.503149685031497,0.00824917508249175,0.153434656534347,0.658134186581342,0.263473652634737,0.33011698830117,0.476352364763524,0.338966103389661,0.0966903309669033,0.0677932206779322,0.16958304169583,0.23952604739526,0.264823517648235,0.124087591240876,0.185631436856314,0.516598340165983,0.28957104289571,0.0946405359464054,0.0788421157884212,0.710878912108789,0.18963103689631,0.13028697130287,0.00574942505749425,0.530696930306969,0.192830716928307,0.161883811618838,0.456854314568543,0.492200779922008,0.318118188181182,0.172232776722328,0.00204979502049795,0.461903809619038
"SNP-35_2",0.229177082291771,0.661733826617338,0.707879212078792,0.347715228477152,0.691080891910809,0.368463153684632,0.466203379662034,0.413558644135586,0.741775822417758,0.245825417458254,0.370762923707629,0.637436256374363,0.542545745425457,0.527447255274473,0.695930406959304,0.633636636336366,0.738226177382262,0.431656834316568,0.399410058994101,0.668033196680332,0.484401559844016,0.622887711228877,0.614538546145386,0.386061393860614,0.595090490950905,0.472752724727527,0.758624137586241,0.729527047295271,0.408759124087591,0.778872112788721,0.732976702329767,0.611438856114389,0.480801919808019,0.545945405459454,0.341715828417158,0.617038296170383,0.508599140085991,0.503949605039496,0.661733826617338,0.22022797720228,0.32041795820418,0.208279172082792,0.868663133686631,0.666333366663334,0.506799320067993,0.93970602939706,0.820617938206179,0.397860213978602,0.875762423757624,0.372612738726127
"SNP-36_1",0.64948505149485,0.495100489951005,0.692430756924308,0.672932706729327,0.384561543845615,0.775172482751725,0.0381961803819618,0.159484051594841,0.306569343065693,0.465453454654535,0.553094690530947,0.68953104689531,0.34981501849815,0.761723827617238,0.253924607539246,0.186431356864314,0.665833416658334,0.548495150484951,0.555144485551445,0.256474352564744,0.302419758024198,0.761673832616738,0.186281371862814,0.545145485451455,0.492200779922008,0.847515248475152,0.697980201979802,0.73017698230177,0.874662533746625,0.785121487851215,0.427957204279572,0.267923207679232,0.425307469253075,0.296620337966203,0.451304869513049,0.359414058594141,0.275372462753725,0.153884611538846,0.175082491750825,0.565493450654935,0.387361263873613,0.356164383561644,0.326217378262174,0.0836416358364164,0.342915708429157,0.31971802819718,0.753824617538246,0.755824417558244,0.94000599940006,0.28967103289671
"SNP-36_2",0.586091390860914,0.175632436756324,0.475152484751525,0.126337366263374,0.665133486651335,0.531196880311969,0.670932906709329,0.0629437056294371,0.729377062293771,0.562343765623438,0.242575742425757,0.406859314068593,0.324367563243676,0.664633536646335,0.797120287971203,0.803269673032697,0.143885611438856,0.213178682131787,0.198180181981802,0.324767523247675,0.627987201279872,0.177932206779322,0.321517848215178,0.486001399860014,0.496600339966003,0.376812318768123,0.297520247975202,0.186331366863314,0.507799220077992,0.4002599740026,0.322567743225677,0.0697930206979302,0.179432056794321,0.293220677932207,0.796570342965703,0.417508249175083,0.897910208979102,0.00834916508349165,0.135086491350865,0.333366663333667,0.770522947705229,0.444855514448555,0.360963903609639,0.284721527847215,0.921507849215078,0.63028697130287,0.308069193080692,0.787071292870713,0.252624737526247,0.581241875812419
"SNP-37_1",0.0798920107989201,0.622087791220878,0.231626837316268,0.357514248575142,0.0802419758024198,0.193830616938306,0.310818918108189,0.715128487151285,0.711528847115289,0.23992600739926,0.6999800019998,0.206629337066293,0.345015498450155,0.155534446555344,0.578642135786421,0.587941205879412,0.364663533646635,0.606489351064894,0.516448355164484,0.62958704129587,0.173182681731827,0.445505449455054,0.142035796420358,0.294070592940706,0.331316868313169,0.114838516148385,0.821417858214179,0.482151784821518,0.426907309269073,0.224027597240276,0.156134386561344,0.783971602839716,0.651934806519348,0.795720427957204,0.792370762923708,0.917208279172083,0.527547245275472,0.641735826417358,0.706979302069793,0.437606239376062,0.748425157484252,0.043045695430457,0.183031696830317,0.502449755024498,0.5997400259974,0.106089391060894,0.732426757324268,0.628287171282872,0.846815318468153,0.0125487451254875
"SNP-37_2",0.387461253874613,0.0636936306369363,0.232326767323268,0.0608439156084392,0.387761223877612,0.159484051594841,0.0147485251474853,0.0182481751824818,0.016048395160484,0.214578542145785,0.172482751724828,0.104639536046395,0.288271172882712,0.0579442055794421,0.32031796820318,0.456904309569043,0.0601939806019398,0.0953404659534047,0.137086291370863,0.135586441355864,0.193780621937806,0.261823817618238,0.285421457854215,0.556444355564444,0.40970902909709,0.210878912108789,0.392160783921608,0.0154484551544846,0.209379062093791,0.00994900509949005,0.106939306069393,0.457104289571043,0.236276372362764,0.0131486851314869,0.21032896710329,0.0418458154184582,0.15983401659834,0.214228577142286,0.0851414858514149,0.225927407259274,0.450554944505549,0.00514948505149485,0.333866613338666,0.0703429657034297,0.49040095990401,0.373462653734627,0.193980601939806,0.523297670232977,0.128587141285871,0.177282271772823
"SNP-38_1",0.807969203079692,0.501749825017498,0.525047495250475,0.392560743925607,0.305119488051195,0.478352164783522,0.737276272372763,0.58994100589941,0.393510648935107,0.376562343765623,0.486401359864014,0.315818418158184,0.154384561543846,0.226677332266773,0.173982601739826,0.2997700229977,0.412008799120088,0.37011298870113,0.846915308469153,0.0864413558644136,0.687831216878312,0.66013398660134,0.746625337466253,0.618288171182882,0.728177182281772,0.742825717428257,0.684581541845815,0.457404259574043,0.507449255074493,0.808819118088191,0.527847215278472,0.328917108289171,0.775422457754225,0.54954504549545,0.710528947105289,0.456054394560544,0.35036496350365,0.21952804719528,0.423957604239576,0.439006099390061,0.541045895410459,0.0439456054394561,0.511298870112989,0.386211378862114,0.302669733026697,0.158734126587341,0.146385361463854,0.14958504149585,0.5998400159984,0.525897410258974
"SNP-38_2",0.178132186781322,0.103389661033897,0.0178482151784822,0.453904609539046,0.745775422457754,0.793620637936206,0.727127287271273,0.0278472152784722,0.501099890010999,0.316868313168683,0.287321267873213,0.0158984101589841,0.412308769123088,0.350714928507149,0.18048195180482,0.0835916408359164,0.298470152984702,0.205929407059294,0.102839716028397,0.642835716428357,0.597740225977402,0.322767723227677,0.067993200679932,0.433456654334567,0.372012798720128,0.513198680131987,0.687431256874313,0.864463553644636,0.0605939406059394,0.349115088491151,0.324617538246175,0.232976702329767,0.676932306769323,0.235476452354765,0.114188581141886,0.401509849015099,0.714928507149285,0.375212478752125,0.583441655834417,0.0556944305569443,0.0506949305069493,0.0256974302569743,0.666933306669333,0.294970502949705,0.901109889011099,0.501299870012999,0.304419558044196,0.421307869213079,0.613338666133387,0.157184281571843
"SNP-39_1",0.164133586641336,0.161833816618338,0.0916908309169083,0.648435156484352,0.612838716128387,0.478452154784522,0.0331966803319668,0.394610538946105,0.638586141385861,0.655484451554844,0.076992300769923,0.0248975102489751,0.501749825017498,0.614888511148885,0.13958604139586,0.0404459554044596,0.5003499650035,0.512098790120988,0.294570542945705,0.228827117288271,0.507149285071493,0.285821417858214,0.572792720727927,0.105139486051395,0.0312968703129687,0.0152984701529847,0.145685431456854,0.151784821517848,0.537496250374963,0.337566243375662,0.202429757024298,0.182981701829817,0.432506749325067,0.336016398360164,0.19008099190081,0.535846415358464,0.0792920707929207,0.334316568343166,0.571742825717428,0.0624937506249375,0.108239176082392,0.0130986901309869,0.364813518648135,0.0187481251874813,0.247425257474253,0.125487451254875,0.356764323567643,0.723927607239276,0.444205579442056,0.913958604139586
"SNP-39_2",0.787671232876712,0.399360063993601,0.148635136486351,0.556244375562444,0.684681531846815,0.0166483351664834,0.124387561243876,0.566743325667433,0.586341365863414,0.253324667533247,0.0224477552244776,0.160583941605839,0.296820317968203,0.0588441155884412,0.870762923707629,0.619038096190381,0.455004499550045,0.521797820217978,0.164933506649335,0.202079792020798,0.226227377262274,0.849415058494151,0.0327967203279672,0.131286871312869,0.491200879912009,0.772022797720228,0.840765923407659,0.677032296770323,0.0193480651934807,0.435506449355064,0.164083591640836,0.296870312968703,0.396160383961604,0.495550444955504,0.249175082491751,0.0545445455454455,0.0138986101389861,0.935056494350565,0.08999100089991,0.600739926007399,0.0795420457954205,0.00844915508449155,0.218978102189781,0.00944905509449055,0.756124387561244,0.374362563743626,0.285921407859214,0.390760923907609,0.298920107989201,0.280721927807219
"SNP-40_1",0.685881411858814,0.690880911908809,0.540445955404459,0.165333466653335,0.438256174382562,0.437756224377562,0.565593440655934,0.444705529447055,0.133386661333867,0.774422557744226,0.574042595740426,0.477452254774523,0.469253074692531,0.845015498450155,0.0674932506749325,0.0840915908409159,0.175182481751825,0.13038696130387,0.1996800319968,0.699130086991301,0.778272172782722,0.475752424757524,0.0438956104389561,0.735676432356764,0.607489251074892,0.403159684031597,0.461753824617538,0.477802219778022,0.273472652734727,0.699380061993801,0.651434856514349,0.757124287571243,0.0283971602839716,0.244825517448255,0.537496250374963,0.335466453354665,0.755224477552245,0.374062593740626,0.445555444455554,0.61053894610539,0.428257174282572,0.714128587141286,0.661833816618338,0.654134586541346,0.662883711628837,0.457154284571543,0.053994600539946,0.902859714028597,0.66048395160484,0.42990700929907
"SNP-40_2",0.93010698930107,0.566043395660434,0.645685431456854,0.665883411658834,0.295470452954705,0.575492450754925,0.509049095090491,0.901909809019098,0.205529447055294,0.914108589141086,0.0292470752924708,0.876912308769123,0.725277472252775,0.205079492050795,0.823217678232177,0.511998800119988,0.783921607839216,0.025997400259974,0.327217278272173,0.842315768423158,0.597590240975902,0.448605139486051,0.373062693730627,0.304969503049695,0.156734326567343,0.591340865913409,0.411208879112089,0.476852314768523,0.698080191980802,0.729427057294271,0.816618338166183,0.823767623237676,0.513548645135486,0.621037896210379,0.508649135086491,0.36996300369963,0.373662633736626,0.760773922607739,0.212528747125287,0.246125387461254,0.708029197080292,0.953704629537046,0.31016898310169,0.277772222777722,0.0554944505549445,0.96020397960204,0.845065493450655,0.824417558244176,0.123437656234377,0.958404159584042
"SNP-41_1",0.557944205579442,0.881561843815618,0.59004099590041,0.718578142185781,0.304369563043696,0.171082891710829,0.692380761923808,0.776022397760224,0.789071092890711,0.750924907509249,0.625787421257874,0.666333366663334,0.645585441455854,0.585541445855414,0.393110688931107,0.528797120287971,0.821517848215178,0.604539546045396,0.828367163283672,0.508799120087991,0.198430156984302,0.91000899910009,0.746275372462754,0.564743525647435,0.435656434356564,0.655584441555844,0.60973902609739,0.768573142685731,0.514398560143986,0.788971102889711,0.421457854214579,0.302019798020198,0.683531646835316,0.537346265373463,0.877962203779622,0.556094390560944,0.328767123287671,0.88021197880212,0.577742225777422,0.961653834616538,0.754324567543246,0.275222477752225,0.730976902309769,0.879412058794121,0.536846315368463,0.610888911108889,0.563243675632437,0.743325667433257,0.47985201479852,0.782871712828717
"SNP-41_2",0.0743425657434257,0.578642135786421,0.694080591940806,0.077042295770423,0.739426057394261,0.664783521647835,0.673082691730827,0.53024697530247,0.542595740425957,0.0596440355964404,0.0834416558344166,0.87026297370263,0.181731826817318,0.285271472852715,0.0770922907709229,0.710878912108789,0.118538146185381,0.95000499950005,0.863713628637136,0.79022097790221,0.863163683631637,0.643685631436856,0.392060793920608,0.0504949505049495,0.648835116488351,0.830916908309169,0.0319468053194681,0.198880111988801,0.370912908709129,0.61033896610339,0.0414958504149585,0.442155784421558,0.652684731526847,0.821017898210179,0.423357664233577,0.842065793420658,0.538996100389961,0.106439356064394,0.216328367163284,0.913008699130087,0.68033196680332,0.0191980801919808,0.360663933606639,0.651484851514848,0.509349065093491,0.167383261673833,0.689131086891311,0.212528747125287,0.718178182181782,0.476352364763524
"SNP-42_1",0.508949105089491,0.573542645735426,0.694930506949305,0.566943305669433,0.286521347865213,0.294420557944206,0.784171582841716,0.594940505949405,0.69033096690331,0.399060093990601,0.419458054194581,0.447055294470553,0.834116588341166,0.364263573642636,0.497850214978502,0.31961803819618,0.566043395660434,0.615838416158384,0.441855814418558,0.531146885311469,0.524347565243476,0.370862913708629,0.678682131786821,0.611088891110889,0.642735726427357,0.510848915108489,0.339066093390661,0.312918708129187,0.406759324067593,0.422607739226077,0.591190880911909,0.380811918808119,0.61013898610139,0.64013598640136,0.788471152884711,0.237276272372763,0.21027897210279,0.527647235276472,0.38991100889911,0.445005499450055,0.886711328867113,0.582891710828917,0.74977502249775,0.322267773222678,0.693130686931307,0.308719128087191,0.651084891510849,0.954804519548045,0.4002099790021,0.612138786121388
"SNP-42_2",0.468253174682532,0.266273372662734,0.342515748425157,0.431156884311569,0.201379862013799,0.342665733426657,0.348115188481152,0.21967803219678,0.301719828017198,0.4001099890011,0.554194580541946,0.325317468253175,0.146385361463854,0.578742125787421,0.367513248675132,0.352614738526147,0.362863713628637,0.254474552544746,0.463303669633037,0.207329267073293,0.651534846515348,0.665633436656334,0.233876612338766,0.422407759224078,0.122387761223878,0.595940405959404,0.335416458354165,0.328917108289171,0.513398660133987,0.234626537346265,0.606789321067893,0.542945705429457,0.476952304769523,0.51989801019898,0.376462353764624,0.377412258774123,0.502099790020998,0.106789321067893,0.257574242575742,0.0602939706029397,0.226777322267773,0.0195980401959804,0.652484751524848,0.551694830516948,0.581241875812419,0.344615538446155,0.117788221177882,0.279172082791721,0.447405259474053,0.0753924607539246
"SNP-43_1",0.776072392760724,0.809219078092191,0.484701529847015,0.753224677532247,0.648885111488851,0.868913108689131,0.855714428557144,0.224027597240276,0.732076792320768,0.404759524047595,0.831516848315168,0.764873512648735,0.494400559944006,0.603139686031397,0.617738226177382,0.664633536646335,0.565043495650435,0.856814318568143,0.75007499250075,0.121137886211379,0.805119488051195,0.727527247275273,0.517048295170483,0.687031296870313,0.573292670732927,0.0554444555544446,0.684481551844816,0.35011498850115,0.642985701429857,0.712478752124788,0.396810318968103,0.682081791820818,0.784171582841716,0.575992400759924,0.619388061193881,0.682981701829817,0.686081391860814,0.367263273672633,0.824417558244176,0.753924607539246,0.856764323567643,0.713878612138786,0.866613338666133,0.401009899010099,0.175782421757824,0.137136286371363,0.353164683531647,0.880611938806119,0.356164383561644,0.0941405859414059
"SNP-43_2",0.425957404259574,0.356114388561144,0.505449455054495,0.336566343365663,0.0571442855714429,0.174232576742326,0.40975902409759,0.442355764423558,0.473502649735026,0.0831916808319168,0.186881311868813,0.0827917208279172,0.41045895410459,0.494650534946505,0.0455454454554545,0.696430356964304,0.437606239376062,0.331866813318668,0.302469753024698,0.137686231376862,0.240775922407759,0.511198880111989,0.0144985501449855,0.202179782021798,0.811318868113189,0.0865413458654135,0.256924307569243,0.256724327567243,0.0795420457954205,0.464803519648035,0.28952104789521,0.105039496050395,0.340715928407159,0.772822717728227,0.15008499150085,0.668083191680832,0.0491950804919508,0.692780721927807,0.152834716528347,0.321267873212679,0.408109189081092,0.240575942405759,0.162283771622838,0.59039096090391,0.0119488051194881,0.301619838016198,0.236626337366263,0.26972302769723,0.0292470752924708,0.0382961703829617
"SNP-44_1",0.00024997500249975,0.122237776222378,0.00024997500249975,0.00024997500249975,0.0001999800019998,0.0001999800019998,0.192880711928807,0.00024997500249975,0.317918208179182,0.00024997500249975,0.0001999800019998,0.0001999800019998,0.0001999800019998,0.0136986301369863,0.0002999700029997,0.0001999800019998,0.0007999200079992,0.0001999800019998,0.00024997500249975,0.0001999800019998,0.130786921307869,0.0001999800019998,0.00024997500249975,0.0537946205379462,0.00074992500749925,0.00204979502049795,0.00044995500449955,0.104039596040396,0.0007999200079992,0.0001999800019998,0.202629737026297,0.00024997500249975,0.0001999800019998,0.00024997500249975,0.0001999800019998,0.0001999800019998,0.442505749425057,0.0168983101689831,0.0001999800019998,0.0001999800019998,0.0776422357764224,0.006999300069993,0.00024997500249975,0.00024997500249975,0.0033996600339966,0.130986901309869,0.127837216278372,0.252174782521748,0.0164483551644836,0.361413858614139
"SNP-44_2",0.0634436556344366,0.344015598440156,0.530646935306469,0.517498250174983,0.0011998800119988,0.00034996500349965,0.533196680331967,0.809419058094191,0.447455254474553,0.343115688431157,0.465003499650035,0.551944805519448,0.3004199580042,0.230976902309769,0.271922807719228,0.334566543345665,0.315068493150685,0.541245875412459,0.308719128087191,0.191580841915808,0.181981801819818,0.435606439356064,0.402659734026597,0.598840115988401,0.166233376662334,0.343565643435656,0.565393460653935,0.0658934106589341,0.392910708929107,0.694680531946805,0.381761823817618,0.651234876512349,0.494350564943506,0.606089391060894,0.0005999400059994,0.522397760223978,0.147935206479352,0.892410758924108,0.0001999800019998,0.032996700329967,0.0004999500049995,0.594890510948905,0.18983101689831,0.454054594540546,0.104039596040396,0.384261573842616,0.456354364563544,0.2996700329967,0.0126987301269873,0.165783421657834
"SNP-45_1",0.292970702929707,0.201679832016798,0.579342065793421,0.53044695530447,0.0622437756224378,0.484001599840016,0.81971802819718,0.822267773222678,0.268573142685731,0.328117188281172,0.272572742725727,0.375362463753625,0.234626537346265,0.42970702929707,0.578192180781922,0.68963103689631,0.217978202179782,0.0894410558944106,0.366513348665133,0.637536246375362,0.448655134486551,0.128337166283372,0.754624537546245,0.803219678032197,0.721827817218278,0.651934806519348,0.598340165983402,0.12023797620238,0.568093190680932,0.831016898310169,0.46030396960304,0.607439256074393,0.856414358564144,0.728177182281772,0.841015898410159,0.896910308969103,0.587841215878412,0.747825217478252,0.749325067493251,0.0111488851114889,0.135536446355364,0.93960603939606,0.126287371262874,0.0811418858114189,0.31011898810119,0.780721927807219,0.372712728727127,0.843815618438156,0.322567743225677,0.540645935406459
"SNP-45_2",0.483951604839516,0.443305669433057,0.781121887811219,0.769323067693231,0.34981501849815,0.822117788221178,0.31951804819518,0.31966803319668,0.777222277772223,0.784071592840716,0.65968403159684,0.63018698130187,0.753824617538246,0.0455954404559544,0.862763723627637,0.546145385461454,0.303719628037196,0.56969303069693,0.374612538746125,0.344965503449655,0.729027097290271,0.735626437356264,0.704079592040796,0.234026597340266,0.723077692230777,0.491950804919508,0.487001299870013,0.798820117988201,0.513148685131487,0.406209379062094,0.336966303369663,0.377562243775622,0.827667233276672,0.738076192380762,0.670732926707329,0.314918508149185,0.203129687031297,0.384811518848115,0.373462653734627,0.257574242575742,0.676082391760824,0.723977602239776,0.517148285171483,0.393960603939606,0.460953904609539,0.228977102289771,0.264323567643236,0.832316768323168,0.421957804219578,0.26977302269773
"SNP-46_1",0.62973702629737,0.413908609139086,0.546995300469953,0.482301769823018,0.221477852214779,0.439156084391561,0.298220177982202,0.436306369363064,0.240675932406759,0.381811818818118,0.446605339466053,0.497650234976502,0.323317668233177,0.32031796820318,0.344315568443156,0.214878512148785,0.557544245575442,0.527997200279972,0.216928307169283,0.582391760823918,0.192230776922308,0.266373362663734,0.437006299370063,0.414108589141086,0.392210778922108,0.505699430056994,0.543695630436956,0.388861113888611,0.535646435356464,0.473152684731527,0.524347565243476,0.277122287771223,0.417408259174083,0.272422757724228,0.690730926907309,0.113038696130387,0.804169583041696,0.792370762923708,0.413608639136086,0.453904609539046,0.401959804019598,0.476302369763024,0.237126287371263,0.30971902809719,0.98970102989701,0.16973302669733,0.715428457154285,0.0945405459454055,0.237876212378762,0.124487551244876
"SNP-46_2",0.084991500849915,0.143485651434857,0.11998800119988,0.664883511648835,0.477702229777022,0.294420557944206,0.102689731026897,0.0186481351864814,0.226427357264274,0.0502449755024498,0.0430956904309569,0.49025097490251,0.686531346865313,0.234676532346765,0.00544945505449455,0.0931906809319068,0.333066693330667,0.343215678432157,0.0675432456754325,0.194530546945305,0.0868413158684132,0.389011098890111,0.347615238476152,0.387861213878612,0.663933606639336,0.512848715128487,0.348715128487151,0.0632436756324368,0.0415458454154585,0.0714428557144286,0.105689431056894,0.347665233476652,0.347265273472653,0.173432656734327,0.0022997700229977,0.103089691030897,0.00134986501349865,0.183431656834317,0.0022997700229977,0.318118188181182,0.598590140985901,0.114588541145885,0.434956504349565,0.280921907809219,0.106989301069893,0.494100589941006,0.837516248375162,0.276622337766223,0.0374962503749625,0.21032896710329
"SNP-47_1",0.718528147185281,0.382161783821618,0.376062393760624,0.406359364063594,0.801419858014199,0.766573342665733,0.172232776722328,0.551194880511949,0.572242775722428,0.366113388661134,0.324267573242676,0.740925907409259,0.331266873312669,0.393860613938606,0.816618338166183,0.01004899510049,0.532996700329967,0.858264173582642,0.159334066593341,0.453954604539546,0.886111388861114,0.229227077292271,0.273072692730727,0.464953504649535,0.00874912508749125,0.608139186081392,0.77962203779622,0.675082491750825,0.135636436356364,0.702829717028297,0.641135886411359,0.686131386861314,0.462603739626037,0.705829417058294,0.551644835516448,0.847465253474653,0.358814118588141,0.707229277072293,0.0676432356764324,0.422857714228577,0.76982301769823,0.36951304869513,0.711278872112789,0.12048795120488,0.441655834416558,0.0741425857414259,0.485301469853015,0.708479152084792,0.0514448555144486,0.0527447255274473
"SNP-47_2",0.457504249575042,0.303619638036196,0.0904909509049095,0.166933306669333,0.471102889711029,0.651584841515848,0.213178682131787,0.770722927707229,0.683531646835316,0.280521947805219,0.360613938606139,0.561843815618438,0.460553944605539,0.245425457454255,0.1003899610039,0.634236576342366,0.391760823917608,0.216078392160784,0.351814818518148,0.731076892310769,0.372812718728127,0.513848615138486,0.824617538246175,0.513448655134487,0.759524047595241,0.0647935206479352,0.540545945405459,0.540595940405959,0.24002599740026,0.121837816218378,0.32956704329567,0.737826217378262,0.184631536846315,0.224527547245275,0.711028897110289,0.122087791220878,0.684781521847815,0.753324667533247,0.472502749725027,0.544145585441456,0.658834116588341,0.515148485151485,0.384311568843116,0.38971102889711,0.337566243375662,0.865213478652135,0.211228877112289,0.560743925607439,0.441455854414559,0.448505149485051
"SNP-48_1",0.318318168183182,0.0320967903209679,0.159134086591341,0.249375062493751,0.484251574842516,0.388011198880112,0.331866813318668,0.355364463553645,0.363263673632637,0.248575142485751,0.0464453554644536,0.451304869513049,0.158934106589341,0.450704929507049,0.825217478252175,0.455454454554545,0.188481151884812,0.112788721127887,0.715228477152285,0.161683831616838,0.228327167283272,0.549245075492451,0.065043495650435,0.13028697130287,0.278022197780222,0.255124487551245,0.135136486351365,0.0454454554544546,0.26982301769823,0.0451454854514549,0.193880611938806,0.324217578242176,0.165833416658334,0.475302469753025,0.0582441755824418,0.568343165683432,0.0827917208279172,0.0524447555244476,0.604539546045396,0.238826117388261,0.304869513048695,0.17008299170083,0.0232476752324768,0.250974902509749,0.742725727427257,0.0054994500549945,0.0656934306569343,0.0308969103089691,0.0974902509749025,0.28027197280272
"SNP-48_2",0.187881211878812,0.196680331966803,0.356514348565143,0.544545545445455,0.624587541245875,0.337866213378662,0.0898910108989101,0.31986801319868,0.308319168083192,0.0851414858514149,0.136786321367863,0.245525447455254,0.422007799220078,0.0986401359864014,0.275872412758724,0.484051594840516,0.548195180481952,0.0656434356564344,0.0992400759924008,0.264373562643736,0.22982701729827,0.106989301069893,0.201629837016298,0.382961703829617,0.544045595440456,0.306519348065193,0.118588141185881,0.218178182181782,0.223127687231277,0.544395560443956,0.106789321067893,0.221627837216278,0.233076692330767,0.0836916308369163,0.19038096190381,0.101139886011399,0.371112888711129,0.596240375962404,0.489051094890511,0.530746925307469,0.0212978702129787,0.454354564543546,0.236976302369763,0.465703429657034,0.416358364163584,0.0947405259474053,0.38986101389861,0.676932306769323,0.12008799120088,0.0722427757224278
"SNP-49_1",0.707079292070793,0.567893210678932,0.510548945105489,0.343465653434657,0.615488451154884,0.517248275172483,0.454804519548045,0.88961103889611,0.68953104689531,0.456704329567043,0.573692630736926,0.626487351264874,0.594090590940906,0.775222477752225,0.264573542645735,0.251624837516248,0.408559144085591,0.356614338566143,0.667833216678332,0.617888211178882,0.534746525347465,0.675482451754824,0.688031196880312,0.343065693430657,0.738626137386261,0.805219478052195,0.441755824417558,0.49040095990401,0.497850214978502,0.504249575042496,0.308019198080192,0.524997500249975,0.683081691830817,0.875112488751125,0.109239076092391,0.776922307769223,0.336416358364164,0.773072692730727,0.484701529847015,0.221477852214779,0.792670732926707,0.384761523847615,0.180931906809319,0.926007399260074,0.432156784321568,0.511448855114489,0.823217678232177,0.406909309069093,0.713078692130787,0.213878612138786
"SNP-49_2",0.562743725627437,0.28042195780422,0.12958704129587,0.0753924607539246,0.0970902909709029,0.0621437856214379,0.414508549145086,0.720627937206279,0.901309869013099,0.328367163283672,0.0826917308269173,0.136486351364864,0.0930906909309069,0.466553344665533,0.549295070492951,0.0482951704829517,0.105339466053395,0.108989101089891,0.286621337866213,0.0420957904209579,0.00794920507949205,0.0359464053594641,0.279472052794721,0.0173982601739826,0.228927107289271,0.631136886311369,0.186481351864814,0.142935706429357,0.0633436656334367,0.54034596540346,0.324267573242676,0.0692930706929307,0.301669833016698,0.140785921407859,0.158284171582842,0.18033196680332,0.16008399160084,0.558844115588441,0.226327367263274,0.37041295870413,0.104539546045395,0.614688531146885,0.234676532346765,0.728627137286271,0.854914508549145,0.0998900109989001,0.241025897410259,0.830716928307169,0.588141185881412,0.644435556444356
"SNP-50_1",0.0214978502149785,0.143785621437856,0.0988401159884012,0.0068993100689931,0.0071992800719928,0.0074992500749925,0.262473752624738,0.0443955604439556,0.40965903409659,0.310818918108189,0.108489151084892,0.136686331366863,0.130636936306369,0.0367463253674633,0.00134986501349865,0.0329467053294671,0.0066993300669933,0.00664933506649335,0.061993800619938,0.0672932706729327,0.0574942505749425,0.443155684431557,0.1002399760024,0.113188681131887,0.0040995900409959,0.225677432256774,0.00694930506949305,0.0614938506149385,0.0617438256174383,0.239426057394261,0.144085591440856,0.0619438056194381,0.251924807519248,0.137786221377862,0.153534646535346,0.191880811918808,0.411208879112089,0.0848415158484152,0.0533446655334467,0.00384961503849615,0.560643935606439,0.113188681131887,0.247575242475752,0.725877412258774,0.772522747725227,0.272722727727227,0.195730426957304,0.597890210978902,0.0544945505449455,0.562293770622938
"SNP-50_2",0.603089691030897,0.0574442555744426,0.0731426857314269,0.0196980301969803,0.0656934306569343,0.0206979302069793,0.0238976102389761,0.613088691130887,0.0173982601739826,0.0773922607739226,0.0596940305969403,0.0476452354764524,0.0689431056894311,0.255824417558244,0.667533246675332,0.0072992700729927,0.0285971402859714,0.0047995200479952,0.176932306769323,0.0654434556544346,0.106189381061894,0.284271572842716,0.231876812318768,0.0414458554144586,0.134136586341366,0.315918408159184,0.0773422657734227,0.0129487051294871,0.0855414458554145,0.127837216278372,0.00704929507049295,0.0457454254574543,0.0346465353464654,0.16993300669933,0.008999100089991,0.218328167183282,0.00404959504049595,0.559444055594441,0.105539446055394,0.399160083991601,0.0219478052194781,0.0708929107089291,0.0230976902309769,0.208379162083792,0.151284871512849,0.81961803819618,0.261423857614239,0.557494250574943,0.472902709729027,0.0346465353464654
"SNP-51_1",0.234726527347265,0.328967103289671,0.132186781321868,0.322617738226177,0.0256974302569743,0.68973102689731,0.694980501949805,0.214328567143286,0.468453154684532,0.520997900209979,0.376212378762124,0.177682231776822,0.104839516048395,0.493900609939006,0.540945905409459,0.514798520147985,0.507899210078992,0.229027097290271,0.483201679832017,0.648785121487851,0.146985301469853,0.44970502949705,0.708979102089791,0.484451554844516,0.418358164183582,0.283171682831717,0.543195680431957,0.0468953104689531,0.331866813318668,0.567143285671433,0.152084791520848,0.235626437356264,0.476302369763024,0.341115888411159,0.281871812818718,0.206429357064294,0.143785621437856,0.172732726727327,0.306819318068193,0.294420557944206,0.607789221077892,0.140935906409359,0.372712728727127,0.0187481251874813,0.0432456754324568,0.668933106689331,0.466653334666533,0.624287571242876,0.548545145485451,0.863413658634137
"SNP-51_2",0.167333266673333,0.0652934706529347,0.104039596040396,0.236026397360264,0.115538446155384,0.136186381361864,0.194280571942806,0.257024297570243,0.242525747425257,0.206179382061794,0.328817118288171,0.0563443655634437,0.113188681131887,0.278072192780722,0.329467053294671,0.228677132286771,0.246175382461754,0.124487551244876,0.139436056394361,0.212528747125287,0.109489051094891,0.123687631236876,0.0568443155684432,0.126187381261874,0.522497750224977,0.0890910908909109,0.627787221277872,0.34966503349665,0.455504449555044,0.075992400759924,0.260873912608739,0.174282571742826,0.091040895910409,0.463703629637036,0.106989301069893,0.258474152584742,0.136836316368363,0.0983401659834017,0.438656134386561,0.0969403059694031,0.122187781221878,0.216828317168283,0.174832516748325,0.135436456354365,0.440655934406559,0.322967703229677,0.168733126687331,0.208229177082292,0.161333866613339,0.221527847215278
"SNP-52_1",0.436606339366063,0.502449755024498,0.634036596340366,0.744025597440256,0.117138286171383,0.083041695830417,0.698480151984802,0.466753324667533,0.316318368163184,0.782121787821218,0.298270172982702,0.57984201579842,0.575542445755424,0.587741225877412,0.435556444355564,0.480651934806519,0.67993200679932,0.490550944905509,0.677282271772823,0.635586441355864,0.513648635136486,0.0154484551544846,0.531346865313469,0.601689831016898,0.693280671932807,0.434756524347565,0.593990600939906,0.468953104689531,0.41980801919808,0.444905509449055,0.777122287771223,0.722377762223778,0.297770222977702,0.830816918308169,0.373562643735626,0.752874712528747,0.761523847615239,0.504999500049995,0.177132286771323,0.786221377862214,0.768623137686231,0.36031396860314,0.357714228577142,0.508699130086991,0.47965203479652,0.667683231676832,0.34041595840416,0.625737426257374,0.689181081891811,0.342715728427157
"SNP-52_2",0.303169683031697,0.242175782421758,0.102839716028397,0.0853414658534147,0.505399460053995,0.0964403559644036,0.277922207779222,0.0106989301069893,0.565193480651935,0.0960903909609039,0.33031696830317,0.0572942705729427,0.28967103289671,0.0984401559844016,0.807069293070693,0.219328067193281,0.214328567143286,0.076992300769923,0.0807419258074193,0.133136686331367,0.584491550844916,0.137936206379362,0.516148385161484,0.124587541245875,0.248475152484752,0.0861913808619138,0.0109489051094891,0.235276472352765,0.182581741825817,0.143985601439856,0.1995300469953,0.281821817818218,0.101089891010899,0.0879412058794121,0.00544945505449455,0.0881911808819118,0.321567843215678,0.386911308869113,0.133836616338366,0.256424357564244,0.570542945705429,0.0683931606839316,0.0971402859714029,0.516448355164484,0.224977502249775,0.232376762323768,0.0642435756424358,0.926807319268073,0.462703729627037,0.0417958204179582
"SNP-53_1",0.112638736126387,0.045995400459954,0.172132786721328,0.0687931206879312,0.168383161683832,0.171432856714329,0.151634836516348,0.098990100989901,0.017998200179982,0.0338966103389661,0.0129487051294871,0.0322967703229677,0.0041995800419958,0.130586941305869,0.154934506549345,0.225627437256274,0.0105489451054895,0.0101989801019898,0.46015398460154,0.00014998500149985,0.00024997500249975,0.0588441155884412,0.520747925207479,0.0789421057894211,0.0418458154184582,0.132486751324868,0.023047695230477,0.0955904409559044,0.0720927907209279,0.25997400259974,0.128787121287871,0.27952204779522,0.0896410358964104,0.0127487251274873,0.0236976302369763,0.0587941205879412,0.578092190780922,0.478202179782022,0.066043395660434,0.572492750724928,0.028997100289971,0.00794920507949205,0.136336366363364,0.349165083491651,0.0178982101789821,0.104989501049895,0.573642635736426,0.72042795720428,0.224377562243776,0.401359864013599
"SNP-53_2",0.733176682331767,0.0882911708829117,0.712228777122288,0.272922707729227,0.772072792720728,0.548745125487451,0.432756724327567,0.167883211678832,0.468953104689531,0.172732726727327,0.743275672432757,0.751974802519748,0.260923907609239,0.502399760023998,0.748325167483252,0.532496750324967,0.0322967703229677,0.77957204279572,0.383261673832617,0.27002299770023,0.597190280971903,0.665983401659834,0.774472552744725,0.418258174182582,0.221277872212779,0.563893610638936,0.635136486351365,0.746075392460754,0.554844515548445,0.0811418858114189,0.589391060893911,0.141385861413859,0.61008899110089,0.495850414958504,0.815168483151685,0.58039196080392,0.738676132386761,0.774622537746225,0.161883811618838,0.513548645135486,0.640535946405359,0.41000899910009,0.760823917608239,0.0241475852414759,0.132836716328367,0.741825817418258,0.919108089191081,0.809369063093691,0.276172382761724,0.660933906609339
"SNP-54_1",0.334016598340166,0.655834416558344,0.767673232676732,0.439156084391561,0.544145585441456,0.351564843515648,0.559344065593441,0.613038696130387,0.238826117388261,0.598190180981902,0.471652834716528,0.377612238776122,0.511398860113989,0.763873612638736,0.797520247975202,0.847015298470153,0.507049295070493,0.531896810318968,0.627837216278372,0.817318268173183,0.716178382161784,0.559494050594941,0.142885711428857,0.579342065793421,0.79022097790221,0.342315768423158,0.5002499750025,0.363163683631637,0.178832116788321,0.528247175282472,0.644735526447355,0.367813218678132,0.89016098390161,0.658984101589841,0.284121587841216,0.636086391360864,0.348465153484652,0.547695230476952,0.585541445855414,0.337216278372163,0.157284271572843,0.622137786221378,0.639236076392361,0.41995800419958,0.648635136486351,0.627687231276872,0.239476052394761,0.988801119888011,0.0946405359464054,0.685431456854315
"SNP-54_2",0.417308269173083,0.416858314168583,0.515498450154985,0.527297270272973,0.0203979602039796,0.0223477652234777,0.448805119488051,0.0427957204279572,0.338966103389661,0.456854314568543,0.0284971502849715,0.142335766423358,0.242025797420258,0.741925807419258,0.177382261773823,0.641735826417358,0.407559244075592,0.604889511048895,0.792620737926207,0.488001199880012,0.507749225077492,0.88026197380262,0.383511648835117,0.230726927307269,0.0209479052094791,0.64998500149985,0.334166583341666,0.550644935506449,0.620787921207879,0.58949105089491,0.668633136686331,0.607739226077392,0.0191980801919808,0.372562743725627,0.366763323667633,0.36966303369663,0.682831716828317,0.391710828917108,0.235626437356264,0.645835416458354,0.443505649435056,0.209329067093291,0.682831716828317,0.708629137086291,0.84951504849515,0.502149785021498,0.267973202679732,0.509049095090491,0.704329567043296,0.253174682531747
"SNP-55_1",0.464703529647035,0.51014898510149,0.885861413858614,0.248025197480252,0.378562143785621,0.830616938306169,0.393410658934107,0.307669233076692,0.677182281771823,0.372812718728127,0.621737826217378,0.288271172882712,0.822717728227177,0.241275872412759,0.325817418258174,0.86951304869513,0.781621837816218,0.704629537046295,0.527397260273973,0.398360163983602,0.561293870612939,0.420857914208579,0.681231876812319,0.375512448755124,0.532846715328467,0.469253074692531,0.682081791820818,0.0117488251174883,0.603889611038896,0.897760223977602,0.483001699830017,0.501849815018498,0.623087691230877,0.505899410058994,0.418358164183582,0.711428857114289,0.547545245475452,0.435856414358564,0.563143685631437,0.47965203479652,0.449255074492551,0.620837916208379,0.474402559744026,0.551294870512949,0.994900509949005,0.563143685631437,0.650584941505849,0.437706229377062,0.0431956804319568,0.517798220177982
"SNP-55_2",0.458254174582542,0.514298570142986,0.596290370962904,0.353714628537146,0.00484951504849515,0.402909709029097,0.241925807419258,0.351314868513149,0.003999600039996,0.125337466253375,0.291320867913209,0.757274272572743,0.0194480551944806,0.232776722327767,0.652734726527347,0.256624337566243,0.0778422157784222,0.0593440655934407,0.513498650134987,0.222527747225277,0.0263473652634737,0.388161183881612,0.661883811618838,0.606289371062894,0.611538846115388,0.48020197980202,0.514798520147985,0.236676332366763,0.147335266473353,0.460753924607539,0.0540945905409459,0.601389861013899,0.711078892110789,0.425907409259074,0.194630536946305,0.462203779622038,0.425607439256074,0.625587441255874,0.422107789221078,0.0930906909309069,0.0182981701829817,0.398160183981602,0.510898910108989,0.772572742725727,0.557144285571443,0.662433756624338,0.49015098490151,0.585041495850415,0.404859514048595,0.144735526447355
"SNP-56_1",0.191830816918308,0.202479752024798,0.43035696430357,0.371012898710129,0.577592240775922,0.0117488251174883,0.0490950904909509,0.333566643335666,0.608039196080392,0.0991900809919008,0.202079792020798,0.202829717028297,0.206179382061794,0.164733526647335,0.148535146485351,0.242525747425257,0.670532946705329,0.391060893910609,0.337466253374663,0.590640935906409,0.427457254274573,0.528247175282472,0.396960303969603,0.128087191280872,0.190530946905309,0.215328467153285,0.294220577942206,0.482551744825517,0.234476552344766,0.529247075292471,0.364563543645635,0.168883111688831,0.191530846915308,0.177382261773823,0.543645635436456,0.107739226077392,0.553694630536946,0.296620337966203,0.121787821217878,0.827767223277672,0.0917908209179082,0.0634436556344366,0.515748425157484,0.536946305369463,0.582141785821418,0.428007199280072,0.187931206879312,0.293470652934707,0.0357464253574643,0.265723427657234
"SNP-56_2",0.393210678932107,0.666033396660334,0.104889511048895,0.564593540645935,0.150934906509349,0.18028197180282,0.426357364263574,0.497900209979002,0.0208979102089791,0.563993600639936,0.0322467753224678,0.458954104589541,0.14993500649935,0.377762223777622,0.122487751224878,0.572442755724428,0.164333566643336,0.288421157884212,0.502949705029497,0.112838716128387,0.586091390860914,0.408309169083092,0.594840515948405,0.218878112188781,0.594140585941406,0.547595240475952,0.167333266673333,0.538396160383962,0.408509149085092,0.463803619638036,0.0408959104089591,0.506849315068493,0.0961403859614039,0.814568543145685,0.2999200079992,0.179032096790321,0.415508449155085,0.530746925307469,0.344065593440656,0.418258174182582,0.0876412358764124,0.271472852714729,0.631586841315868,0.815418458154185,0.192080791920808,0.686381361863814,0.861213878612139,0.48960103989601,0.701729827017298,0.71997800219978
"SNP-57_1",0.16028397160284,0.220827917208279,0.514848515148485,0.464203579642036,0.114538546145385,0.26997300269973,0.0004999500049995,0.155484451554845,0.0055994400559944,0.0616938306169383,0.318868113188681,0.37006299370063,0.33981601839816,0.0005999400059994,0.20997900209979,0.438306169383062,0.317418258174183,0.00834916508349165,0.344815518448155,0.332416758324168,0.336016398360164,0.542045795420458,0.117138286171383,0.15993400659934,0.558244175582442,0.275922407759224,0.265223477652235,0.421807819218078,0.216878312168783,0.897510248975102,0.00314968503149685,0.689481051894811,0.0152484751524848,0.599240075992401,0.0133986601339866,0.489401059894011,0.454604539546045,0.0726927307269273,0.486001399860014,0.0819418058194181,0.0901909809019098,0.124137586241376,0.305219478052195,0.001999800019998,0.876912308769123,0.190980901909809,0.204029597040296,0.0755424457554245,0.567543245675432,0.526097390260974
"SNP-57_2",0.440855914408559,0.224177582241776,0.541395860413959,0.658834116588341,0.904359564043596,0.00884911508849115,0.576592340765923,0.788721127887211,0.778022197780222,0.763623637636236,0.3004699530047,0.411858814118588,0.71027897210279,0.228477152284772,0.563443655634437,0.508549145085491,0.691330866913309,0.402009799020098,0.630686931306869,0.38031196880312,0.596040395960404,0.327467253274673,0.481801819818018,0.202229777022298,0.681381861813819,0.651234876512349,0.333166683331667,0.753174682531747,0.242175782421758,0.313468653134687,0.70957904209579,0.41965803419658,0.58014198580142,0.713228677132287,0.641035896410359,0.626937306269373,0.733176682331767,0.635886411358864,0.0776422357764224,0.941805819418058,0.82051794820518,0.531896810318968,0.267873212678732,0.642535746425357,0.324967503249675,0.717528247175283,0.168033196680332,0.417358264173583,0.417558244175582,0.30956904309569
"SNP-58_1",0.492750724927507,0.320517948205179,0.336866313368663,0.415158484151585,0.686981301869813,0.538396160383962,0.229427057294271,0.527547245275472,0.48045195480452,0.105089491050895,0.400709929007099,0.324917508249175,0.31981801819818,0.522647735226477,0.758574142585741,0.354064593540646,0.433306669333067,0.308569143085691,0.0408959104089591,0.0377462253774623,0.0169483051694831,0.207529247075292,0.34001599840016,0.442755724427557,0.0234976502349765,0.547195280471953,0.292470752924708,0.0291970802919708,0.0570942905709429,0.622687731226877,0.506249375062494,0.948905109489051,0.423807619238076,0.563043695630437,0.185781421857814,0.263723627637236,0.0157984201579842,0.445855414458554,0.449455054494551,0.132686731326867,0.433206679332067,0.102989701029897,0.25012498750125,0.249225077492251,0.0387961203879612,0.460653934606539,0.499100089991001,0.471502849715028,0.133886611338866,0.396210378962104
"SNP-58_2",0.126387361263874,0.177782221777822,0.398160183981602,0.165883411658834,0.213128687131287,0.119288071192881,0.0001999800019998,0.202579742025797,0.0242475752424758,0.273672632736726,0.631036896310369,0.108889111088891,0.182431756824318,0.601689831016898,0.123437656234377,0.768773122687731,0.425207479252075,0.00024997500249975,0.436356364363564,0.420907909209079,0.624087591240876,0.358364163583642,0.372112788721128,0.0002999700029997,0.00444955504449555,0.644285571442856,0.0305469453054695,0.108839116088391,0.00464953504649535,0.285921407859214,0.43955604439556,0.00734926507349265,0.348765123487651,0.57034296570343,0.243175682431757,0.0255474452554745,0.324967503249675,0.265873412658734,0.0206979302069793,0.156284371562844,0.435056494350565,0.421107889211079,0.207079292070793,0.0446955304469553,0.809169083091691,0.354664533546645,0.442355764423558,0.0551444855514449,0.263923607639236,0.813268673132687
"SNP-59_1",0.0651934806519348,0.0655434456554345,0.00154984501549845,0.0932906709329067,0.509199080091991,0.071992800719928,0.359414058594141,0.106739326067393,0.344315568443156,0.503049695030497,0.214178582141786,0.0012998700129987,0.165183481651835,0.323217678232177,0.316968303169683,0.366813318668133,0.147285271472853,0.0023997600239976,0.425807419258074,0.470652934706529,0.0052994700529947,0.278972102789721,0.333516648335166,0.0177982201779822,0.444805519448055,0.423307669233077,0.314718528147185,0.518448155184482,0.286921307869213,0.190780921907809,0.230776922307769,0.15008499150085,0.366863313668633,0.223427657234277,0.28972102789721,0.291370862913709,0.228727127287271,0.0826417358264174,0.0352964703529647,0.258774122587741,0.128737126287371,0.229077092290771,0.28957104289571,0.141485851414859,0.487601239876012,0.190980901909809,0.660583941605839,0.231726827317268,0.0084991500849915,0.565043495650435
"SNP-59_2",0.0182481751824818,0.367613238676132,0.0381461853814619,0.0661933806619338,0.53989601039896,0.0939406059394061,0.0011998800119988,0.00654934506549345,0.235376462353765,0.0125487451254875,0.0622437756224378,0.0359464053594641,0.131686831316868,0.00024997500249975,0.0241475852414759,0.394260573942606,0.262473752624738,0.0363463653634637,0.086991300869913,0.201329867013299,0.0738426157384262,0.810618938106189,0.651634836516348,0.262623737626237,0.0417458254174583,0.285421457854215,0.0775422457754225,0.365213478652135,0.0710928907109289,0.00234976502349765,0.00064993500649935,0.203279672032797,0.572392760723928,0.125537446255374,0.34966503349665,0.16983301669833,0.0438456154384562,0.0955904409559044,0.116538346165383,0.114388561143886,0.804519548045195,0.0310968903109689,0.0220977902209779,0.180931906809319,0.930506949305069,0.133836616338366,0.785221477852215,0.568843115688431,0.0633936606339366,0.423757624237576
"SNP-60_1",0.647185281471853,0.117238276172383,0.366113388661134,0.0450954904509549,0.114988501149885,0.126787321267873,0.145285471452855,0.475152484751525,0.523297670232977,0.00384961503849615,0.210978902109789,0.115338466153385,0.336166383361664,0.728577142285771,0.592390760923908,0.122787721227877,0.0427957204279572,0.141285871412859,0.385311468853115,0.0950904909509049,0.182381761823818,0.442455754424558,0.000999900009999,0.430656934306569,0.441555844415558,0.216928307169283,0.0813418658134187,0.0582441755824418,0.171582841715828,0.0765923407659234,0.398310168983102,0.159334066593341,0.127937206279372,0.141635836416358,0.213378662133787,0.180681931806819,0.374112588741126,0.306519348065193,0.110538946105389,0.236126387361264,0.0528447155284472,0.392210778922108,0.362163783621638,0.122737726227377,0.123587641235876,0.213928607139286,0.124037596240376,0.143435656434357,0.19013098690131,0.106939306069393
"SNP-60_2",0.565193480651935,0.578892110788921,0.694880511948805,0.118688131186881,0.362813718628137,0.418208179182082,0.355914408559144,0.288071192880712,0.562393760623938,0.571542845715428,0.481951804819518,0.118538146185381,0.119338066193381,0.387411258874113,0.28972102789721,0.295470452954705,0.40990900909909,0.821917808219178,0.467103289671033,0.370912908709129,0.127887211278872,0.58979102089791,0.394110588941106,0.532496750324967,0.644235576442356,0.565843415658434,0.705129487051295,0.482651734826517,0.462103789621038,0.252824717528247,0.503099690030997,0.0359464053594641,0.594540545945406,0.502749725027497,0.6997300269973,0.683131686831317,0.50979902009799,0.512898710128987,0.217328267173283,0.191730826917308,0.817968203179682,0.321967803219678,0.785371462853715,0.199380061993801,0.657384261573843,0.514498550144985,0.214328567143286,0.433456654334567,0.0978402159784022,0.879212078792121
"SNP-61_1",0.518198180181982,0.343815618438156,0.294970502949705,0.0988901109889011,0.763073692630737,0.753824617538246,0.0755924407559244,0.63963603639636,0.242025797420258,0.407459254074593,0.334816518348165,0.234826517348265,0.118638136186381,0.103939606039396,0.164533546645335,0.0990900909909009,0.342215778422158,0.287421257874213,0.45025497450255,0.706479352064794,0.303719628037196,0.603989601039896,0.634886511348865,0.286221377862214,0.263573642635736,0.187331266873313,0.74007599240076,0.387861213878612,0.193330666933307,0.333816618338166,0.154534546545345,0.173932606739326,0.132386761323868,0.117088291170883,0.323117688231177,0.142435756424358,0.675682431756824,0.730976902309769,0.538846115388461,0.638886111388861,0.283521647835216,0.0285971402859714,0.512198780121988,0.045045495450455,0.412008799120088,0.374412558744126,0.0972402759724028,0.588291170882912,0.235226477352265,0.415358464153585
"SNP-61_2",0.222377762223778,0.0130986901309869,0.197530246975302,0.195730426957304,0.14988501149885,0.308019198080192,0.223977602239776,0.367263273672633,0.198430156984302,0.0864913508649135,0.225277472252775,0.0152984701529847,0.206079392060794,0.0094990500949905,0.0653434656534347,0.101489851014899,0.0717928207179282,0.0194480551944806,0.264073592640736,0.223927607239276,0.0716428357164284,0.524347565243476,0.0697930206979302,0.156434356564344,0.0190980901909809,0.0100989901009899,0.0147985201479852,0.0174482551744826,0.446605339466053,0.0255474452554745,0.135886411358864,0.318568143185681,0.143935606439356,0.119488051194881,0.131636836316368,0.140885911408859,0.11973802619738,0.630936906309369,0.147435256474353,0.284771522847715,0.548695130486951,0.0296970302969703,0.268873112688731,0.102639736026397,0.252674732526747,0.052044795520448,0.344965503449655,0.689431056894311,0.293220677932207,0.0425457454254575
"SNP-62_1",0.0574442555744426,0.0423457654234577,0.367263273672633,0.197780221977802,0.0487451254874513,0.0621437856214379,0.00824917508249175,0.55019498050195,0.0344465553444656,0.0219478052194781,0.015998400159984,0.254924507549245,0.0162483751624838,0.0301969803019698,0.0397960203979602,0.133686631336866,0.0345965403459654,0.00914908509149085,0.0840915908409159,0.0608939106089391,0.224727527247275,0.0443455654434557,0.0296970302969703,0.0168983101689831,0.22962703729627,0.0571442855714429,0.0173482651734827,0.0700929907009299,0.230776922307769,0.0860913908609139,0.128837116288371,0.482151784821518,0.0337966203379662,0.114988501149885,0.307319268073193,0.347765223477652,0.155684431556844,0.482201779822018,0.266323367663234,0.0145985401459854,0.217078292170783,0.592290770922908,0.291770822917708,0.207229277072293,0.443105689431057,0.277072292770723,0.413508649135087,0.923807619238076,0.0733426657334267,0.105339466053395
"SNP-62_2",0.00014998500149985,0.00024997500249975,0.00014998500149985,0.0001999800019998,0.0001999800019998,0.0001999800019998,0.00014998500149985,0.00014998500149985,0.00014998500149985,0.00014998500149985,0.00014998500149985,0.00014998500149985,0.0001999800019998,0.0001999800019998,0.00024997500249975,0.0001999800019998,0.00014998500149985,0.0001999800019998,0.0001999800019998,0.00014998500149985,0.0001999800019998,0.00014998500149985,0.0001999800019998,0.0001999800019998,0.0001999800019998,0.00014998500149985,0.00014998500149985,9.99900009999e-05,0.0001999800019998,0.00014998500149985,0.0001999800019998,0.0001999800019998,0.00024997500249975,0.00014998500149985,0.00014998500149985,0.0001999800019998,0.00014998500149985,0.00014998500149985,0.00024997500249975,0.00024997500249975,0.0001999800019998,0.00014998500149985,0.0001999800019998,0.00164983501649835,0.0148485151484852,0.0193980601939806,0.00024997500249975,0.00014998500149985,0.0001999800019998,0.00074992500749925
"SNP-63_1",0.0001999800019998,0.00024997500249975,0.00014998500149985,0.00014998500149985,0.0178982101789821,0.0142485751424858,0.0004999500049995,0.0001999800019998,0.00464953504649535,0.0001999800019998,0.00024997500249975,0.0001999800019998,0.0024997500249975,0.0013998600139986,0.00014998500149985,0.0001999800019998,0.00024997500249975,0.00024997500249975,0.0002999700029997,0.0008999100089991,0.00874912508749125,0.0002999700029997,0.0086991300869913,0.00014998500149985,0.0001999800019998,0.00024997500249975,0.00354964503549645,0.00024997500249975,0.0272472752724728,0.0001999800019998,0.0173982601739826,0.0001999800019998,0.0004999500049995,0.0001999800019998,0.0001999800019998,0.0001999800019998,0.00054994500549945,0.0092990700929907,0.0001999800019998,0.0001999800019998,0.0272472752724728,0.0001999800019998,0.0732926707329267,0.414558544145585,0.0002999700029997,0.0618938106189381,0.0011998800119988,0.0001999800019998,0.00574942505749425,0.382311768823118
"SNP-63_2",0.533146685331467,0.722527747225277,0.242025797420258,0.532646735326467,0.634786521347865,0.563893610638936,0.654184581541846,0.5995400459954,0.528897110288971,0.448355164483552,0.748925107489251,0.267173282671733,0.442655734426557,0.892360763923608,0.551494850514949,0.644735526447355,0.453754624537546,0.505699430056994,0.29032096790321,0.546895310468953,0.57959204079592,0.757124287571243,0.335316468353165,0.555544445555444,0.719228077192281,0.900909909009099,0.436056394360564,0.510548945105489,0.291520847915208,0.543095690430957,0.152734726527347,0.788771122887711,0.263673632636736,0.523247675232477,0.574692530746925,0.467753224677532,0.263923607639236,0.71982801719828,0.477252274772523,0.457854214578542,0.494400559944006,0.256974302569743,0.286721327867213,0.560743925607439,0.451154884511549,0.867063293670633,0.867363263673633,0.173382661733827,0.442205779422058,0.298870112988701
"SNP-64_1",0.132386761323868,0.5004499550045,0.740775922407759,0.473952604739526,0.582541745825418,0.597240275972403,0.395010498950105,0.202929707029297,0.404559544045595,0.197530246975302,0.358714128587141,0.178632136786321,0.79002099790021,0.710728927107289,0.233626637336266,0.366563343665633,0.495900409959004,0.289021097890211,0.291620837916208,0.583091690830917,0.478452154784522,0.464603539646035,0.789221077892211,0.707129287071293,0.766473352664733,0.826767323267673,0.391260873912609,0.445805419458054,0.328417158284172,0.470602939706029,0.36981301869813,0.825467453254675,0.485601439856014,0.581991800819918,0.627837216278372,0.502949705029497,0.346715328467153,0.195030496950305,0.677982201779822,0.194830516948305,0.723827617238276,0.491750824917508,0.218178182181782,0.674832516748325,0.692380761923808,0.387461253874613,0.273222677732227,0.528647135286471,0.386811318868113,0.575692430756924
"SNP-64_2",0.0313968603139686,0.0143485651434857,0.0667433256674333,0.0008999100089991,0.0102489751024898,0.0104989501049895,0.0839416058394161,0.325217478252175,0.0831416858314169,0.133336666333367,0.1003399660034,0.0621937806219378,0.0935406459354065,0.0146985301469853,0.168333166683332,0.0018998100189981,0.0151984801519848,0.23047695230477,0.0182981701829817,0.173132686731327,0.189081091890811,0.61013898610139,0.362513748625137,0.0172482751724828,0.236576342365763,0.0789421057894211,0.148385161483852,0.0574442555744426,0.0417458254174583,0.136036396360364,0.181781821817818,0.0235476452354765,0.142285771422858,0.0002999700029997,0.180931906809319,0.0443455654434557,0.376312368763124,0.47030296970303,0.0204479552044796,0.318818118188181,0.119238076192381,0.438056194380562,0.421757824217578,0.118988101189881,0.848215178482152,0.146885311468853,0.744925507449255,0.00024997500249975,0.626637336266373,0.393110688931107
"SNP-65_1",0.621537846215378,0.570892910708929,0.200779922007799,0.182081791820818,0.613738626137386,0.166333366663334,0.912808719128087,0.187531246875312,0.208679132086791,0.545195480451955,0.32046795320468,0.523147685231477,0.468853114688531,0.235676432356764,0.63993600639936,0.177882211778822,0.564543545645435,0.48960103989601,0.312218778122188,0.272222777722228,0.445955404459554,0.749375062493751,0.666733326667333,0.35986401359864,0.122787721227877,0.276872312768723,0.680681931806819,0.305469453054695,0.7997200279972,0.551394860513949,0.35981401859814,0.254374562543746,0.432406759324068,0.0261973802619738,0.0877912208779122,0.0697430256974303,0.423407659234077,0.136236376362364,0.584091590840916,0.886611338866113,0.159034096590341,0.221427857214279,0.248325167483252,0.662283771622838,0.0865413458654135,0.655584441555844,0.318268173182682,0.0294470552944706,0.424057594240576,0.26002399760024
"SNP-65_2",0.314018598140186,0.550944905509449,0.225527447255274,0.191430856914309,0.415658434156584,0.331216878312169,0.214378562143786,0.496550344965503,0.223127687231277,0.373162683731627,0.0763923607639236,0.248825117488251,0.230726927307269,0.367663233676632,0.265873412658734,0.138186181381862,0.213278672132787,0.00734926507349265,0.53984601539846,0.197280271972803,0.0101989801019898,0.43000699930007,0.354464553544646,0.0033996600339966,0.47975202479752,0.25972402759724,0.122137786221378,0.288471152884712,0.214078592140786,0.42980701929807,0.491300869913009,0.172032796720328,0.716678332166783,0.339366063393661,0.468603139686031,0.255674432556744,0.62993700629937,0.234076592340766,0.549295070492951,0.796420357964204,0.00174982501749825,0.0377462253774623,0.379412058794121,0.0742925707429257,0.686731326867313,0.751874812518748,0.969153084691531,0.49025097490251,0.400959904009599,0.222377762223778
"SNP-66_1",0.734476552344765,0.554044595540446,0.211978802119788,0.563443655634437,0.166033396660334,0.168583141685831,0.601589841015898,0.182931706829317,0.238276172382762,0.6005399460054,0.506349365063494,0.582591740825917,0.308469153084692,0.798320167983202,0.44980501949805,0.39016098390161,0.57979202079792,0.51984801519848,0.458954104589541,0.378262173782622,0.305419458054195,0.475852414758524,0.227877212278772,0.30986901309869,0.104739526047395,0.577692230776922,0.493050694930507,0.394510548945106,0.547995200479952,0.580791920807919,0.0951404859514049,0.298120187981202,0.165983401659834,0.0899410058994101,0.562343765623438,0.142235776422358,0.204929507049295,0.607039296070393,0.0692930706929307,0.549345065493451,0.196380361963804,0.513898610138986,0.635586441355864,0.564843515648435,0.322817718228177,0.421607839216078,0.424807519248075,0.281121887811219,0.0658434156584342,0.760973902609739
"SNP-66_2",0.595640435956404,0.355014498550145,0.242425757424258,0.389361063893611,0.412308769123088,0.298920107989201,0.833516648335166,0.763973602639736,0.635886411358864,0.327917208279172,0.632186781321868,0.496800319968003,0.433406659334067,0.811518848115188,0.136736326367363,0.55014498550145,0.565193480651935,0.645985401459854,0.106339366063394,0.496250374962504,0.583991600839916,0.804569543045695,0.494800519948005,0.263923607639236,0.775522447755224,0.566493350664934,0.611888811118888,0.475752424757524,0.104589541045895,0.774972502749725,0.222627737226277,0.291720827917208,0.492600739926007,0.293870612938706,0.692280771922808,0.358964103589641,0.403209679032097,0.794720527947205,0.477102289771023,0.535046495350465,0.36996300369963,0.1004399560044,0.473002699730027,0.657084291570843,0.915358464153585,0.526697330266973,0.425807419258074,0.145785421457854,0.0567943205679432,0.604689531046895
"SNP-67_1",0.634036596340366,0.52034796520348,0.456754324567543,0.182231776822318,0.388911108889111,0.373812618738126,0.488851114888511,0.709129087091291,0.461403859614039,0.687031296870313,0.577942205779422,0.355014498550145,0.142535746425357,0.115838416158384,0.736626337366263,0.642785721427857,0.187181281871813,0.687731226877312,0.0738426157384262,0.233926607339266,0.531246875312469,0.351714828517148,0.347665233476652,0.335566443355664,0.692530746925307,0.496850314968503,0.301169883011699,0.405709429057094,0.358864113588641,0.424507549245075,0.553194680531947,0.485001499850015,0.223827617238276,0.44010598940106,0.611238876112389,0.211178882111789,0.408309169083092,0.530946905309469,0.487601239876012,0.674032596740326,0.836266373362664,0.330916908309169,0.394260573942606,0.566793320667933,0.523797620237976,0.586441355864414,0.0704929507049295,0.68023197680232,0.274022597740226,0.68048195180482
"SNP-67_2",0.776322367763224,0.765023497650235,0.536596340365963,0.607139286071393,0.416858314168583,0.522997700229977,0.1998800119988,0.127737226277372,0.706329367063294,0.447005299470053,0.386261373862614,0.656734326567343,0.54004599540046,0.609439056094391,0.358164183581642,0.426557344265573,0.106889311068893,0.435156484351565,0.295720427957204,0.316768323167683,0.263323667633237,0.141635836416358,0.64978502149785,0.297220277972203,0.505399460053995,0.223227677232277,0.596490350964904,0.0559444055594441,0.296970302969703,0.408009199080092,0.135686431356864,0.566593340665933,0.537946205379462,0.492900709929007,0.647185281471853,0.24002599740026,0.687781221877812,0.0781921807819218,0.201079892010799,0.208279172082792,0.50969903009699,0.337066293370663,0.619238076192381,0.342815718428157,0.563493650634937,0.0923407659234077,0.686931306869313,0.59039096090391,0.136136386361364,0.145135486451355
"SNP-68_1",0.547445255474453,0.34996500349965,0.612338766123388,0.0743925607439256,0.491350864913509,0.127287271272873,0.560543945605439,0.46960303969603,0.744125587441256,0.416508349165084,0.586341365863414,0.462353764623538,0.57959204079592,0.867813218678132,0.639436056394361,0.556994300569943,0.0856414358564144,0.0684931506849315,0.578242175782422,0.27037296270373,0.750574942505749,0.520497950204979,0.858364163583642,0.62013798620138,0.655534446555344,0.551694830516948,0.0589441055894411,0.372062793720628,0.422357764223578,0.448855114488551,0.497750224977502,0.614338566143386,0.846415358464154,0.774322567743226,0.665783421657834,0.544995500449955,0.676282371762824,0.231676832316768,0.28042195780422,0.697680231976802,0.573842615738426,0.480651934806519,0.31951804819518,0.422757724227577,0.412958704129587,0.306419358064194,0.158734126587341,0.612488751124888,0.65958404159584,0.33041695830417
"SNP-68_2",0.602639736026397,0.14958504149585,0.354364563543646,0.254374562543746,0.672482751724828,0.585841415858414,0.184331566843316,0.265323467653235,0.0982901709829017,0.468853114688531,0.438056194380562,0.0955904409559044,0.164383561643836,0.523697630236976,0.0628437156284372,0.181481851814819,0.302319768023198,0.319318068193181,0.347915208479152,0.12048795120488,0.462353764623538,0.272472752724728,0.44010598940106,0.196480351964804,0.753124687531247,0.0170982901709829,0.422457754224578,0.531846815318468,0.641685831416858,0.278972102789721,0.655134486551345,0.769223077692231,0.385111488851115,0.141735826417358,0.0668933106689331,0.170732926707329,0.333466653334667,0.68978102189781,0.06999300069993,0.858114188581142,0.546945305469453,0.0598940105989401,0.472202779722028,0.11998800119988,0.0020997900209979,0.483151684831517,0.176732326767323,0.612338766123388,0.261723827617238,0.364363563643636
"SNP-69_1",0.589441055894411,0.245675432456754,0.546395360463954,0.327217278272173,0.401159884011599,0.394660533946605,0.514498550144985,0.504599540045995,0.693630636936306,0.166733326667333,0.330816918308169,0.474352564743526,0.578692130786921,0.281721827817218,0.382561743825617,0.319468053194681,0.572092790720928,0.551344865513449,0.371962803719628,0.225627437256274,0.582191780821918,0.665883411658834,0.504149585041496,0.432506749325067,0.40955904409559,0.661233876612339,0.651034896510349,0.284821517848215,0.715028497150285,0.312668733126687,0.24987501249875,0.747825217478252,0.812618738126187,0.620537946205379,0.6001399860014,0.631786821317868,0.306919308069193,0.123137686231377,0.265473452654735,0.284721527847215,0.82961703829617,0.559044095590441,0.22992700729927,0.244075592440756,0.609239076092391,0.174182581741826,0.338916108389161,0.482851714828517,0.582541745825418,0.552544745525447
"SNP-69_2",0.481251874812519,0.369463053694631,0.358364163583642,0.553994600539946,0.457754224577542,0.635936406359364,0.772572742725727,0.42985701429857,0.495700429957004,0.263423657634237,0.224527547245275,0.651884811518848,0.686131386861314,0.255824417558244,0.688131186881312,0.453454654534547,0.561143885611439,0.360513948605139,0.796420357964204,0.525697430256974,0.576492350764924,0.660933906609339,0.749375062493751,0.677232276772323,0.229427057294271,0.142035796420358,0.375362463753625,0.741225877412259,0.642385761423858,0.50984901509849,0.437956204379562,0.507949205079492,0.657584241575842,0.362863713628637,0.483801619838016,0.477052294770523,0.28032196780322,0.521747825217478,0.0707429257074293,0.318018198180182,0.0825917408259174,0.497900209979002,0.48010198980102,0.0915908409159084,0.187231276872313,0.52014798520148,0.591840815918408,0.00144985501449855,0.288771122887711,0.318068193180682
"SNP-70_1",0.207679232076792,0.00024997500249975,0.274422557744226,0.0001999800019998,0.407859214078592,0.414258574142586,0.310968903109689,0.461903809619038,0.308019198080192,0.136086391360864,0.0001999800019998,0.136836316368363,0.00024997500249975,0.468603139686031,0.255224477552245,0.433356664333567,0.0001999800019998,0.00024997500249975,0.116888311168883,0.446705329467053,0.132836716328367,0.457104289571043,0.181731826817318,0.628987101289871,0.161333866613339,0.136636336366363,0.0001999800019998,0.311268873112689,0.0068993100689931,0.450904909509049,0.355414458554145,0.136486351364864,0.783021697830217,0.41960803919608,0.294270572942706,0.504349565043496,0.654434556544346,0.390960903909609,0.0811918808119188,0.0841915808419158,0.0967403259674033,0.636636336366363,0.4001099890011,0.313318668133187,0.55954404559544,0.458204179582042,0.427557244275572,0.424407559244076,0.661233876612339,0.592190780921908
"SNP-70_2",0.219178082191781,0.370862913708629,0.381711828817118,0.136386361363864,0.710728927107289,0.56964303569643,0.64988501149885,0.319368063193681,0.625437456254375,0.437356264373563,0.368713128687131,0.258924107589241,0.0588441155884412,0.524747525247475,0.181931806819318,0.56039396060394,0.463853614638536,0.177482251774823,0.614188581141886,0.397360263973603,0.187331266873313,0.0508949105089491,0.759474052594741,0.428257174282572,0.0735926407359264,0.60988901109889,0.2995200479952,0.0594440555944406,0.192980701929807,0.353364663533647,0.290820917908209,0.787171282871713,0.0337966203379662,0.302469753024698,0.2996200379962,0.0658934106589341,0.364713528647135,0.112488751124888,0.322217778222178,0.116288371162884,0.48960103989601,0.652284771522848,0.256324367563244,0.495300469953005,0.383561643835616,0.384011598840116,0.745375462453755,0.858814118588141,0.328767123287671,0.413008699130087
"SNP-71_1",0.16033396660334,0.331016898310169,0.504249575042496,0.77037296270373,0.655334466553345,0.873762623737626,0.246175382461754,0.305519448055194,0.132786721327867,0.541595840415958,0.421507849215079,0.539446055394461,0.487051294870513,0.813868613138686,0.691180881911809,0.578242175782422,0.12988701129887,0.508749125087491,0.776072392760724,0.346465353464654,0.673482651734826,0.526597340265973,0.656834316568343,0.488551144885511,0.561893810618938,0.426957304269573,0.601539846015398,0.355514448555144,0.716828317168283,0.211728827117288,0.137586241375862,0.798370162983702,0.288971102889711,0.312068793120688,0.547195280471953,0.633136686331367,0.521847815218478,0.245525447455254,0.0485451454854515,0.20982901709829,0.684081591840816,0.20952904709529,0.16978302169783,0.584641535846415,0.60973902609739,0.101289871012899,0.467753224677532,0.50999900009999,0.205129487051295,0.207379262073793
"SNP-71_2",0.11963803619638,0.523547645235476,0.337766223377662,0.625887411258874,0.00654934506549345,0.00864913508649135,0.424757524247575,0.507699230076992,0.74002599740026,0.364363563643636,0.737176282371763,0.362863713628637,0.0795920407959204,0.481351864813519,0.04999500049995,0.843565643435656,0.674332566743326,0.453504649535046,0.596640335966403,0.774222577742226,0.0773922607739226,0.423557644235576,0.14008599140086,0.675782421757824,0.907159284071593,0.050994900509949,0.605289471052895,0.57034296570343,0.617888211178882,0.620687931206879,0.197680231976802,0.601039896010399,0.544645535446455,0.85036496350365,0.644685531446855,0.826217378262174,0.599290070992901,0.358364163583642,0.637136286371363,0.368663133686631,0.377612238776122,0.483751624837516,0.754574542545745,0.623037696230377,0.192480751924808,0.562643735626437,0.787621237876212,0.541195880411959,0.802769723027697,0.487151284871513
"SNP-72_1",0.120887911208879,0.584291570842916,0.324817518248175,0.247875212478752,0.527947205279472,0.458754124587541,0.26017398260174,0.037046295370463,0.498900109989001,0.0301469853014699,0.575892410758924,0.549045095490451,0.44040595940406,0.20957904209579,0.641635836416358,0.506649335066493,0.118288171182882,0.564393560643936,0.441655834416558,0.483701629837016,0.704429557044296,0.0382961703829617,0.811268873112689,0.0801919808019198,0.186231376862314,0.281971802819718,0.512098790120988,0.278822117788221,0.521847815218478,0.593040695930407,0.168233176682332,0.636736326367363,0.338616138386161,0.37951204879512,0.181631836816318,0.627037296270373,0.565543445655434,0.0280971902809719,0.0898410158984102,0.679332066793321,0.257774222577742,0.177532246775322,0.682531746825317,0.37991200879912,0.192280771922808,0.742525747425257,0.727727227277272,0.512348765123488,0.440855914408559,0.501599840015998
"SNP-72_2",0.617488251174882,0.128037196280372,0.245025497450255,0.0571442855714429,0.0306469353064694,0.0605439456054395,0.288821117888211,0.606239376062394,0.335566443355664,0.111038896110389,0.0653934606539346,0.00154984501549845,0.0603939606039396,0.727377262273773,0.305169483051695,0.0066993300669933,0.412958704129587,0.0451954804519548,0.426757324267573,0.470502949705029,0.0044995500449955,0.211678832116788,0.346215378462154,0.0211978802119788,0.188031196880312,0.444655534446555,0.116788321167883,0.0583441655834417,0.00514948505149485,0.58949105089491,0.171032896710329,0.576092390760924,0.727577242275772,0.176632336766323,0.0794920507949205,0.435806419358064,0.651634836516348,0.312018798120188,0.00024997500249975,0.15958404159584,0.367363263673633,0.0001999800019998,0.0461953804619538,0.286971302869713,0.39041095890411,0.215478452154785,0.0063993600639936,0.433856614338566,0.0351464853514649,0.817518248175182
"SNP-73_1",0.615588441155884,0.414858514148585,0.081041895810419,0.416858314168583,0.575142485751425,0.616838316168383,0.7004799520048,0.191930806919308,0.44005599440056,0.452204779522048,0.556894310568943,0.0748425157484252,0.393010698930107,0.105039496050395,0.33016698330167,0.666733326667333,0.379262073792621,0.461703829617038,0.781371862813719,0.618938106189381,0.136036396360364,0.45025497450255,0.602789721027897,0.482651734826517,0.568593140685931,0.630936906309369,0.558744125587441,0.0303469653034697,0.363763623637636,0.383761623837616,0.399210078992101,0.374812518748125,0.545495450454955,0.944255574442556,0.656934306569343,0.522997700229977,0.487851214878512,0.0231976802319768,0.62988701129887,0.0535946405359464,0.537796220377962,0.486901309869013,0.452204779522048,0.198230176982302,0.702179782021798,0.310918908109189,0.27047295270473,0.448805119488051,0.621587841215878,0.474402559744026
"SNP-73_2",0.382661733826617,0.323767623237676,0.103739626037396,0.334016598340166,0.792520747925207,0.376562343765623,0.199330066993301,0.518998100189981,0.0517448255174483,0.0067993200679932,0.572492750724928,0.113238676132387,0.474552544745525,0.171032896710329,0.317018298170183,0.597290270972903,0.239226077392261,0.162233776622338,0.366863313668633,0.0505449455054495,0.311968803119688,0.463853614638536,0.00894910508949105,0.317018298170183,0.369463053694631,0.0267473252674733,0.317118288171183,0.45025497450255,0.0622437756224378,0.302619738026197,0.0947905209479052,0.0394960503949605,0.620537946205379,0.803719628037196,0.134836516348365,0.277372262773723,0.12968703129687,0.461203879612039,0.247225277472253,0.778672132786721,0.0644935506449355,0.0871412858714129,0.12048795120488,0.316268373162684,0.850814918508149,0.103639636036396,0.675282471752825,0.906259374062594,0.248775122487751,0.088041195880412
"SNP-74_1",0.198730126987301,0.691980801919808,0.16003399660034,0.703629637036296,0.67963203679632,0.597740225977402,0.0754424557544246,0.330616938306169,0.602539746025398,0.355764423557644,0.577092290770923,0.58009199080092,0.54039596040396,0.392910708929107,0.337366263373663,0.525397460253975,0.615688431156884,0.76992300769923,0.377812218778122,0.563893610638936,0.631986801319868,0.345515448455154,0.586691330866913,0.596790320967903,0.638186181381862,0.532096790320968,0.55989401059894,0.696580341965803,0.314118588141186,0.339366063393661,0.349215078492151,0.546345365463454,0.591040895910409,0.680681931806819,0.401109889011099,0.937806219378062,0.480501949805019,0.541245875412459,0.333866613338666,0.153684631536846,0.865513448655134,0.237226277372263,0.451804819518048,0.67993200679932,0.749075092490751,0.848715128487151,0.905409459054095,0.0107989201079892,0.623337666233377,0.0580941905809419
"SNP-74_2",0.565493450654935,0.766323367663234,0.661033896610339,0.237376262373763,0.695780421957804,0.311818818118188,0.634236576342366,0.211128887111289,0.627987201279872,0.423907609239076,0.249025097490251,0.381061893810619,0.294870512948705,0.67018298170183,0.368413158684132,0.21997800219978,0.302919708029197,0.0647935206479352,0.44010598940106,0.225927407259274,0.115888411158884,0.689031096890311,0.199430056994301,0.427207279272073,0.636086391360864,0.672132786721328,0.598790120987901,0.326717328267173,0.171032896710329,0.367813218678132,0.536246375362464,0.791520847915208,0.743525647435257,0.755024497550245,0.355064493550645,0.221677832216778,0.683931606839316,0.15043495650435,0.575692430756924,0.194530546945305,0.639236076392361,0.154884511548845,0.451954804519548,0.151784821517848,0.519048095190481,0.369413058694131,0.691730826917308,0.662383761623838,0.0846415358464154,0.633186681331867
"SNP-75_1",0.250574942505749,0.116038396160384,0.0536946305369463,0.22962703729627,0.296320367963204,0.0380961903809619,0.0407459254074593,0.107689231076892,0.201829817018298,0.0177482251774823,0.107239276072393,0.297670232976702,0.116488351164884,0.14028597140286,0.0932406759324068,0.0823417658234177,0.0732926707329267,0.135936406359364,0.0105489451054895,0.206829317068293,0.253274672532747,0.662983701629837,0.0155984401559844,0.0496450354964504,0.417308269173083,0.206429357064294,0.042045795420458,0.0842915708429157,0.209029097090291,0.222827717228277,0.0856414358564144,0.290970902909709,0.512948705129487,0.0186481351864814,0.067043295670433,0.0278972102789721,0.0974902509749025,0.497050294970503,0.0124987501249875,0.445655434456554,0.228427157284272,0.0616438356164384,0.230926907309269,0.0291970802919708,0.19008099190081,0.235776422357764,0.393560643935606,0.94960503949605,0.168533146685331,0.236176382361764
"SNP-75_2",0.141235876412359,0.069043095690431,0.0682931706829317,0.0247475252474753,0.0382961703829617,0.0205979402059794,0.368513148685131,0.110538946105389,0.00114988501149885,0.103089691030897,0.00254974502549745,0.058994100589941,0.0128987101289871,0.503299670032997,0.0853914608539146,0.0095990400959904,0.172332766723328,0.0456954304569543,0.081041895810419,0.0022997700229977,0.0267973202679732,0.0772422757724228,0.174682531746825,0.0181981801819818,0.0027997200279972,0.28977102289771,0.0493950604939506,0.0016998300169983,0.0491950804919508,0.0456954304569543,0.241575842415758,0.0248975102489751,0.0008999100089991,0.00174982501749825,0.0344465553444656,0.00594940505949405,0.0137486251374863,0.871212878712129,0.162983701629837,0.326317368263174,0.0387461253874613,0.0243975602439756,0.0114488551144886,0.111338866113389,0.135536446355364,0.15968403159684,0.311568843115688,0.0004999500049995,0.0088991100889911,0.143435656434357
"SNP-76_1",0.0042995700429957,0.00144985501449855,0.00214978502149785,0.0001999800019998,0.0162983701629837,0.242875712428757,0.276222377762224,0.00254974502549745,0.134386561343866,0.227877212278772,0.0645435456454355,0.0062993700629937,0.124987501249875,0.425707429257074,0.598340165983402,0.0001999800019998,0.147035296470353,0.0063993600639936,0.0054994500549945,0.0163483651634837,0.0931906809319068,0.0002999700029997,0.100739926007399,0.164583541645835,0.0855414458554145,0.0001999800019998,0.0072992700729927,0.0108489151084892,0.286071392860714,0.0001999800019998,0.0062993700629937,0.0191980801919808,0.211178882111789,0.0002999700029997,0.0002999700029997,0.0010998900109989,0.161133886611339,0.193080691930807,0.00544945505449455,0.00134986501349865,0.00434956504349565,0.293470652934707,0.508649135086491,0.734026597340266,0.23987601239876,0.268373162683732,0.54959504049595,0.0001999800019998,0.0459454054594541,0.492950704929507
"SNP-76_2",0.500199980002,0.504599540045995,0.592890710928907,0.326867313268673,0.604089591040896,0.592690730926907,0.843315668433157,0.487551244875512,0.852364763523648,0.0178482151784822,0.552144785521448,0.0031996800319968,0.595740425957404,0.348565143485651,0.0115488451154885,0.813768623137686,0.421457854214579,0.135636436356364,0.22967703229677,0.688631136886311,0.675332466753325,0.167783221677832,0.595740425957404,0.245125487451255,0.538946105389461,0.487801219878012,0.466503349665033,0.693730626937306,0.28982101789821,0.191480851914809,0.237926207379262,0.257524247575242,0.227127287271273,0.341215878412159,0.0141485851414859,0.423257674232577,0.638636136386361,0.341015898410159,0.846315368463154,0.72957704229577,0.401159884011599,0.541345865413459,0.51039896010399,0.129187081291871,0.846415358464154,0.451904809519048,0.323367663233677,0.532846715328467,0.0964403559644036,0.306269373062694
"SNP-77_1",0.533446655334467,0.264073592640736,0.196430356964304,0.3996600339966,0.663733626637336,0.795270472952705,0.163233676632337,0.236076392360764,0.176182381761824,0.388611138886111,0.188931106889311,0.0001999800019998,0.288771122887711,0.265473452654735,0.547595240475952,0.237776222377762,0.572392760723928,0.213728627137286,0.00014998500149985,0.691280871912809,0.541695830416958,0.817018298170183,0.280721927807219,0.266473352664734,0.608439156084392,0.426307369263074,0.662533746625337,0.577442255774423,0.00024997500249975,0.498450154984502,0.458354164583542,0.293120687931207,0.514348565143486,0.665033496650335,0.482501749825017,0.464453554644536,0.406659334066593,0.359364063593641,0.252774722527747,0.514348565143486,0.215328467153285,0.413158684131587,0.0446455354464554,0.448705129487051,0.681231876812319,0.0944405559444056,0.335466453354665,0.35041495850415,0.155334466553345,0.47005299470053
"SNP-77_2",0.644235576442356,0.296270372962704,0.397660233976602,0.526447355264474,0.470902909709029,0.0745425457454255,0.33951604839516,0.580841915808419,0.286971302869713,0.291020897910209,0.598440155984402,0.18993100689931,0.100989901009899,0.0720927907209279,0.614338566143386,0.375612438756124,0.133586641335866,0.363863613638636,0.258424157584242,0.199130086991301,0.125587441255874,0.233376662333767,0.623237676232377,0.504999500049995,0.124187581241876,0.269223077692231,0.34966503349665,0.825167483251675,0.254674532546745,0.0699430056994301,0.545495450454955,0.9005099490051,0.364813518648135,0.653334666533347,0.255774422557744,0.562243775622438,0.64043595640436,0.26017398260174,0.218978102189781,0.744375562443756,0.207379262073793,0.296220377962204,0.289371062893711,0.288371162883712,0.202979702029797,0.217378262173783,0.706229377062294,0.243675632436756,0.0465953404659534,0.877512248775122
"SNP-78_1",0.823617638236176,0.325367463253675,0.611538846115388,0.464453554644536,0.431606839316068,0.434606539346065,0.733476652334767,0.492450754924508,0.438256174382562,0.0382461753824618,0.41975802419758,0.311168883111689,0.725777422257774,0.0276972302769723,0.837716228377162,0.321567843215678,0.329017098290171,0.357564243575642,0.457854214578542,0.354414558544146,0.56024397560244,0.213578642135786,0.085041495850415,0.853214678532147,0.473852614738526,0.605289471052895,0.485651434856514,0.477202279772023,0.344715528447155,0.198280171982802,0.686581341865813,0.141385861413859,0.524347565243476,0.702279772022798,0.771622837716228,0.353814618538146,0.311968803119688,0.512998700129987,0.602139786021398,0.14998500149985,0.230526947305269,0.615988401159884,0.854514548545146,0.132236776322368,0.570942905709429,0.0635936406359364,0.691130886911309,0.542745725427457,0.749425057494251,0.0643935606439356
"SNP-78_2",0.335666433356664,0.478502149785021,0.124937506249375,0.0531946805319468,0.269173082691731,0.307069293070693,0.316418358164184,0.0301469853014699,0.594390560943906,0.0828417158284172,0.274322567743226,0.324767523247675,0.365563443655634,0.237676232376762,0.274822517748225,0.578742125787421,0.636736326367363,0.534896510348965,0.0885411458854115,0.016998300169983,0.302619738026197,0.202229777022298,0.0291470852914709,0.15988401159884,0.0468953104689531,0.493400659934007,0.57954204579542,0.234526547345265,0.532346765323468,0.189131086891311,0.382311768823118,0.0201979802019798,0.414408559144086,0.81021897810219,0.433506649335066,0.581491850814918,0.254424557544246,0.11998800119988,0.0080991900809919,0.518098190180982,0.610738926107389,0.0561443855614439,0.597790220977902,0.507949205079492,0.90970902909709,0.207129287071293,0.79042095790421,0.971802819718028,0.280871912808719,0.442705729427057
"SNP-79_1",0.436506349365063,0.152234776522348,0.550844915508449,0.229277072292771,0.292670732926707,0.293170682931707,0.108889111088891,0.451104889511049,0.391210878912109,0.48985101489851,0.315118488151185,0.335366463353665,0.574592540745925,0.789471052894711,0.525747425257474,0.0611938806119388,0.420807919208079,0.0551444855514449,0.025047495250475,0.584741525847415,0.503799620037996,0.387611238876112,0.305219478052195,0.245575442455754,0.122437756224378,0.695480451954805,0.0552444755524448,0.555494450554945,0.232926707329267,0.828417158284172,0.594090590940906,0.20987901209879,0.465453454654535,0.0145985401459854,0.399360063993601,0.0583941605839416,0.481801819818018,0.481751824817518,0.373912608739126,0.592840715928407,0.32016798320168,0.364613538646135,0.535696430356964,0.265873412658734,0.843965603439656,0.670732926707329,0.198880111988801,0.947005299470053,0.534246575342466,0.0687431256874313
"SNP-79_2",0.319218078192181,0.437656234376562,0.272022797720228,0.386111388861114,0.387011298870113,0.123087691230877,0.354264573542646,0.305969403059694,0.147485251474853,0.0282971702829717,0.371712828717128,0.0905409459054095,0.286671332866713,0.199480051994801,0.409259074092591,0.491400859914009,0.160583941605839,0.4004599540046,0.269473052694731,0.547045295470453,0.132436756324368,0.235826417358264,0.472452754724528,0.187531246875312,0.479252074792521,0.296570342965703,0.312468753124688,0.38961103889611,0.142735726427357,0.547245275472453,0.52019798020198,0.290970902909709,0.304419558044196,0.176432356764324,0.0322967703229677,0.509049095090491,0.830816918308169,0.500999900009999,0.0216978302169783,0.142285771422858,0.157884211578842,0.134336566343366,0.183831616838316,0.710778922107789,0.498550144985501,0.265723427657234,0.32031796820318,0.261773822617738,0.131336866313369,0.210878912108789
"SNP-80_1",0.345715428457154,0.179482051794821,0.426307369263074,0.225427457254275,0.221577842215778,0.112388761123888,0.12988701129887,0.681881811818818,0.484851514848515,0.382911708829117,0.223077692230777,0.331066893310669,0.0052994700529947,0.209329067093291,0.402909709029097,0.358664133586641,0.0749425057494251,0.118238176182382,0.489051094890511,0.166383361663834,0.0688431156884312,0.347915208479152,0.0827417258274173,0.0590940905909409,0.121187881211879,0.349265073492651,0.468903109689031,0.123987601239876,0.243825617438256,0.274572542745725,0.446755324467553,0.576892310768923,0.350764923507649,0.763223677632237,0.507749225077492,0.378912108789121,0.224227577242276,0.391010898910109,0.181931806819318,0.191580841915808,0.25027497250275,0.0082991700829917,0.226727327267273,0.00774922507749225,0.191430856914309,0.00054994500549945,0.270872912708729,0.44950504949505,0.182481751824818,0.858914108589141
"SNP-80_2",0.397360263973603,0.762723727627237,0.66958304169583,0.0712928707129287,0.397760223977602,0.421457854214579,0.412708729127087,0.408059194080592,0.773772622737726,0.56964303569643,0.581941805819418,0.581941805819418,0.616688331166883,0.181131886811319,0.850714928507149,0.729227077292271,0.418908109189081,0.532646735326467,0.686131386861314,0.164983501649835,0.909109089091091,0.267623237676232,0.381461853814619,0.458604139586041,0.687131286871313,0.480851914808519,0.751174882511749,0.428007199280072,0.802969703029697,0.87046295370463,0.865813418658134,0.621087891210879,0.45025497450255,0.497850214978502,0.605989401059894,0.57979202079792,0.480701929807019,0.465903409659034,0.553444655534447,0.254424557544246,0.580691930806919,0.327417258274173,0.616738326167383,0.462153784621538,0.261723827617238,0.822817718228177,0.463603639636036,0.295870412958704,0.601839816018398,0.72027797220278
"SNP-81_1",0.294620537946205,0.272622737726227,0.121037896210379,0.193580641935806,0.724177582241776,0.124887511248875,0.362463753624638,0.16973302669733,0.317768223177682,0.194830516948305,0.315618438156184,0.144935506449355,0.0914908509149085,0.403709629037096,0.351664833516648,0.130886911308869,0.200829917008299,0.35046495350465,0.224227577242276,0.272222777722228,0.0943405659434057,0.285271472852715,0.318868113188681,0.421107889211079,0.394460553944606,0.108289171082892,0.147735226477352,0.141835816418358,0.169083091690831,0.592990700929907,0.412808719128087,0.581841815818418,0.313868613138686,0.206529347065293,0.349115088491151,0.0677432256774323,0.437906209379062,0.0822417758224178,0.0504449555044496,0.600689931006899,0.65948405159484,0.266473352664734,0.1999300069993,0.2001299870013,0.902959704029597,0.903909609039096,0.927207279272073,0.623887611238876,0.637386261373863,0.754124587541246
"SNP-81_2",0.751624837516248,0.560593940605939,0.591490850914908,0.399410058994101,0.465253474652535,0.448805119488051,0.846615338466153,0.716578342165783,0.209129087091291,0.394410558944106,0.335016498350165,0.413058694130587,0.616188381161884,0.695380461953805,0.552894710528947,0.303069693030697,0.474902509749025,0.645035496450355,0.283971602839716,0.483951604839516,0.451754824517548,0.58024197580242,0.654484551544846,0.474252574742526,0.597940205979402,0.628987101289871,0.46960303969603,0.743825617438256,0.522947705229477,0.658734126587341,0.483401659834017,0.360813918608139,0.124787521247875,0.649285071492851,0.426557344265573,0.718228177182282,0.60968903109689,0.709329067093291,0.477202279772023,0.386911308869113,0.483901609839016,0.256224377562244,0.493850614938506,0.791120887911209,0.117288271172883,0.686931306869313,0.568443155684432,0.895910408959104,0.803269673032697,0.523297670232977
"SNP-82_1",0.587741225877412,0.428707129287071,0.336616338366163,0.35981401859814,0.812218778122188,0.291220877912209,0.0316968303169683,0.0186481351864814,0.207329267073293,0.278772122787721,0.19018098190181,0.232576742325767,0.295770422957704,0.706829317068293,0.515848415158484,0.877162283771623,0.191730826917308,0.340665933406659,0.224427557244276,0.328867113288671,0.59039096090391,0.665283471652835,0.11033896610339,0.348765123487651,0.191980801919808,0.262223777622238,0.656084391560844,0.358514148585141,0.167083291670833,0.488301169883012,0.266973302669733,0.553844615538446,0.0113988601139886,0.328517148285171,0.597290270972903,0.418808119188081,0.58034196580342,0.014048595140486,0.177632236776322,0.417708229177082,0.356214378562144,0.308019198080192,0.694130586941306,0.168933106689331,0.806569343065693,0.0406459354064594,0.219378062193781,0.464153584641536,0.216428357164284,0.464603539646035
"SNP-82_2",0.155284471552845,0.247175282471753,0.000999900009999,0.0341965803419658,0.522447755224478,0.0995400459954005,0.208129187081292,0.196980301969803,0.0235976402359764,0.527447255274473,0.306819318068193,0.124487551244876,0.00024997500249975,0.00764923507649235,0.0474952504749525,0.470502949705029,0.0142985701429857,0.281721827817218,0.0058994100589941,0.050994900509949,0.147785221477852,0.00974902509749025,0.276272372762724,0.0550944905509449,0.0056994300569943,0.0314968503149685,0.025047495250475,0.0125487451254875,0.248075192480752,0.112988701129887,0.593240675932407,0.0408459154084592,0.00094990500949905,0.0402459754024598,0.0133486651334867,0.322317768223178,0.0742425757424258,0.127637236276372,0.157834216578342,0.181181881811819,0.531546845315468,0.0793420657934207,0.175882411758824,0.022997700229977,0.0498450154984502,0.97960203979602,0.445255474452555,0.301219878012199,0.550544945505449,0.45020497950205
"SNP-83_1",0.00024997500249975,0.0027997200279972,0.00024997500249975,0.0195480451954805,0.0256474352564744,0.0166983301669833,0.00014998500149985,0.00584941505849415,0.0100989901009899,0.0020997900209979,0.0024997500249975,0.0111488851114889,0.0001999800019998,0.00024997500249975,0.00024997500249975,0.0789421057894211,0.00474952504749525,0.0001999800019998,0.00024997500249975,0.00014998500149985,0.00024997500249975,0.333516648335166,0.0144985501449855,0.0649435056494351,0.0001999800019998,0.00024997500249975,0.0048995100489951,0.0172482751724828,0.0083991600839916,0.105389461053895,0.0411958804119588,0.00094990500949905,0.0002999700029997,0.00454954504549545,0.0005999400059994,0.0178982101789821,0.603439656034397,0.00424957504249575,0.00044995500449955,0.0605939406059394,0.00044995500449955,0.00144985501449855,0.0001999800019998,0.0405459454054595,0.248475152484752,0.128837116288371,0.33011698830117,0.0237976202379762,0.113988601139886,0.047045295470453
"SNP-83_2",0.178982101789821,0.523347665233477,0.47970202979702,0.817768223177682,0.655234476552345,0.695480451954805,0.178732126787321,0.517998200179982,0.41015898410159,0.45990400959904,0.642535746425357,0.456204379562044,0.690830916908309,0.196530346965303,0.428007199280072,0.804719528047195,0.703579642035796,0.808169183081692,0.456454354564544,0.732626737326267,0.393960603939606,0.582191780821918,0.187981201879812,0.727927207279272,0.792970702929707,0.129037096290371,0.492200779922008,0.223627637236276,0.951754824517548,0.801619838016198,0.256124387561244,0.168783121687831,0.881711828817118,0.463403659634037,0.733826617338266,0.583691630836916,0.633736626337366,0.737426257374263,0.280621937806219,0.137536246375362,0.388711128887111,0.44955504449555,0.447905209479052,0.636386361363864,0.837116288371163,0.48010198980102,0.776822317768223,0.768073192680732,0.17028297170283,0.801569843015698
"SNP-84_1",0.1998300169983,0.251874812518748,0.742775722427757,0.552244775522448,0.345665433456654,0.617638236176382,0.487851214878512,0.432506749325067,0.648935106489351,0.513298670132987,0.175132486751325,0.618038196180382,0.618038196180382,0.591040895910409,0.49030096990301,0.543745625437456,0.480951904809519,0.303669633036696,0.276172382761724,0.58044195580442,0.725127487251275,0.592640735926407,0.365463453654635,0.304919508049195,0.545145485451455,0.684231576842316,0.414308569143086,0.458054194580542,0.346515348465153,0.517248275172483,0.376412358764124,0.429457054294571,0.205579442055794,0.553594640535946,0.617188281171883,0.62948705129487,0.181931806819318,0.346815318468153,0.762123787621238,0.858214178582142,0.251674832516748,0.673582641735826,0.416808319168083,0.0549445055494451,0.762973702629737,0.281221877812219,0.588791120887911,0.86011398860114,0.588441155884412,0.221777822217778
"SNP-84_2",0.0969403059694031,0.225527447255274,0.375912408759124,0.028047195280472,0.521147885211479,0.435456454354565,0.180581941805819,0.00904909509049095,0.0292970702929707,0.0827417258274173,0.0542945705429457,0.244475552444756,0.02004799520048,0.0184981501849815,0.274522547745225,0.444355564443556,0.023047695230477,0.107589241075892,0.213078692130787,0.615588441155884,0.104089591040896,0.341015898410159,0.260673932606739,0.186381361863814,0.182631736826317,0.22962703729627,0.453854614538546,0.0862913708629137,0.0891910808919108,0.165733426657334,0.194330566943306,0.849165083491651,0.394510548945106,0.264673532646735,0.363113688631137,0.148485151484852,0.210678932106789,0.275722427757224,0.265573442655734,0.286271372862714,0.355264473552645,0.0159484051594841,0.0401959804019598,0.596590340965903,0.952704729527047,0.0807919208079192,0.378962103789621,0.0734426557344266,0.292020797920208,0.245075492450755
"SNP-85_1",0.27027297270273,0.94030596940306,0.249375062493751,0.600589941005899,0.419458054194581,0.438506149385061,0.960503949605039,0.268123187681232,0.461303869613039,0.146685331466853,0.971902809719028,0.163983601639836,0.164583541645835,0.65998400159984,0.488201179882012,0.75977402259774,0.46975302469753,0.214978502149785,0.450904909509049,0.216378362163784,0.51979802019798,0.765923407659234,0.667783221677832,0.878512148785122,0.631486851314868,0.310668933106689,0.885311468853115,0.172482751724828,0.748175182481752,0.773022697730227,0.0442955704429557,0.3004699530047,0.292870712928707,0.311868813118688,0.81011898810119,0.527497250274973,0.803369663033697,0.681981801819818,0.177182281771823,0.266423357664234,0.94990500949905,0.868613138686131,0.36951304869513,0.404359564043596,0.174282571742826,0.611538846115388,0.851614838516148,0.745675432456754,0.447805219478052,0.595540445955404
"SNP-85_2",0.22022797720228,0.548445155484452,0.642785721427857,0.418258174182582,0.0584441555844416,0.0709429057094291,0.345465453454655,0.573492650734927,0.182231776822318,0.887211278872113,0.827767223277672,0.428957104289571,0.443755624437556,0.249175082491751,0.405709429057094,0.345915408459154,0.527947205279472,0.607689231076892,0.652584741525847,0.376712328767123,0.715728427157284,0.134636536346365,0.216578342165783,0.432406759324068,0.0779422057794221,0.725227477252275,0.35041495850415,0.349465053494651,0.478452154784522,0.521897810218978,0.4999500049995,0.354514548545145,0.223727627237276,0.567043295670433,0.791420857914209,0.512448755124488,0.815718428157184,0.486351364863514,0.567743225677432,0.304969503049695,0.263273672632737,0.106839316068393,0.663733626637336,0.601089891010899,0.303219678032197,0.668783121687831,0.884961503849615,0.713528647135287,0.237926207379262,0.933956604339566
"SNP-86_1",0.40990900909909,0.482601739826017,0.55014498550145,0.294270572942706,0.53984601539846,0.357714228577142,0.474602539746025,0.897860213978602,0.0367963203679632,0.229377062293771,0.0195480451954805,0.33031696830317,0.299270072992701,0.00654934506549345,0.414508549145086,0.248375162483752,0.270822917708229,0.198230176982302,0.377112288771123,0.455254474552545,0.456954304569543,0.737026297370263,0.401009899010099,0.0642435756424358,0.438206179382062,0.106989301069893,0.634136586341366,0.0137986201379862,0.0768923107689231,0.784221577842216,0.273172682731727,0.391010898910109,0.417958204179582,0.0651434856514349,0.552794720527947,0.081041895810419,0.3003699630037,0.810518948105189,0.0129487051294871,0.426307369263074,0.366813318668133,0.0353964603539646,0.70987901209879,0.414058594140586,0.740875912408759,0.704879512048795,0.248475152484752,0.945005499450055,0.386861313868613,0.823717628237176
"SNP-86_2",0.561893810618938,0.312868713128687,0.584591540845915,0.153984601539846,0.593340665933407,0.263973602639736,0.158834116588341,0.0864413558644136,0.551644835516448,0.214378562143786,0.257874212578742,0.521047895210479,0.367763223677632,0.0994900509949005,0.533596640335966,0.0311968803119688,0.180881911808819,0.399260073992601,0.23047695230477,0.166583341665833,0.348315168483152,0.328217178282172,0.41980801919808,0.551894810518948,0.125387461253875,0.28017198280172,0.554394560543946,0.480901909809019,0.505099490050995,0.744125587441256,0.132736726327367,0.0719428057194281,0.644785521447855,0.48990100989901,0.457954204579542,0.382811718828117,0.436006399360064,0.0476952304769523,0.158734126587341,0.616638336166383,0.734876512348765,0.46000399960004,0.225527447255274,0.42050794920508,0.479152084791521,0.168083191680832,0.425057494250575,0.375312468753125,0.24017598240176,0.445855414458554
"SNP-87_1",0.319068093190681,0.407759224077592,0.40985901409859,0.595240475952405,0.309369063093691,0.346815318468153,0.302169783021698,0.343965603439656,0.357164283571643,0.128637136286371,0.171982801719828,0.363363663633637,0.309119088091191,0.273922607739226,0.235476452354765,0.0378462153784622,0.237226277372263,0.376062393760624,0.492500749925007,0.304119588041196,0.295420457954205,0.332666733326667,0.626437356264374,0.107589241075892,0.236026397360264,0.324067593240676,0.183481651834817,0.0921907809219078,0.14968503149685,0.214428557144286,0.411358864113589,0.272422757724228,0.37951204879512,0.267523247675233,0.311868813118688,0.362013798620138,0.462403759624038,0.353914608539146,0.367413258674133,0.656634336566343,0.418008199180082,0.306469353064694,0.193830616938306,0.464103589641036,0.663083691630837,0.591140885911409,0.171632836716328,0.789221077892211,0.0794420557944206,0.251224877512249
"SNP-87_2",0.773672632736726,0.519098090190981,0.383361663833617,0.687931206879312,0.0944905509449055,0.708679132086791,0.634286571342866,0.756174382561744,0.42010798920108,0.308819118088191,0.55984401559844,0.413108689131087,0.648035196480352,0.393160683931607,0.641985801419858,0.429207079292071,0.826567343265673,0.587991200879912,0.588341165883412,0.87961203879612,0.812418758124188,0.784421557844216,0.0453454654534547,0.756374362563744,0.304269573042696,0.739026097390261,0.65033496650335,0.570792920707929,0.711928807119288,0.364713528647135,0.594440555944406,0.535346465353465,0.472452754724528,0.288971102889711,0.802919708029197,0.519398060193981,0.444905509449055,0.753124687531247,0.586191380861914,0.165233476652335,0.450554944505549,0.735626437356264,0.483551644835516,0.770922907709229,0.694380561943806,0.631986801319868,0.424707529247075,0.906609339066093,0.377062293770623,0.959304069593041
"SNP-88_1",0.711128887111289,0.354114588541146,0.471902809719028,0.176282371762824,0.608339166083392,0.824117588241176,0.42970702929707,0.76997300269973,0.121687831216878,0.117638236176382,0.533346665333467,0.485051494850515,0.163033696630337,0.296520347965203,0.69023097690231,0.831216878312169,0.160533946605339,0.273572642735726,0.497700229977002,0.398410158984102,0.129137086291371,0.323517648235176,0.0505949405059494,0.508699130086991,0.41990800919908,0.273022697730227,0.362013798620138,0.617038296170383,0.617538246175382,0.263373662633737,0.0305969403059694,0.262523747625238,0.453904609539046,0.552444755524448,0.478202179782022,0.317918208179182,0.409459054094591,0.632936706329367,0.7003299670033,0.916208379162084,0.569393060693931,0.279072092790721,0.237776222377762,0.657534246575342,0.0630936906309369,0.320817918208179,0.691580841915808,0.433356664333567,0.397610238976102,0.372812718728127
"SNP-88_2",0.249275072492751,0.771322867713229,0.625687431256874,0.535596440355964,0.708679132086791,0.5999400059994,0.673282671732827,0.46970302969703,0.48975102489751,0.0001999800019998,0.476502349765023,0.53044695530447,0.632836716328367,0.391510848915109,0.0001999800019998,0.4003099690031,0.37046295370463,0.678232176782322,0.744425557444256,0.42965703429657,0.482451754824518,0.772522747725227,0.0001999800019998,0.813318668133187,0.587641235876412,0.538096190380962,0.674582541745825,0.666833316668333,0.633336666333367,0.2998700129987,0.372562743725627,0.5998400159984,0.74977502249775,0.355614438556144,0.505299470052995,0.54014598540146,0.713728627137286,0.661683831616838,0.465853414658534,0.235826417358264,0.518648135186481,0.57984201579842,0.795320467953205,0.401409859014099,0.257474252574743,0.572042795720428,0.0634936506349365,0.676582341765823,0.144085591440856,0.462603739626037
"CD46-1",0.702079792020798,0.50989901009899,0.693580641935806,0.581791820817918,0.615188481151885,0.518298170182982,0.497000299970003,0.318068193180682,0.101589841015898,0.0001999800019998,0.555294470552945,0.672382761723828,0.0001999800019998,0.235526447355264,0.0001999800019998,0.311218878112189,0.172732726727327,0.534396560343966,0.24042595740426,0.537296270372963,0.567593240675932,0.252374762523748,0.423907609239076,0.334216578342166,0.649135086491351,0.429107089291071,0.481601839816018,0.443955604439556,0.311318868113189,0.355764423557644,0.615438456154385,0.467803219678032,0.598890110988901,0.853664633536646,0.648285171482852,0.522747725227477,0.484351564843516,0.898860113988601,0.701479852014799,0.378612138786121,0.17953204679532,0.273372662733727,0.289271072892711,0.552044795520448,0.456454354564544,0.25042495750425,0.22002799720028,0.632136786321368,0.525347465253475,0.500999900009999
"CD46-2",0.334966503349665,0.410908909109089,0.27977202279772,0.667133286671333,0.194930506949305,0.243675632436756,0.293020697930207,0.678882111788821,0.467553244675532,0.711028897110289,0.0498450154984502,0.0393960603939606,0.0418958104189581,0.444455554444556,0.405759424057594,0.501499850014999,0.193980601939806,0.00824917508249175,0.678682131786821,0.518348165183482,0.502549745025497,0.575742425757424,0.0893910608939106,0.0892910708929107,0.0497450254974503,0.485751424857514,0.439256074392561,0.553994600539946,0.308769123087691,0.281871812818718,0.234626537346265,0.750774922507749,0.566293370662934,0.719128087191281,0.626687331266873,0.197630236976302,0.0681431856814319,0.775772422757724,0.133136686331367,0.13008699130087,0.266073392660734,0.77977202279772,0.253174682531747,0.0126487351264874,0.976602339766023,0.160633936606339,0.894160583941606,0.871362863713629,0.171482851714829,0.123737626237376
"CD52-1",0.958304169583042,0.661233876612339,0.618588141185881,0.665783421657834,0.293270672932707,0.699480051994801,0.438956104389561,0.632836716328367,0.819168083191681,0.488151184881512,0.632136786321368,0.674232576742326,0.40965903409659,0.823767623237676,0.400909909009099,0.625637436256374,0.426807319268073,0.521347865213479,0.860713928607139,0.439356064393561,0.486751324867513,0.64948505149485,0.908309169083092,0.634036596340366,0.602239776022398,0.825017498250175,0.596890310968903,0.621887811218878,0.521347865213479,0.875612438756124,0.291970802919708,0.651484851514848,0.304069593040696,0.761323867613239,0.701429857014299,0.847715228477152,0.623137686231377,0.535646435356464,0.755874412558744,0.965103489651035,0.584041595840416,0.837266273372663,0.684331566843316,0.862113788621138,0.0402459754024598,0.777122287771223,0.114838516148385,0.612088791120888,0.451304869513049,0.46020397960204
"CD52-2",0.353614638536146,0.512198780121988,0.0775422457754225,0.0001999800019998,0.052044795520448,0.0001999800019998,0.398910108989101,0.175632436756324,0.004999500049995,0.529197080291971,0.00014998500149985,0.0288971102889711,0.00024997500249975,0.119488051194881,0.500099990001,0.0636436356364364,0.0001999800019998,0.00074992500749925,0.207179282071793,0.0001999800019998,0.26017398260174,0.0001999800019998,0.0650934906509349,0.00074992500749925,0.00834916508349165,0.598390160983902,0.00024997500249975,0.227027297270273,0.00014998500149985,0.196030396960304,0.845565443455654,0.0896910308969103,0.00024997500249975,0.35961403859614,0.522047795220478,0.321617838216178,0.00454954504549545,0.107389261073893,0.384811518848115,0.0001999800019998,0.0001999800019998,0.0001999800019998,0.121237876212379,0.392760723927607,0.852414758524148,0.0589441055894411,0.696480351964804,0.0894910508949105,0.654934506549345,0.271422857714229
"HSPA8-1",0.386061393860614,0.00014998500149985,0.147485251474853,0.0996900309969003,0.0379462053794621,0.064993500649935,0.102939706029397,0.0874412558744126,0.152784721527847,0.297920207979202,0.186681331866813,0.0499450054994501,0.144235576442356,0.17003299670033,0.0002999700029997,0.103589641035896,0.0522947705229477,0.0001999800019998,0.338316168383162,0.344815518448155,0.19013098690131,0.0001999800019998,0.00024997500249975,0.203279672032797,0.16988301169883,0.511598840115988,0.151434856514349,0.081041895810419,0.296070392960704,0.611388861113889,0.551644835516448,0.052044795520448,0.26977302269773,0.252524747525247,0.244575542445755,0.421957804219578,0.0998400159984002,0.188831116888311,0.164933506649335,0.00024997500249975,0.0157984201579842,0.0222977702229777,0.350964903509649,0.28037196280372,0.26952304769523,0.318068193180682,0.593240675932407,0.0281471852814719,0.864213578642136,0.708129187081292
"HSPA8-2",0.154834516548345,0.641785821417858,0.0617938206179382,0.22027797220278,0.597990200979902,0.169033096690331,0.147885211478852,0.182281771822818,0.613238676132387,0.294320567943206,0.0645935406459354,0.0697930206979302,0.198730126987301,0.127137286271373,0.24047595240476,0.725027497250275,0.0478952104789521,0.603139686031397,0.150834916508349,0.681031896810319,0.216578342165783,0.1997800219978,0.0815418458154185,0.244725527447255,0.31966803319668,0.297270272972703,0.58039196080392,0.0955404459554045,0.0736926307369263,0.793120687931207,0.103839616038396,0.126987301269873,0.325317468253175,0.624637536246375,0.0902409759024098,0.284871512848715,0.138986101389861,0.11998800119988,0.471052894710529,0.17043295670433,0.133786621337866,0.37966203379662,0.755624437556244,0.400659934006599,0.407059294070593,0.131986801319868,0.767873212678732,0.68978102189781,0.336966303369663,0.543595640435956
"NMU-1",0.128837116288371,0.215378462153785,0.134986501349865,0.178832116788321,0.208579142085791,0.161133886611339,0.293570642935706,0.0365963403659634,0.0744425557444256,0.021997800219978,0.190880911908809,0.0360963903609639,0.115038496150385,0.152884711528847,0.0440955904409559,0.432006799320068,0.0305969403059694,0.0001999800019998,0.255174482551745,0.203729627037296,0.265323467653235,0.00024997500249975,0.465003499650035,0.0001999800019998,0.751024897510249,0.286221377862214,0.108389161083892,0.131636836316368,0.157284271572843,0.111838816118388,0.19018098190181,0.234676532346765,0.336416358364164,0.241425857414259,0.151084891510849,0.313618638136186,0.326417358264174,0.249275072492751,0.182181781821818,0.0307469253074693,0.232076792320768,0.0602939706029397,0.0838916108389161,0.148935106489351,0.177932206779322,0.314518548145185,0.763923607639236,0.897260273972603,0.040995900409959,0.0412458754124588
"NMU-2",0.563143685631437,0.10958904109589,0.155534446555344,0.193730626937306,0.351564843515648,0.34016598340166,0.0557444255574443,0.0291970802919708,0.374862513748625,0.0417958204179582,0.0467953204679532,0.0921907809219078,0.19018098190181,0.0298470152984702,0.311218878112189,0.0194480551944806,0.178382161783822,0.186681331866813,0.193480651934807,0.167883211678832,0.305819418058194,0.128037196280372,0.0676932306769323,0.085991400859914,0.0513448655134487,0.491600839916008,0.157934206579342,0.0938406159384062,0.338316168383162,0.567143285671433,0.68978102189781,0.576192380761924,0.278872112788721,0.15008499150085,0.0497950204979502,0.13958604139586,0.152984701529847,0.0435456454354565,0.0637436256374363,0.00999900009999,0.0857414258574143,0.0344465553444656,0.61003899610039,0.0570942905709429,0.107889211078892,0.58974102589741,0.0681431856814319,0.661983801619838,0.133036696330367,0.362013798620138
"PPIA-1",0.138236176382362,0.128437156284372,0.110538946105389,0.0947905209479052,0.17953204679532,0.0643435656434357,0.038046195380462,0.192130786921308,0.246175382461754,0.0231476852314769,0.294270572942706,0.0247975202479752,0.337316268373163,0.398910108989101,0.190630936906309,0.121687831216878,0.0001999800019998,0.12038796120388,0.338866113388661,0.205129487051295,0.585691430856914,0.659384061593841,0.638686131386861,0.457154284571543,0.0995400459954005,0.103839616038396,0.0001999800019998,0.0728927107289271,0.0153984601539846,0.298770122987701,0.211678832116788,0.404759524047595,0.703279672032797,0.0537946205379462,0.506899310068993,0.0002999700029997,0.582141785821418,0.235826417358264,0.0612438756124388,0.210778922107789,0.721327867213279,0.0001999800019998,0.245875412458754,0.00604939506049395,0.355614438556144,0.119088091190881,0.197680231976802,0.537096290370963,0.426907309269073,0.281371862813719
"PPIA-2",0.600689931006899,0.550694930506949,0.346915308469153,0.0001999800019998,0.583041695830417,0.561293870612939,0.285571442855714,0.442205779422058,0.156484351564844,0.158384161583842,0.665233476652335,0.141635836416358,0.145035496450355,0.11978802119788,0.578192180781922,0.429107089291071,0.25027497250275,0.482651734826517,0.0001999800019998,0.332966703329667,0.496750324967503,0.349465053494651,0.257824217578242,0.252624737526247,0.31011898810119,0.0880911908809119,0.637286271372863,0.32981701829817,0.259074092590741,0.517048295170483,0.113938606139386,0.153984601539846,0.825617438256174,0.313418658134187,0.219178082191781,0.375962403759624,0.0887411258874113,0.0215978402159784,0.31951804819518,0.186481351864814,0.421657834216578,0.0862413758624138,0.334166583341666,0.224127587241276,0.0088991100889911,0.551294870512949,0.480501949805019,0.477802219778022,0.0032996700329967,0.298020197980202
"RPL22-1",0.551694830516948,0.317718228177182,0.150834916508349,0.00484951504849515,0.707329267073293,0.122187781221878,0.0438956104389561,0.206279372062794,0.129237076292371,0.185331466853315,0.221327867213279,0.0058994100589941,0.161283871612839,0.568743125687431,0.205079492050795,0.516498350164983,0.489301069893011,0.333216678332167,0.0001999800019998,0.017998200179982,0.46025397460254,0.352864713528647,0.00024997500249975,0.0204479552044796,0.448305169483052,0.35041495850415,0.112988701129887,0.188081191880812,0.311518848115188,0.45985401459854,0.134036596340366,0.368663133686631,0.264323567643236,0.0102489751024898,0.235426457354265,0.0538946105389461,0.0245475452454755,0.126887311268873,0.0540945905409459,0.405759424057594,0.0445455454454555,0.0873412658734127,0.460653934606539,0.807169283071693,0.103589641035896,0.0164483551644836,0.261173882611739,0.583641635836416,0.079042095790421,0.232026797320268
"RPL22-2",0.443455654434557,0.491950804919508,0.663083691630837,0.535646435356464,0.538696130386961,0.516748325167483,0.77042295770423,0.152634736526347,0.500599940005999,0.926507349265073,0.727927207279272,0.506199380061994,0.303169683031697,0.547545245475452,0.775722427757224,0.545395460453955,0.484701529847015,0.567243275672433,0.564343565643436,0.623087691230877,0.647835216478352,0.535546445355464,0.264173582641736,0.857814218578142,0.550544945505449,0.73017698230177,0.661633836616338,0.798520147985201,0.508349165083492,0.749475052494751,0.476802319768023,0.825567443255674,0.808219178082192,0.388461153884612,0.91970802919708,0.595690430956904,0.899210078992101,0.416458354164584,0.733476652334767,0.214028597140286,0.573342665733427,0.817518248175182,0.477052294770523,0.669033096690331,0.275272472752725,0.742375762423758,0.909409059094091,0.567443255674433,0.722827717228277,0.416508349165084
"NTC-1",0.0469453054694531,0.0565943405659434,0.315618438156184,0.3000199980002,0.0281971802819718,0.36006399360064,0.404659534046595,0.346065393460654,0.761223877612239,0.223327667233277,0.363963603639636,0.295370462953705,0.482701729827017,0.282021797820218,0.121837816218378,0.475302469753025,0.464903509649035,0.0465453454654535,0.070992900709929,0.49005099490051,0.482801719828017,0.194780521947805,0.323917608239176,0.251424857514249,0.545645435456454,0.441005899410059,0.422957704229577,0.252774722527747,0.183681631836816,0.48045195480452,0.456954304569543,0.145435456454355,0.438706129387061,0.276122387761224,0.318368163183682,0.588941105889411,0.487201279872013,0.451504849515048,0.052994700529947,0.312268773122688,0.0165983401659834,0.125187481251875,0.429007099290071,0.117438256174383,0.317918208179182,0.651634836516348,0.1996800319968,0.839466053394661,0.0208479152084792,0.68013198680132
"NTC-2",0.127087291270873,0.243975602439756,0.194730526947305,0.185281471852815,0.118588141185881,0.142835716428357,0.812868713128687,0.61988801119888,0.19023097690231,0.402909709029097,0.591690830916908,0.22037796220378,0.230876912308769,0.285321467853215,0.105539446055394,0.39016098390161,0.240825917408259,0.278372162783722,0.495500449955004,0.474352564743526,0.561643835616438,0.062993700629937,0.603489651034896,0.176432356764324,0.100789921007899,0.128587141285871,0.452354764523548,0.0914908509149085,0.327067293270673,0.12048795120488,0.464153584641536,0.417108289171083,0.311768823117688,0.541795820417958,0.0794920507949205,0.0784921507849215,0.26987301269873,0.38981101889811,0.342465753424658,0.105889411058894,0.260873912608739,0.111588841115888,0.664883511648835,0.392810718928107,0.713528647135287,0.785371462853715,0.47985201479852,0.91040895910409,0.216128387161284,0.608839116088391
"NTC-4",0.604289571042896,0.532946705329467,0.150884911508849,0.505499450054995,0.121837816218378,0.130886911308869,0.736726327367263,0.562443755624438,0.493700629937006,0.406859314068593,0.134636536346365,0.452804719528047,0.170782921707829,0.0764923507649235,0.0493950604939506,0.135236476352365,0.497250274972503,0.321567843215678,0.317718228177182,0.348915108489151,0.454054594540546,0.462753724627537,0.608189181081892,0.121887811218878,0.842365763423658,0.896960303969603,0.668633136686331,0.0947905209479052,0.292370762923708,0.6003899610039,0.808569143085691,0.0636936306369363,0.406359364063594,0.858764123587641,0.52964703529647,0.511748825117488,0.574742525747425,0.556144385561444,0.0746925307469253,0.0091990800919908,0.558894110588941,0.677432256774323,0.210678932106789,0.380561943805619,0.976902309769023,0.626137386261374,0.0554944505549445,0.5995400459954,0.81981801819818,0.731926807319268
"NTC-5",0.0937406259374063,0.36046395360464,0.463003699630037,0.719278072192781,0.402459754024598,0.0906909309069093,0.436856314368563,0.101039896010399,0.0755924407559244,0.700629937006299,0.464553544645535,0.265123487651235,0.653084691530847,0.0344465553444656,0.0980901909809019,0.34036596340366,0.144435556444356,0.368063193680632,0.581341865813419,0.214878512148785,0.241975802419758,0.658684131586841,0.317818218178182,0.162433756624338,0.0684931506849315,0.680981901809819,0.656734326567343,0.325717428257174,0.594940505949405,0.122837716228377,0.518748125187481,0.69018098190181,0.325667433256674,0.644035596440356,0.623987601239876,0.723627637236276,0.0105489451054895,0.588441155884412,0.579142085791421,0.214828517148285,0.65988401159884,0.145035496450355,0.0433956604339566,0.535646435356464,0.903259674032597,0.174082591740826,0.495300469953005,0.715528447155285,0.442705729427057,0.277422257774223
"NTC-6",0.734376562343766,0.597440255974403,0.515898410158984,0.507499250074993,0.527747225277472,0.288871112888711,0.580991900809919,0.458904109589041,0.168483151684832,0.397710228977102,0.467903209679032,0.578242175782422,0.451804819518048,0.633636636336366,0.341015898410159,0.182031796820318,0.412908709129087,0.403609639036096,0.741925807419258,0.634536546345365,0.225477452254775,0.124687531246875,0.317218278172183,0.764723527647235,0.446955304469553,0.855964403559644,0.337666233376662,0.640885911408859,0.472652734726527,0.54984501549845,0.193980601939806,0.626887311268873,0.576692330766923,0.455554444555544,0.462053794620538,0.310568943105689,0.241825817418258,0.386061393860614,0.523997600239976,0.348765123487651,0.404459554044596,0.533096690330967,0.419008099190081,0.595290470952905,0.931406859314069,0.282921707829217,0.12043795620438,0.969003099690031,0.301369863013699,0.334766523347665
"NTC-7",0.302219778022198,0.267523247675233,0.259024097590241,0.431856814318568,0.39036096390361,0.208679132086791,0.227177282271773,0.573342665733427,0.418858114188581,0.176282371762824,0.271422857714229,0.188931106889311,0.36041395860414,0.0843915608439156,0.583941605839416,0.65993400659934,0.336666333366663,0.246825317468253,0.331216878312169,0.527297270272973,0.478202179782022,0.127637236276372,0.714128587141286,0.578342165783422,0.456704329567043,0.416658334166583,0.203779622037796,0.463303669633037,0.106489351064894,0.552744725527447,0.300519948005199,0.20972902709729,0.773022697730227,0.142435756424358,0.574142585741426,0.181881811818818,0.517398260173983,0.582741725827417,0.184481551844816,0.0301469853014699,0.406759324067593,0.175682431756824,0.0426457354264574,0.181731826817318,0.246075392460754,0.20967903209679,0.604639536046395,0.886511348865114,0.0631436856314369,0.195680431956804
"NTC-8",0.142685731426857,0.0665933406659334,0.631836816318368,0.281171882811719,0.362563743625637,0.420707929207079,0.496650334966503,0.0753924607539246,0.366863313668633,0.101239876012399,0.0745425457454255,0.103339666033397,0.229377062293771,0.101839816018398,0.184931506849315,0.398610138986101,0.494550544945505,0.0683931606839316,0.216928307169283,0.347715228477152,0.0681931806819318,0.055044495550445,0.153734626537346,0.205129487051295,0.118238176182382,0.510748925107489,0.0494450554944506,0.0657934206579342,0.0266973302669733,0.130786921307869,0.153984601539846,0.367413258674133,0.533946605339466,0.0251474852514749,0.273372662733727,0.0357464253574643,0.0302469753024698,0.0389461053894611,0.0137986201379862,0.0136986301369863,0.49030096990301,0.0146985301469853,0.18038196180382,0.089041095890411,0.798120187981202,0.0156484351564844,0.513648635136486,0.506199380061994,0.644635536446355,0.128637136286371
"NTC-9",0.235326467353265,0.116138386161384,0.151634836516348,0.124337566243376,0.450854914508549,0.116188381161884,0.110588941105889,0.025997400259974,0.101739826017398,0.245825417458254,0.222977702229777,0.0589441055894411,0.377162283771623,0.236376362363764,0.224127587241276,0.122187781221878,0.162983701629837,0.274722527747225,0.346315368463154,0.457754224577542,0.0762923707629237,0.0981901809819018,0.141635836416358,0.135336466353365,0.185081491850815,0.104189581041896,0.111138886111389,0.0594940505949405,0.300519948005199,0.413708629137086,0.0840915908409159,0.23032696730327,0.051994800519948,0.0035996400359964,0.25972402759724,0.0023997600239976,0.587841215878412,0.621587841215878,0.314968503149685,0.927507249275072,0.396260373962604,0.0097990200979902,0.0691930806919308,0.611638836116388,0.508049195080492,0.0726927307269273,0.756274372562744,0.920757924207579,0.482501749825017,0.046995300469953
"NTC-10",0.288671132886711,0.334916508349165,0.225027497250275,0.343015698430157,0.654034596540346,0.277122287771223,0.262823717628237,0.300569943005699,0.650884911508849,0.167183281671833,0.699430056994301,0.51014898510149,0.189431056894311,0.345965403459654,0.336666333366663,0.348065193480652,0.680831916808319,0.372862713728627,0.381611838816118,0.551494850514949,0.603039696030397,0.463653634636536,0.562443755624438,0.389411058894111,0.82991700829917,0.299020097990201,0.776472352764723,0.628137186281372,0.636536346365363,0.0854914508549145,0.448155184481552,0.587041295870413,0.654434556544346,0.42995700429957,0.463753624637536,0.495550444955504,0.757474252574743,0.251724827517248,0.123087691230877,0.0556444355564444,0.384011598840116,0.568893110688931,0.325517448255174,0.0363963603639636,0.770672932706729,0.363763623637636,0.0978902109789021,0.620937906209379,0.502899710028997,0.538896110388961
"NTC-11",0.145285471452855,0.268473152684732,0.39016098390161,0.145035496450355,0.50994900509949,0.0609439056094391,0.295220477952205,0.121537846215378,0.302619738026197,0.208279172082792,0.757374262573743,0.194980501949805,0.088041195880412,0.205429457054295,0.0978402159784022,0.198680131986801,0.15953404659534,0.205279472052795,0.313018698130187,0.295170482951705,0.0961403859614039,0.0312968703129687,0.667683231676832,0.254924507549245,0.523247675232477,0.0280971902809719,0.245525447455254,0.185581441855814,0.167883211678832,0.20982901709829,0.55024497550245,0.0446455354464554,0.439056094390561,0.12963703629637,0.0595440455954405,0.261723827617238,0.133086691330867,0.451504849515048,0.223227677232277,0.701779822017798,0.505399460053995,0.112788721127887,0.589041095890411,0.166083391660834,0.670732926707329,0.267573242675732,0.493650634936506,0.616138386161384,0.223277672232777,0.266973302669733
"CD55-1",0.213378662133787,0.0888411158884112,0.152784721527847,0.265923407659234,0.0172482751724828,0.102289771022898,0.0928407159284072,0.0499450054994501,0.163033696630337,0.0786921307869213,0.193130686931307,0.0337466253374663,0.0257974202579742,0.111038896110389,0.232226777322268,0.0631436856314369,0.495550444955504,0.0863913608639136,0.10978902109789,0.0393460653934607,0.0403959604039596,0.295120487951205,0.0876912308769123,0.0241975802419758,0.0001999800019998,0.22012798720128,0.124987501249875,0.154534546545345,0.055044495550445,0.403959604039596,0.0383461653834617,0.167833216678332,0.0926407359264074,0.262873712628737,0.0549445055494451,0.178282171782822,0.150584941505849,0.103189681031897,0.00014998500149985,0.0102489751024898,0.0204979502049795,0.0503449655034497,0.481601839816018,0.535596440355964,0.0458454154584542,0.132436756324368,0.541045895410459,0.845115488451155,0.0793920607939206,0.023997600239976
"CD55-2",0.326667333266673,0.122337766223378,0.100589941005899,0.10963903609639,0.189481051894811,0.110738926107389,0.426207379262074,0.0823417658234177,0.0321467853214679,0.22047795220478,0.0997900209979002,0.126787321267873,0.407959204079592,0.13048695130487,0.0595940405959404,0.0763923607639236,0.153434656534347,0.0001999800019998,0.22982701729827,0.0978402159784022,0.164783521647835,0.0764923507649235,0.15018498150185,0.041995800419958,0.0001999800019998,0.496500349965003,0.723577642235776,0.058994100589941,0.0343465653434657,0.401209879012099,0.0808419158084192,0.0092990700929907,0.0685431456854315,0.838816118388161,0.464753524647535,0.262523747625238,0.123387661233877,0.376312368763124,0.0854914508549145,0.0305969403059694,0.0498950104989501,0.0050994900509949,0.511298870112989,0.767023297670233,0.662833716628337,0.0307969203079692,0.394960503949605,0.0102489751024898,0.224877512248775,0.572742725727427
"CD55-3",0.206029397060294,0.243975602439756,0.00024997500249975,0.070992900709929,0.239326067393261,0.517748225177482,0.513298670132987,0.00034996500349965,0.575592440755924,0.0864913508649135,0.0057994200579942,0.0764923507649235,0.268023197680232,0.11973802619738,0.0002999700029997,0.359314068593141,0.363863613638636,0.283621637836216,0.311618838116188,0.0931906809319068,0.0002999700029997,0.159384061593841,0.155534446555344,0.533246675332467,0.00024997500249975,0.212378762123788,0.372062793720628,0.0891410858914109,0.188481151884812,0.568743125687431,0.144085591440856,0.101289871012899,0.305169483051695,0.14043595640436,0.481101889811019,0.190830916908309,0.281621837816218,0.0015998400159984,0.121437856214379,0.781271872812719,0.217128287171283,0.321567843215678,0.224027597240276,0.158884111588841,0.187581241875812,0.083041695830417,0.2997200279972,0.788821117888211,0.0537446255374463,0.917358264173583
"CD55-4",0.322467753224678,0.235276472352765,0.169133086691331,0.303719628037196,0.0354964503549645,0.24952504749525,0.0091990800919908,0.436256374362564,0.141385861413859,0.0291970802919708,0.606339366063394,0.178382161783822,0.261573842615738,0.0211978802119788,0.0246975302469753,0.616638336166383,0.135836416358364,0.193480651934807,0.582091790820918,0.553944605539446,0.028997100289971,0.548595140485951,0.0621437856214379,0.622387761223878,0.406209379062094,0.0346965303469653,0.462153784621538,0.325517448255174,0.0138986101389861,0.315818418158184,0.0213978602139786,0.445955404459554,0.131936806319368,0.0998400159984002,0.263523647635237,0.12033796620338,0.38026197380262,0.285371462853715,0.312518748125187,0.356714328567143,0.0807919208079192,0.23967603239676,0.181431856814319,0.221677832216778,0.653884611538846,0.133236676332367,0.358064193580642,0.9000099990001,0.0070992900709929,0.481101889811019
"CD55-5",0.296070392960704,0.285221477852215,0.465803419658034,0.00014998500149985,0.573192680731927,0.583141685831417,0.247125287471253,0.0014998500149985,0.27992200779922,0.552644735526447,0.382461753824618,0.254824517548245,0.00064993500649935,0.0817418258174183,0.181431856814319,0.208629137086291,0.116988301169883,0.166983301669833,0.130586941305869,0.0495950404959504,0.288621137886211,0.421557844215578,0.316468353164684,0.072042795720428,0.0001999800019998,0.378012198780122,0.185881411858814,0.185281471852815,0.672032796720328,0.477602239776022,0.463403659634037,0.100889911008899,0.552594740525947,0.0344465553444656,0.103689631036896,0.0827417258274173,0.101689831016898,0.336716328367163,0.137436256374363,0.0893910608939106,0.306019398060194,0.126337366263374,0.512698730126987,0.114388561143886,0.0502949705029497,0.229127087291271,0.100639936006399,0.44005599440056,0.308519148085191,0.324667533246675
"CD55-6",0.00664933506649335,0.486851314868513,0.0008999100089991,0.0001999800019998,0.083041695830417,0.0991400859914009,0.623687631236876,0.858864113588641,0.0998900109989001,0.0813918608139186,0.00014998500149985,0.0003999600039996,0.0007999200079992,0.86001399860014,0.186231376862314,0.0005999400059994,0.00014998500149985,0.222227777222278,0.177832216778322,0.180531946805319,0.0686431356864314,0.0711928807119288,0.151684831516848,0.178482151784822,0.0001999800019998,0.102339766023398,0.506099390060994,0.0134486551344866,0.0718428157184282,0.541395860413959,0.0800919908009199,0.224427557244276,0.0285471452854715,0.13998600139986,0.0375962403759624,0.178332166783322,0.717978202179782,0.424657534246575,0.0416958304169583,0.0630436956304369,0.105589441055894,0.00024997500249975,0.0081991800819918,0.538296170382962,0.379012098790121,0.0481951804819518,0.0030996900309969,0.984101589841016,0.0145985401459854,0.498350164983502
"CD55-7",0.111288871112889,0.0195480451954805,0.0218978102189781,0.0396960303969603,0.0925907409259074,0.0756924307569243,0.175482451754825,0.0258474152584742,0.0889411058894111,0.0134486551344866,0.0534446555344466,0.0112988701129887,0.0259474052594741,0.263373662633737,0.0149485051494851,0.0277472252774723,0.00084991500849915,0.0944905509449055,0.0927907209279072,0.0764923507649235,0.020997900209979,0.0871912808719128,0.026997300269973,0.0008999100089991,0.00634936506349365,0.163883611638836,0.0444455554444556,0.001999800019998,0.0124987501249875,0.0976902309769023,0.0117988201179882,0.0635936406359364,0.0838416158384162,0.102239776022398,0.015048495150485,0.0255474452554745,0.00244975502449755,0.183581641835816,0.124237576242376,0.47040295970403,0.0112488751124888,0.0868413158684132,0.0286471352864714,0.0442955704429557,0.639336066393361,0.024997500249975,0.0206979302069793,0.0423457654234577,0.00114988501149885,0.158784121587841
"CD55-8",0.389061093890611,0.604089591040896,0.49005099490051,0.697130286971303,0.448755124487551,0.309269073092691,0.181181881811819,0.442605739426057,0.165933406659334,0.478002199780022,0.57014298570143,0.423407659234077,0.444155584441556,0.494900509949005,0.442805719428057,0.593340665933407,0.70962903709629,0.466903309669033,0.00664933506649335,0.0354464553544646,0.154784521547845,0.703029697030297,0.683781621837816,0.346465353464654,0.00954904509549045,0.826717328267173,0.548645135486451,0.547195280471953,0.541845815418458,0.794070592940706,0.411858814118588,0.713928607139286,0.404259574042596,0.200579942005799,0.0910908909109089,0.247725227477252,0.57994200579942,0.303519648035196,0.258274172582742,0.834916508349165,0.644035596440356,0.523897610238976,0.732176782321768,0.411058894110589,0.923207679232077,0.755524447555245,0.479202079792021,0.0856914308569143,0.088041195880412,0.581591840815918
"CD55-9",0.0909409059094091,0.0007999200079992,0.0004999500049995,0.781121887811219,0.0155484451554845,0.554944505549445,0.342365763423658,0.554044595540446,0.0552444755524448,0.81981801819818,0.0435456454354565,0.00574942505749425,0.367213278672133,0.15978402159784,0.192630736926307,0.484651534846515,0.0917408259174083,0.697280271972803,0.112738726127387,0.215828417158284,0.140935906409359,0.415358464153585,0.396010398960104,0.727727227277272,0.486501349865013,0.0010998900109989,0.265723427657234,0.478102189781022,0.682231776822318,0.0004999500049995,0.801719828017198,0.588891110888911,0.704029597040296,0.473802619738026,0.00314968503149685,0.628437156284372,0.422457754224578,0.531896810318968,0.338166183381662,0.755674432556744,0.570792920707929,0.43975602439756,0.31981801819818,0.429007099290071,0.743475652434757,0.592540745925408,0.671182881711829,0.863013698630137,0.351914808519148,0.358264173582642
"CD55-10",1,1,1,1,1,1,1,1,1,1,1,1,1,1,1,1,1,1,1,1,1,1,1,1,1,1,1,1,1,1,1,1,1,1,1,1,1,1,1,1,1,1,1,1,1,1,1,1,1,1
